Workbook
Name AJUSTE_MANUAL_VTA: MEMORIA_RESULTADOS!$B$24
Name AJUSTES_DEVIDOS: RESULTADOS!$B$84
Name AUDITORIA_ABERTURA_STATUS: RESULTADOS!$H$11
Name AUDITORIA_COMPARATIVO_INTEGRAL: comparativo_VTA!$B$208
Name AUDITORIA_CONFERENCIA_STATUS: MEMORIA_RESULTADOS!$W$52
Name AUDITORIA_DIFERENCA_REFERENCIAS: MEMORIA_RESULTADOS!$W$51
Name AUDITORIA_SITUACAO_ATUAL_CONTRATO: MEMORIA_RESULTADOS!$W$50
Name AUDITORIA_SITUACAO_ATUAL_STATUS: RESULTADOS!$H$10
Name AUDITORIA_ULTIMA_REFERENCIA_ABERTURA: MEMORIA_RESULTADOS!$W$48
Name CICLO_EM_EXECUCAO_LAYOUT_VERSION: CICLO_EM_EXECUCAO!$H$2
Name CONFERENCIA_FORMACAO_VTA: RESULTADOS!$B$87
Name EXECUCAO_ATUALIZADA_CICLO: RESULTADOS!$B$36
Name EXECUTADO_APURADO: RESULTADOS!$B$83
Name JUSTIFICATIVA_RETRO: MEMORIA_RESULTADOS!$D$5
Name METODO_RETROATIVO: MEMORIA_RESULTADOS!$B$4
Name OPCOES_APLICAR_MANUAL: RESULTADOS!$J$2:$J$3
Name OPCOES_SIM_NAO: parametros!$T$2:$T$3
Name OPCOES_SIM_NAO_NA: parametros!$T$2:$T$4
Name PC_TOTAL_ATE_CORTE: MEMORIA_RESULTADOS!$T$34
Name PC_TOTAL_CADASTRADO: MEMORIA_RESULTADOS!$T$33
Name PC_TOTAL_COM_EFEITO: MEMORIA_RESULTADOS!$T$36
Name PC_TOTAL_SEM_EFEITO: MEMORIA_RESULTADOS!$T$37
Name QTD_REM_OFICIAL: MEMORIA_RESULTADOS!$B$35
Name REM_ATUALIZADO_OFICIAL: MEMORIA_RESULTADOS!$D$35
Name REM_BASE_OFICIAL: MEMORIA_RESULTADOS!$C$35
Name RETRO_FIN: MEMORIA_RESULTADOS!$B$15
Name RETRO_ITENS: MEMORIA_RESULTADOS!$D$15
Name RETRO_OFICIAL: MEMORIA_RESULTADOS!$B$16
Name RETRO_PC: MEMORIA_RESULTADOS!$C$15
Name RETROATIVO_POTENCIAL_APURADO: MEMORIA_RESULTADOS!$T$41
Name RETROATIVO_POTENCIAL_NEGATIVO: MEMORIA_RESULTADOS!$T$47
Name RETROATIVO_POTENCIAL_PC: MEMORIA_RESULTADOS!$T$38
Name RETROATIVO_POTENCIAL_VTA: MEMORIA_RESULTADOS!$T$39
Name SALDO_REMANESCENTE_ATUAL: RESULTADOS!$B$38
Name STATUS_RESULTADOS: RESULTADOS!$B$3
Name TOLERANCIA_DIVERGENCIA: MEMORIA_RESULTADOS!$D$4
Name VALOR_MANUAL_RETRO: MEMORIA_RESULTADOS!$B$5
Name VTA_ATUALIZACAO_CHEIA: RESULTADOS!$B$12
Name VTA_CALCULADO: MEMORIA_RESULTADOS!$B$23
Name VTA_FINAL: MEMORIA_RESULTADOS!$B$26
Name VTA_MANUAL_OFICIAL: MEMORIA_RESULTADOS!$B$25
Name VTA_SEM_POTENCIAL: MEMORIA_RESULTADOS!$T$40

Sheet comparativo_VTA
A1: comparativo_VTA - REFERENCIA (nao aparece na web; nao e VTA de pagamento)
A2: BLOCO 1 - EVOLUCAO DO REMANESCENTE A PRECOS ORIGINAIS (sem reajuste)
A3: ITEM | B3: VU_ORIGINAL | C3: C0 | D3: C1 | E3: C2 | F3: C3 | G3: C4
A4: =IF(posicao_contratual!A2="","",posicao_contratual!A2) -> ITEM-001 | B4: =IF(posicao_contratual!A2="","",posicao_contratual!B2) -> 250 | C4: =IF(OR(posicao_contratual!A2="",NOT(ISNUMBER(posicao_contratual!B2)),NOT(ISNUMBER(posicao_contratual!G2))),"",ROUND(posicao_contratual!B2*posicao_contratual!G2,2)) -> 30000 | D4: =IF(OR(posicao_contratual!A2="",NOT(ISNUMBER(posicao_contratual!B2)),NOT(ISNUMBER(posicao_contratual!K2))),"",ROUND(posicao_contratual!B2*posicao_contratual!K2,2)) -> 30000 | E4: =IF(OR(posicao_contratual!A2="",NOT(ISNUMBER(posicao_contratual!B2)),NOT(ISNUMBER(posicao_contratual!O2))),"",ROUND(posicao_contratual!B2*posicao_contratual!O2,2)) -> 30000 | F4: =IF(OR(posicao_contratual!A2="",NOT(ISNUMBER(posicao_contratual!B2)),NOT(ISNUMBER(posicao_contratual!S2))),"",ROUND(posicao_contratual!B2*posicao_contratual!S2,2)) -> 30000 | G4: =IF(OR(posicao_contratual!A2="",NOT(ISNUMBER(posicao_contratual!B2)),NOT(ISNUMBER(posicao_contratual!W2))),"",ROUND(posicao_contratual!B2*posicao_contratual!W2,2)) -> 30000
A5: =IF(posicao_contratual!A3="","",posicao_contratual!A3) -> ITEM-002 | B5: =IF(posicao_contratual!A3="","",posicao_contratual!B3) -> 1500 | C5: =IF(OR(posicao_contratual!A3="",NOT(ISNUMBER(posicao_contratual!B3)),NOT(ISNUMBER(posicao_contratual!G3))),"",ROUND(posicao_contratual!B3*posicao_contratual!G3,2)) -> 120000 | D5: =IF(OR(posicao_contratual!A3="",NOT(ISNUMBER(posicao_contratual!B3)),NOT(ISNUMBER(posicao_contratual!K3))),"",ROUND(posicao_contratual!B3*posicao_contratual!K3,2)) -> 120000 | E5: =IF(OR(posicao_contratual!A3="",NOT(ISNUMBER(posicao_contratual!B3)),NOT(ISNUMBER(posicao_contratual!O3))),"",ROUND(posicao_contratual!B3*posicao_contratual!O3,2)) -> 120000 | F5: =IF(OR(posicao_contratual!A3="",NOT(ISNUMBER(posicao_contratual!B3)),NOT(ISNUMBER(posicao_contratual!S3))),"",ROUND(posicao_contratual!B3*posicao_contratual!S3,2)) -> 120000 | G5: =IF(OR(posicao_contratual!A3="",NOT(ISNUMBER(posicao_contratual!B3)),NOT(ISNUMBER(posicao_contratual!W3))),"",ROUND(posicao_contratual!B3*posicao_contratual!W3,2)) -> 120000
A6: =IF(posicao_contratual!A4="","",posicao_contratual!A4) -> ITEM-003 | B6: =IF(posicao_contratual!A4="","",posicao_contratual!B4) -> 3200 | C6: =IF(OR(posicao_contratual!A4="",NOT(ISNUMBER(posicao_contratual!B4)),NOT(ISNUMBER(posicao_contratual!G4))),"",ROUND(posicao_contratual!B4*posicao_contratual!G4,2)) -> 128000 | D6: =IF(OR(posicao_contratual!A4="",NOT(ISNUMBER(posicao_contratual!B4)),NOT(ISNUMBER(posicao_contratual!K4))),"",ROUND(posicao_contratual!B4*posicao_contratual!K4,2)) -> 128000 | E6: =IF(OR(posicao_contratual!A4="",NOT(ISNUMBER(posicao_contratual!B4)),NOT(ISNUMBER(posicao_contratual!O4))),"",ROUND(posicao_contratual!B4*posicao_contratual!O4,2)) -> 128000 | F6: =IF(OR(posicao_contratual!A4="",NOT(ISNUMBER(posicao_contratual!B4)),NOT(ISNUMBER(posicao_contratual!S4))),"",ROUND(posicao_contratual!B4*posicao_contratual!S4,2)) -> 128000 | G6: =IF(OR(posicao_contratual!A4="",NOT(ISNUMBER(posicao_contratual!B4)),NOT(ISNUMBER(posicao_contratual!W4))),"",ROUND(posicao_contratual!B4*posicao_contratual!W4,2)) -> 128000
A7: =IF(posicao_contratual!A5="","",posicao_contratual!A5) | B7: =IF(posicao_contratual!A5="","",posicao_contratual!B5) | C7: =IF(OR(posicao_contratual!A5="",NOT(ISNUMBER(posicao_contratual!B5)),NOT(ISNUMBER(posicao_contratual!G5))),"",ROUND(posicao_contratual!B5*posicao_contratual!G5,2)) | D7: =IF(OR(posicao_contratual!A5="",NOT(ISNUMBER(posicao_contratual!B5)),NOT(ISNUMBER(posicao_contratual!K5))),"",ROUND(posicao_contratual!B5*posicao_contratual!K5,2)) | E7: =IF(OR(posicao_contratual!A5="",NOT(ISNUMBER(posicao_contratual!B5)),NOT(ISNUMBER(posicao_contratual!O5))),"",ROUND(posicao_contratual!B5*posicao_contratual!O5,2)) | F7: =IF(OR(posicao_contratual!A5="",NOT(ISNUMBER(posicao_contratual!B5)),NOT(ISNUMBER(posicao_contratual!S5))),"",ROUND(posicao_contratual!B5*posicao_contratual!S5,2)) | G7: =IF(OR(posicao_contratual!A5="",NOT(ISNUMBER(posicao_contratual!B5)),NOT(ISNUMBER(posicao_contratual!W5))),"",ROUND(posicao_contratual!B5*posicao_contratual!W5,2))
A8: =IF(posicao_contratual!A6="","",posicao_contratual!A6) | B8: =IF(posicao_contratual!A6="","",posicao_contratual!B6) | C8: =IF(OR(posicao_contratual!A6="",NOT(ISNUMBER(posicao_contratual!B6)),NOT(ISNUMBER(posicao_contratual!G6))),"",ROUND(posicao_contratual!B6*posicao_contratual!G6,2)) | D8: =IF(OR(posicao_contratual!A6="",NOT(ISNUMBER(posicao_contratual!B6)),NOT(ISNUMBER(posicao_contratual!K6))),"",ROUND(posicao_contratual!B6*posicao_contratual!K6,2)) | E8: =IF(OR(posicao_contratual!A6="",NOT(ISNUMBER(posicao_contratual!B6)),NOT(ISNUMBER(posicao_contratual!O6))),"",ROUND(posicao_contratual!B6*posicao_contratual!O6,2)) | F8: =IF(OR(posicao_contratual!A6="",NOT(ISNUMBER(posicao_contratual!B6)),NOT(ISNUMBER(posicao_contratual!S6))),"",ROUND(posicao_contratual!B6*posicao_contratual!S6,2)) | G8: =IF(OR(posicao_contratual!A6="",NOT(ISNUMBER(posicao_contratual!B6)),NOT(ISNUMBER(posicao_contratual!W6))),"",ROUND(posicao_contratual!B6*posicao_contratual!W6,2))
A9: =IF(posicao_contratual!A7="","",posicao_contratual!A7) | B9: =IF(posicao_contratual!A7="","",posicao_contratual!B7) | C9: =IF(OR(posicao_contratual!A7="",NOT(ISNUMBER(posicao_contratual!B7)),NOT(ISNUMBER(posicao_contratual!G7))),"",ROUND(posicao_contratual!B7*posicao_contratual!G7,2)) | D9: =IF(OR(posicao_contratual!A7="",NOT(ISNUMBER(posicao_contratual!B7)),NOT(ISNUMBER(posicao_contratual!K7))),"",ROUND(posicao_contratual!B7*posicao_contratual!K7,2)) | E9: =IF(OR(posicao_contratual!A7="",NOT(ISNUMBER(posicao_contratual!B7)),NOT(ISNUMBER(posicao_contratual!O7))),"",ROUND(posicao_contratual!B7*posicao_contratual!O7,2)) | F9: =IF(OR(posicao_contratual!A7="",NOT(ISNUMBER(posicao_contratual!B7)),NOT(ISNUMBER(posicao_contratual!S7))),"",ROUND(posicao_contratual!B7*posicao_contratual!S7,2)) | G9: =IF(OR(posicao_contratual!A7="",NOT(ISNUMBER(posicao_contratual!B7)),NOT(ISNUMBER(posicao_contratual!W7))),"",ROUND(posicao_contratual!B7*posicao_contratual!W7,2))
A10: =IF(posicao_contratual!A8="","",posicao_contratual!A8) | B10: =IF(posicao_contratual!A8="","",posicao_contratual!B8) | C10: =IF(OR(posicao_contratual!A8="",NOT(ISNUMBER(posicao_contratual!B8)),NOT(ISNUMBER(posicao_contratual!G8))),"",ROUND(posicao_contratual!B8*posicao_contratual!G8,2)) | D10: =IF(OR(posicao_contratual!A8="",NOT(ISNUMBER(posicao_contratual!B8)),NOT(ISNUMBER(posicao_contratual!K8))),"",ROUND(posicao_contratual!B8*posicao_contratual!K8,2)) | E10: =IF(OR(posicao_contratual!A8="",NOT(ISNUMBER(posicao_contratual!B8)),NOT(ISNUMBER(posicao_contratual!O8))),"",ROUND(posicao_contratual!B8*posicao_contratual!O8,2)) | F10: =IF(OR(posicao_contratual!A8="",NOT(ISNUMBER(posicao_contratual!B8)),NOT(ISNUMBER(posicao_contratual!S8))),"",ROUND(posicao_contratual!B8*posicao_contratual!S8,2)) | G10: =IF(OR(posicao_contratual!A8="",NOT(ISNUMBER(posicao_contratual!B8)),NOT(ISNUMBER(posicao_contratual!W8))),"",ROUND(posicao_contratual!B8*posicao_contratual!W8,2))
A11: =IF(posicao_contratual!A9="","",posicao_contratual!A9) | B11: =IF(posicao_contratual!A9="","",posicao_contratual!B9) | C11: =IF(OR(posicao_contratual!A9="",NOT(ISNUMBER(posicao_contratual!B9)),NOT(ISNUMBER(posicao_contratual!G9))),"",ROUND(posicao_contratual!B9*posicao_contratual!G9,2)) | D11: =IF(OR(posicao_contratual!A9="",NOT(ISNUMBER(posicao_contratual!B9)),NOT(ISNUMBER(posicao_contratual!K9))),"",ROUND(posicao_contratual!B9*posicao_contratual!K9,2)) | E11: =IF(OR(posicao_contratual!A9="",NOT(ISNUMBER(posicao_contratual!B9)),NOT(ISNUMBER(posicao_contratual!O9))),"",ROUND(posicao_contratual!B9*posicao_contratual!O9,2)) | F11: =IF(OR(posicao_contratual!A9="",NOT(ISNUMBER(posicao_contratual!B9)),NOT(ISNUMBER(posicao_contratual!S9))),"",ROUND(posicao_contratual!B9*posicao_contratual!S9,2)) | G11: =IF(OR(posicao_contratual!A9="",NOT(ISNUMBER(posicao_contratual!B9)),NOT(ISNUMBER(posicao_contratual!W9))),"",ROUND(posicao_contratual!B9*posicao_contratual!W9,2))
A12: =IF(posicao_contratual!A10="","",posicao_contratual!A10) | B12: =IF(posicao_contratual!A10="","",posicao_contratual!B10) | C12: =IF(OR(posicao_contratual!A10="",NOT(ISNUMBER(posicao_contratual!B10)),NOT(ISNUMBER(posicao_contratual!G10))),"",ROUND(posicao_contratual!B10*posicao_contratual!G10,2)) | D12: =IF(OR(posicao_contratual!A10="",NOT(ISNUMBER(posicao_contratual!B10)),NOT(ISNUMBER(posicao_contratual!K10))),"",ROUND(posicao_contratual!B10*posicao_contratual!K10,2)) | E12: =IF(OR(posicao_contratual!A10="",NOT(ISNUMBER(posicao_contratual!B10)),NOT(ISNUMBER(posicao_contratual!O10))),"",ROUND(posicao_contratual!B10*posicao_contratual!O10,2)) | F12: =IF(OR(posicao_contratual!A10="",NOT(ISNUMBER(posicao_contratual!B10)),NOT(ISNUMBER(posicao_contratual!S10))),"",ROUND(posicao_contratual!B10*posicao_contratual!S10,2)) | G12: =IF(OR(posicao_contratual!A10="",NOT(ISNUMBER(posicao_contratual!B10)),NOT(ISNUMBER(posicao_contratual!W10))),"",ROUND(posicao_contratual!B10*posicao_contratual!W10,2))
A13: =IF(posicao_contratual!A11="","",posicao_contratual!A11) | B13: =IF(posicao_contratual!A11="","",posicao_contratual!B11) | C13: =IF(OR(posicao_contratual!A11="",NOT(ISNUMBER(posicao_contratual!B11)),NOT(ISNUMBER(posicao_contratual!G11))),"",ROUND(posicao_contratual!B11*posicao_contratual!G11,2)) | D13: =IF(OR(posicao_contratual!A11="",NOT(ISNUMBER(posicao_contratual!B11)),NOT(ISNUMBER(posicao_contratual!K11))),"",ROUND(posicao_contratual!B11*posicao_contratual!K11,2)) | E13: =IF(OR(posicao_contratual!A11="",NOT(ISNUMBER(posicao_contratual!B11)),NOT(ISNUMBER(posicao_contratual!O11))),"",ROUND(posicao_contratual!B11*posicao_contratual!O11,2)) | F13: =IF(OR(posicao_contratual!A11="",NOT(ISNUMBER(posicao_contratual!B11)),NOT(ISNUMBER(posicao_contratual!S11))),"",ROUND(posicao_contratual!B11*posicao_contratual!S11,2)) | G13: =IF(OR(posicao_contratual!A11="",NOT(ISNUMBER(posicao_contratual!B11)),NOT(ISNUMBER(posicao_contratual!W11))),"",ROUND(posicao_contratual!B11*posicao_contratual!W11,2))
A14: =IF(posicao_contratual!A12="","",posicao_contratual!A12) | B14: =IF(posicao_contratual!A12="","",posicao_contratual!B12) | C14: =IF(OR(posicao_contratual!A12="",NOT(ISNUMBER(posicao_contratual!B12)),NOT(ISNUMBER(posicao_contratual!G12))),"",ROUND(posicao_contratual!B12*posicao_contratual!G12,2)) | D14: =IF(OR(posicao_contratual!A12="",NOT(ISNUMBER(posicao_contratual!B12)),NOT(ISNUMBER(posicao_contratual!K12))),"",ROUND(posicao_contratual!B12*posicao_contratual!K12,2)) | E14: =IF(OR(posicao_contratual!A12="",NOT(ISNUMBER(posicao_contratual!B12)),NOT(ISNUMBER(posicao_contratual!O12))),"",ROUND(posicao_contratual!B12*posicao_contratual!O12,2)) | F14: =IF(OR(posicao_contratual!A12="",NOT(ISNUMBER(posicao_contratual!B12)),NOT(ISNUMBER(posicao_contratual!S12))),"",ROUND(posicao_contratual!B12*posicao_contratual!S12,2)) | G14: =IF(OR(posicao_contratual!A12="",NOT(ISNUMBER(posicao_contratual!B12)),NOT(ISNUMBER(posicao_contratual!W12))),"",ROUND(posicao_contratual!B12*posicao_contratual!W12,2))
A15: =IF(posicao_contratual!A13="","",posicao_contratual!A13) | B15: =IF(posicao_contratual!A13="","",posicao_contratual!B13) | C15: =IF(OR(posicao_contratual!A13="",NOT(ISNUMBER(posicao_contratual!B13)),NOT(ISNUMBER(posicao_contratual!G13))),"",ROUND(posicao_contratual!B13*posicao_contratual!G13,2)) | D15: =IF(OR(posicao_contratual!A13="",NOT(ISNUMBER(posicao_contratual!B13)),NOT(ISNUMBER(posicao_contratual!K13))),"",ROUND(posicao_contratual!B13*posicao_contratual!K13,2)) | E15: =IF(OR(posicao_contratual!A13="",NOT(ISNUMBER(posicao_contratual!B13)),NOT(ISNUMBER(posicao_contratual!O13))),"",ROUND(posicao_contratual!B13*posicao_contratual!O13,2)) | F15: =IF(OR(posicao_contratual!A13="",NOT(ISNUMBER(posicao_contratual!B13)),NOT(ISNUMBER(posicao_contratual!S13))),"",ROUND(posicao_contratual!B13*posicao_contratual!S13,2)) | G15: =IF(OR(posicao_contratual!A13="",NOT(ISNUMBER(posicao_contratual!B13)),NOT(ISNUMBER(posicao_contratual!W13))),"",ROUND(posicao_contratual!B13*posicao_contratual!W13,2))
... A203: =IF(posicao_contratual!A201="","",posicao_contratual!A201) | B203: =IF(posicao_contratual!A201="","",posicao_contratual!B201) | C203: =IF(OR(posicao_contratual!A201="",NOT(ISNUMBER(posicao_contratual!B201)),NOT(ISNUMBER(posicao_contratual!G201))),"",ROUND(posicao_contratual!B201*posicao_contratual!G201,2)) | D203: =IF(OR(posicao_contratual!A201="",NOT(ISNUMBER(posicao_contratual!B201)),NOT(ISNUMBER(posicao_contratual!K201))),"",ROUND(posicao_contratual!B201*posicao_contratual!K201,2)) | E203: =IF(OR(posicao_contratual!A201="",NOT(ISNUMBER(posicao_contratual!B201)),NOT(ISNUMBER(posicao_contratual!O201))),"",ROUND(posicao_contratual!B201*posicao_contratual!O201,2)) | F203: =IF(OR(posicao_contratual!A201="",NOT(ISNUMBER(posicao_contratual!B201)),NOT(ISNUMBER(posicao_contratual!S201))),"",ROUND(posicao_contratual!B201*posicao_contratual!S201,2)) | G203: =IF(OR(posicao_contratual!A201="",NOT(ISNUMBER(posicao_contratual!B201)),NOT(ISNUMBER(posicao_contratual!W201))),"",ROUND(posicao_contratual!B201*posicao_contratual!W201,2))
A204: TOTAL | C204: =ROUND(SUM(C4:C203),2) -> 278000 | D204: =ROUND(SUM(D4:D203),2) -> 278000 | E204: =ROUND(SUM(E4:E203),2) -> 278000 | F204: =ROUND(SUM(F4:F203),2) -> 278000 | G204: =ROUND(SUM(G4:G203),2) -> 278000
A206: BLOCO 2 - COMPARACAO DE REFERENCIA - NAO UTILIZAR COMO VTA OU VALOR DE PAGAMENTO
A207: VTA pelo metodo aplicado | B207: =MEMORIA_RESULTADOS!$B$26 -> 299670.4
A208: Contrato original integralmente reajustado ate o ciclo atual - REFERENCIA APENAS | B208: =IFERROR(ROUND(SUMPRODUCT(posicao_contratual!$B$2:$B$201,posicao_contratual!$C$2:$C$201)*RESULTADOS!$H$5,2),"") -> 292233.6
A210: O valor integralmente reajustado e apenas um cenario comparativo. Ele pressupoe que todo o contrato original permanecesse sujeito ao fator acumulado final, desconsiderando a execucao ocorrida em ciclos distintos e a reducao do saldo remanescente. Nao utilizar este valor como VTA, retroativo ou base de pagamento.

Sheet CONTROLE
A1: MODO DE LEITURA | B1: PC (Pedidos de Compra)
A2: Ciclo vigente (em execução) | B2: C1
A3: DATA DE CORTE DA APURAÇÃO | B3: 45657 | C3: Última data considerada nos cálculos, PCs, competências e resultados da apuração.
A4: C0 e ciclos fora da analise | B4: Preencher FINANCEIRO: coluna B com o nome do ciclo (ex: c0, c1), coluna C com o valor efetivamente pago. Se vazio, o sistema usa calculo por itens/estoque.
A6: RESUMO DO REAJUSTE | B6: VALOR
A7: Índice utilizado | B7: IST (Anatel)
A8: Data-base original | B8: 44927
A9: Quantidade de ciclos desta análise | B9: =COUNTIF(parametros!A2:A6,"Sim") -> 1
A10: Variação histórica integral até o ciclo vigente | B10: =IF(ISNUMBER(B11),B11-1,"") -> 0.0512
A11: Fator histórico integral (até o ciclo vigente) | B11: =IFERROR(IF(UPPER($B$2)="C0",1,IF(UPPER($B$2)="C1",IF(COUNT(parametros!$E$3:$E$3)=1,parametros!$F$3,""),IF(UPPER($B$2)="C2",IF(COUNT(parametros!$E$3:$E$4)=2,parametros!$F$4,""),IF(UPPER($B$2)="C3",IF(COUNT(parametros!$E$3:$E$5)=3,parametros!$F$5,""),IF(UPPER($B$2)="C4",IF(COUNT(parametros!$E$3:$E$6)=4,parametros!$F$6,""),""))))),"") -> 1.0512
A12: Último ciclo considerado nesta apuração | B12: =IFERROR(IF(parametros!A6="Sim",parametros!B6,IF(parametros!A5="Sim",parametros!B5,IF(parametros!A4="Sim",parametros!B4,IF(parametros!A3="Sim",parametros!B3,IF(parametros!A2="Sim",parametros!B2,"Nenhum"))))),"Nenhum") -> C1
A13: Início do último ciclo considerado | B13: =IFERROR(IF(parametros!A6="Sim",parametros!C6,IF(parametros!A5="Sim",parametros!C5,IF(parametros!A4="Sim",parametros!C4,IF(parametros!A3="Sim",parametros!C3,IF(parametros!A2="Sim",parametros!C2,""))))),"") -> 45292
A14: Data de geracao do arquivo | B14: =NOW() -> 46295.818
A24: Modelo de Coleta | B24: 11.0
A25: Gerado pelo Cl8us | B25: 11.0

Sheet parametros
A1: COMPUTAR_NESTA_APURACAO | B1: CICLO | C1: DATA_INICIO | D1: DATA_FIM | E1: PERCENTUAL_DO_CICLO | F1: FATOR_ACUMULADO | G1: SITUACAO | H1: INICIO_EFEITO_FINANCEIRO | J1: CICLO | K1: TIPO_REGISTRO | L1: ORDEM | M1: COMPETENCIA | N1: VALOR_INDICE | O1: FATOR_MENSAL | P1: FATOR_ACUMULADO | Q1: VARIACAO_FINAL | R1: METODO_FONTE
A2: Nao | B2: C0 | C2: 44927 | D2: 45291 | F2: =1 -> 1 | T2: Sim
A3: Sim | B3: C1 | C3: 45292 | D3: 45657 | E3: 0.0512 | F3: =IF(E3="","",IF(NOT(ISNUMBER(E3)),"",IF(NOT(ISNUMBER(F2)),"",F2*(1+E3)))) -> 1.0512 | G3: TEMPESTIVO | H3: 45292 | T3: Nao | U3: 45270
A4: Nao | B4: C2 | C4: 45658 | D4: 46022 | E4: 0.0374 | F4: =IF(E4="","",IF(NOT(ISNUMBER(E4)),"",IF(NOT(ISNUMBER(F3)),"",F3*(1+E4)))) -> 1.0905149 | G4: TEMPESTIVO | H4: 45658 | T4: N/A | U4: 45638
A5: Nao | B5: C3 | C5: 46023 | D5: 46387 | E5: 0.0289 | F5: =IF(E5="","",IF(NOT(ISNUMBER(E5)),"",IF(NOT(ISNUMBER(F4)),"",F4*(1+E5)))) -> 1.1220308 | G5: TEMPESTIVO | H5: 46023 | U5: 46006
A6: Nao | B6: C4 | C6: 46388 | D6: 46752 | F6: =IF(E6="","",IF(NOT(ISNUMBER(E6)),"",IF(NOT(ISNUMBER(F5)),"",F5*(1+E6))))
A9: MEMORIA DO FATOR APLICAVEL A APURACAO
A10: CICLO | B10: COMPUTA? | C10: PERCENTUAL | D10: FATOR | E10: FATOR_ACUMULADO_APURACAO | F10: STATUS | G10: EXISTE REAJUSTE ANTERIOR FORMALIZADO? (Sim/Não; vazio=não comprovado)
A11: C0 | B11: =A2 -> Nao | C11: =IF(B11="Sim",E2,"") | D11: =1 -> 1 | E11: =1 -> 1 | F11: Base
A12: C1 | B12: =A3 -> Sim | C12: =IF(B12="Sim",E3,"") -> 0.0512 | D12: =IF(C12="","",1+C12) -> 1.0512 | E12: =IF(B12="Sim",E11*D12,E11) -> 1.0512 | F12: =IF(B12="Sim","Aplicado","Fora da apuracao") -> Aplicado
A13: C2 | B13: =A4 -> Nao | C13: =IF(B13="Sim",E4,"") | D13: =IF(C13="","",1+C13) | E13: =IF(B13="Sim",E12*D13,E12) -> 1.0512 | F13: =IF(B13="Sim","Aplicado","Fora da apuracao") -> Fora da apuracao
A14: C3 | B14: =A5 -> Nao | C14: =IF(B14="Sim",E5,"") | D14: =IF(C14="","",1+C14) | E14: =IF(B14="Sim",E13*D14,E13) -> 1.0512 | F14: =IF(B14="Sim","Aplicado","Fora da apuracao") -> Fora da apuracao
A15: C4 | B15: =A6 -> Nao | C15: =IF(B15="Sim",E6,"") | D15: =IF(C15="","",1+C15) | E15: =IF(B15="Sim",E14*D15,E14) -> 1.0512 | F15: =IF(B15="Sim","Aplicado","Fora da apuracao") -> Fora da apuracao
A16: TOTAL APURACAO | D16: =E15 -> 1.0512 | E16: =E15 -> 1.0512 | F16: =E16-1 -> 0.0512

Sheet financeiro
A1: COMPETENCIA | B1: CICLO | C1: VALOR_PAGO | D1: FATOR_APLICAVEL | E1: VALOR_ATUALIZADO | F1: DELTA | G1: EFEITO_FINANCEIRO
B2: =IF($A2="","",IF(NOT(ISNUMBER(parametros!$C$2)),"Fora dos ciclos",IF(OR($A2<parametros!$C$2,(YEAR($A2)-YEAR(parametros!$C$2))*12+MONTH($A2)-MONTH(parametros!$C$2)>59),"Fora dos ciclos","c"&INT(((YEAR($A2)-YEAR(parametros!$C$2))*12+MONTH($A2)-MONTH(parametros!$C$2))/12)))) | D2: =IF(B2="","",IF(B2="c0",1,IF(B2="c1",IF(parametros!$A$3<>"Sim","",IF(NOT(ISNUMBER(parametros!$E$3)),"",1+parametros!$E$3)),IF(B2="c2",IF(parametros!$A$4<>"Sim","",IF(NOT(ISNUMBER(parametros!$E$4)),"",IF(parametros!$A$3="Sim",1+parametros!$E$3,1)*(1+parametros!$E$4))),IF(B2="c3",IF(parametros!$A$5<>"Sim","",IF(NOT(ISNUMBER(parametros!$E$5)),"",IF(parametros!$A$3="Sim",1+parametros!$E$3,1)*IF(parametros!$A$4="Sim",1+parametros!$E$4,1)*(1+parametros!$E$5))),IF(B2="c4",IF(parametros!$A$6<>"Sim","",IF(NOT(ISNUMBER(parametros!$E$6)),"",IF(parametros!$A$3="Sim",1+parametros!$E$3,1)*IF(parametros!$A$4="Sim",1+parametros!$E$4,1)*IF(parametros!$A$5="Sim",1+parametros!$E$5,1)*(1+parametros!$E$6))),"")))))) | E2: =IF(C2="","",IF(G2="","",IF(G2="Sim",IF(NOT(ISNUMBER(D2)),"",ROUND(C2*D2,2)),C2))) | F2: =IF(C2="","",IF(G2="","",IF(G2="Sim",IF(E2="","",ROUND(E2-C2,2)),0)))
B3: =IF($A3="","",IF(NOT(ISNUMBER(parametros!$C$2)),"Fora dos ciclos",IF(OR($A3<parametros!$C$2,(YEAR($A3)-YEAR(parametros!$C$2))*12+MONTH($A3)-MONTH(parametros!$C$2)>59),"Fora dos ciclos","c"&INT(((YEAR($A3)-YEAR(parametros!$C$2))*12+MONTH($A3)-MONTH(parametros!$C$2))/12)))) | D3: =IF(B3="","",IF(B3="c0",1,IF(B3="c1",IF(parametros!$A$3<>"Sim","",IF(NOT(ISNUMBER(parametros!$E$3)),"",1+parametros!$E$3)),IF(B3="c2",IF(parametros!$A$4<>"Sim","",IF(NOT(ISNUMBER(parametros!$E$4)),"",IF(parametros!$A$3="Sim",1+parametros!$E$3,1)*(1+parametros!$E$4))),IF(B3="c3",IF(parametros!$A$5<>"Sim","",IF(NOT(ISNUMBER(parametros!$E$5)),"",IF(parametros!$A$3="Sim",1+parametros!$E$3,1)*IF(parametros!$A$4="Sim",1+parametros!$E$4,1)*(1+parametros!$E$5))),IF(B3="c4",IF(parametros!$A$6<>"Sim","",IF(NOT(ISNUMBER(parametros!$E$6)),"",IF(parametros!$A$3="Sim",1+parametros!$E$3,1)*IF(parametros!$A$4="Sim",1+parametros!$E$4,1)*IF(parametros!$A$5="Sim",1+parametros!$E$5,1)*(1+parametros!$E$6))),"")))))) | E3: =IF(C3="","",IF(G3="","",IF(G3="Sim",IF(NOT(ISNUMBER(D3)),"",ROUND(C3*D3,2)),C3))) | F3: =IF(C3="","",IF(G3="","",IF(G3="Sim",IF(E3="","",ROUND(E3-C3,2)),0)))
B4: =IF($A4="","",IF(NOT(ISNUMBER(parametros!$C$2)),"Fora dos ciclos",IF(OR($A4<parametros!$C$2,(YEAR($A4)-YEAR(parametros!$C$2))*12+MONTH($A4)-MONTH(parametros!$C$2)>59),"Fora dos ciclos","c"&INT(((YEAR($A4)-YEAR(parametros!$C$2))*12+MONTH($A4)-MONTH(parametros!$C$2))/12)))) | D4: =IF(B4="","",IF(B4="c0",1,IF(B4="c1",IF(parametros!$A$3<>"Sim","",IF(NOT(ISNUMBER(parametros!$E$3)),"",1+parametros!$E$3)),IF(B4="c2",IF(parametros!$A$4<>"Sim","",IF(NOT(ISNUMBER(parametros!$E$4)),"",IF(parametros!$A$3="Sim",1+parametros!$E$3,1)*(1+parametros!$E$4))),IF(B4="c3",IF(parametros!$A$5<>"Sim","",IF(NOT(ISNUMBER(parametros!$E$5)),"",IF(parametros!$A$3="Sim",1+parametros!$E$3,1)*IF(parametros!$A$4="Sim",1+parametros!$E$4,1)*(1+parametros!$E$5))),IF(B4="c4",IF(parametros!$A$6<>"Sim","",IF(NOT(ISNUMBER(parametros!$E$6)),"",IF(parametros!$A$3="Sim",1+parametros!$E$3,1)*IF(parametros!$A$4="Sim",1+parametros!$E$4,1)*IF(parametros!$A$5="Sim",1+parametros!$E$5,1)*(1+parametros!$E$6))),"")))))) | E4: =IF(C4="","",IF(G4="","",IF(G4="Sim",IF(NOT(ISNUMBER(D4)),"",ROUND(C4*D4,2)),C4))) | F4: =IF(C4="","",IF(G4="","",IF(G4="Sim",IF(E4="","",ROUND(E4-C4,2)),0)))
B5: =IF($A5="","",IF(NOT(ISNUMBER(parametros!$C$2)),"Fora dos ciclos",IF(OR($A5<parametros!$C$2,(YEAR($A5)-YEAR(parametros!$C$2))*12+MONTH($A5)-MONTH(parametros!$C$2)>59),"Fora dos ciclos","c"&INT(((YEAR($A5)-YEAR(parametros!$C$2))*12+MONTH($A5)-MONTH(parametros!$C$2))/12)))) | D5: =IF(B5="","",IF(B5="c0",1,IF(B5="c1",IF(parametros!$A$3<>"Sim","",IF(NOT(ISNUMBER(parametros!$E$3)),"",1+parametros!$E$3)),IF(B5="c2",IF(parametros!$A$4<>"Sim","",IF(NOT(ISNUMBER(parametros!$E$4)),"",IF(parametros!$A$3="Sim",1+parametros!$E$3,1)*(1+parametros!$E$4))),IF(B5="c3",IF(parametros!$A$5<>"Sim","",IF(NOT(ISNUMBER(parametros!$E$5)),"",IF(parametros!$A$3="Sim",1+parametros!$E$3,1)*IF(parametros!$A$4="Sim",1+parametros!$E$4,1)*(1+parametros!$E$5))),IF(B5="c4",IF(parametros!$A$6<>"Sim","",IF(NOT(ISNUMBER(parametros!$E$6)),"",IF(parametros!$A$3="Sim",1+parametros!$E$3,1)*IF(parametros!$A$4="Sim",1+parametros!$E$4,1)*IF(parametros!$A$5="Sim",1+parametros!$E$5,1)*(1+parametros!$E$6))),"")))))) | E5: =IF(C5="","",IF(G5="","",IF(G5="Sim",IF(NOT(ISNUMBER(D5)),"",ROUND(C5*D5,2)),C5))) | F5: =IF(C5="","",IF(G5="","",IF(G5="Sim",IF(E5="","",ROUND(E5-C5,2)),0)))
B6: =IF($A6="","",IF(NOT(ISNUMBER(parametros!$C$2)),"Fora dos ciclos",IF(OR($A6<parametros!$C$2,(YEAR($A6)-YEAR(parametros!$C$2))*12+MONTH($A6)-MONTH(parametros!$C$2)>59),"Fora dos ciclos","c"&INT(((YEAR($A6)-YEAR(parametros!$C$2))*12+MONTH($A6)-MONTH(parametros!$C$2))/12)))) | D6: =IF(B6="","",IF(B6="c0",1,IF(B6="c1",IF(parametros!$A$3<>"Sim","",IF(NOT(ISNUMBER(parametros!$E$3)),"",1+parametros!$E$3)),IF(B6="c2",IF(parametros!$A$4<>"Sim","",IF(NOT(ISNUMBER(parametros!$E$4)),"",IF(parametros!$A$3="Sim",1+parametros!$E$3,1)*(1+parametros!$E$4))),IF(B6="c3",IF(parametros!$A$5<>"Sim","",IF(NOT(ISNUMBER(parametros!$E$5)),"",IF(parametros!$A$3="Sim",1+parametros!$E$3,1)*IF(parametros!$A$4="Sim",1+parametros!$E$4,1)*(1+parametros!$E$5))),IF(B6="c4",IF(parametros!$A$6<>"Sim","",IF(NOT(ISNUMBER(parametros!$E$6)),"",IF(parametros!$A$3="Sim",1+parametros!$E$3,1)*IF(parametros!$A$4="Sim",1+parametros!$E$4,1)*IF(parametros!$A$5="Sim",1+parametros!$E$5,1)*(1+parametros!$E$6))),"")))))) | E6: =IF(C6="","",IF(G6="","",IF(G6="Sim",IF(NOT(ISNUMBER(D6)),"",ROUND(C6*D6,2)),C6))) | F6: =IF(C6="","",IF(G6="","",IF(G6="Sim",IF(E6="","",ROUND(E6-C6,2)),0)))
B7: =IF($A7="","",IF(NOT(ISNUMBER(parametros!$C$2)),"Fora dos ciclos",IF(OR($A7<parametros!$C$2,(YEAR($A7)-YEAR(parametros!$C$2))*12+MONTH($A7)-MONTH(parametros!$C$2)>59),"Fora dos ciclos","c"&INT(((YEAR($A7)-YEAR(parametros!$C$2))*12+MONTH($A7)-MONTH(parametros!$C$2))/12)))) | D7: =IF(B7="","",IF(B7="c0",1,IF(B7="c1",IF(parametros!$A$3<>"Sim","",IF(NOT(ISNUMBER(parametros!$E$3)),"",1+parametros!$E$3)),IF(B7="c2",IF(parametros!$A$4<>"Sim","",IF(NOT(ISNUMBER(parametros!$E$4)),"",IF(parametros!$A$3="Sim",1+parametros!$E$3,1)*(1+parametros!$E$4))),IF(B7="c3",IF(parametros!$A$5<>"Sim","",IF(NOT(ISNUMBER(parametros!$E$5)),"",IF(parametros!$A$3="Sim",1+parametros!$E$3,1)*IF(parametros!$A$4="Sim",1+parametros!$E$4,1)*(1+parametros!$E$5))),IF(B7="c4",IF(parametros!$A$6<>"Sim","",IF(NOT(ISNUMBER(parametros!$E$6)),"",IF(parametros!$A$3="Sim",1+parametros!$E$3,1)*IF(parametros!$A$4="Sim",1+parametros!$E$4,1)*IF(parametros!$A$5="Sim",1+parametros!$E$5,1)*(1+parametros!$E$6))),"")))))) | E7: =IF(C7="","",IF(G7="","",IF(G7="Sim",IF(NOT(ISNUMBER(D7)),"",ROUND(C7*D7,2)),C7))) | F7: =IF(C7="","",IF(G7="","",IF(G7="Sim",IF(E7="","",ROUND(E7-C7,2)),0)))
B8: =IF($A8="","",IF(NOT(ISNUMBER(parametros!$C$2)),"Fora dos ciclos",IF(OR($A8<parametros!$C$2,(YEAR($A8)-YEAR(parametros!$C$2))*12+MONTH($A8)-MONTH(parametros!$C$2)>59),"Fora dos ciclos","c"&INT(((YEAR($A8)-YEAR(parametros!$C$2))*12+MONTH($A8)-MONTH(parametros!$C$2))/12)))) | D8: =IF(B8="","",IF(B8="c0",1,IF(B8="c1",IF(parametros!$A$3<>"Sim","",IF(NOT(ISNUMBER(parametros!$E$3)),"",1+parametros!$E$3)),IF(B8="c2",IF(parametros!$A$4<>"Sim","",IF(NOT(ISNUMBER(parametros!$E$4)),"",IF(parametros!$A$3="Sim",1+parametros!$E$3,1)*(1+parametros!$E$4))),IF(B8="c3",IF(parametros!$A$5<>"Sim","",IF(NOT(ISNUMBER(parametros!$E$5)),"",IF(parametros!$A$3="Sim",1+parametros!$E$3,1)*IF(parametros!$A$4="Sim",1+parametros!$E$4,1)*(1+parametros!$E$5))),IF(B8="c4",IF(parametros!$A$6<>"Sim","",IF(NOT(ISNUMBER(parametros!$E$6)),"",IF(parametros!$A$3="Sim",1+parametros!$E$3,1)*IF(parametros!$A$4="Sim",1+parametros!$E$4,1)*IF(parametros!$A$5="Sim",1+parametros!$E$5,1)*(1+parametros!$E$6))),"")))))) | E8: =IF(C8="","",IF(G8="","",IF(G8="Sim",IF(NOT(ISNUMBER(D8)),"",ROUND(C8*D8,2)),C8))) | F8: =IF(C8="","",IF(G8="","",IF(G8="Sim",IF(E8="","",ROUND(E8-C8,2)),0)))
B9: =IF($A9="","",IF(NOT(ISNUMBER(parametros!$C$2)),"Fora dos ciclos",IF(OR($A9<parametros!$C$2,(YEAR($A9)-YEAR(parametros!$C$2))*12+MONTH($A9)-MONTH(parametros!$C$2)>59),"Fora dos ciclos","c"&INT(((YEAR($A9)-YEAR(parametros!$C$2))*12+MONTH($A9)-MONTH(parametros!$C$2))/12)))) | D9: =IF(B9="","",IF(B9="c0",1,IF(B9="c1",IF(parametros!$A$3<>"Sim","",IF(NOT(ISNUMBER(parametros!$E$3)),"",1+parametros!$E$3)),IF(B9="c2",IF(parametros!$A$4<>"Sim","",IF(NOT(ISNUMBER(parametros!$E$4)),"",IF(parametros!$A$3="Sim",1+parametros!$E$3,1)*(1+parametros!$E$4))),IF(B9="c3",IF(parametros!$A$5<>"Sim","",IF(NOT(ISNUMBER(parametros!$E$5)),"",IF(parametros!$A$3="Sim",1+parametros!$E$3,1)*IF(parametros!$A$4="Sim",1+parametros!$E$4,1)*(1+parametros!$E$5))),IF(B9="c4",IF(parametros!$A$6<>"Sim","",IF(NOT(ISNUMBER(parametros!$E$6)),"",IF(parametros!$A$3="Sim",1+parametros!$E$3,1)*IF(parametros!$A$4="Sim",1+parametros!$E$4,1)*IF(parametros!$A$5="Sim",1+parametros!$E$5,1)*(1+parametros!$E$6))),"")))))) | E9: =IF(C9="","",IF(G9="","",IF(G9="Sim",IF(NOT(ISNUMBER(D9)),"",ROUND(C9*D9,2)),C9))) | F9: =IF(C9="","",IF(G9="","",IF(G9="Sim",IF(E9="","",ROUND(E9-C9,2)),0)))
B10: =IF($A10="","",IF(NOT(ISNUMBER(parametros!$C$2)),"Fora dos ciclos",IF(OR($A10<parametros!$C$2,(YEAR($A10)-YEAR(parametros!$C$2))*12+MONTH($A10)-MONTH(parametros!$C$2)>59),"Fora dos ciclos","c"&INT(((YEAR($A10)-YEAR(parametros!$C$2))*12+MONTH($A10)-MONTH(parametros!$C$2))/12)))) | D10: =IF(B10="","",IF(B10="c0",1,IF(B10="c1",IF(parametros!$A$3<>"Sim","",IF(NOT(ISNUMBER(parametros!$E$3)),"",1+parametros!$E$3)),IF(B10="c2",IF(parametros!$A$4<>"Sim","",IF(NOT(ISNUMBER(parametros!$E$4)),"",IF(parametros!$A$3="Sim",1+parametros!$E$3,1)*(1+parametros!$E$4))),IF(B10="c3",IF(parametros!$A$5<>"Sim","",IF(NOT(ISNUMBER(parametros!$E$5)),"",IF(parametros!$A$3="Sim",1+parametros!$E$3,1)*IF(parametros!$A$4="Sim",1+parametros!$E$4,1)*(1+parametros!$E$5))),IF(B10="c4",IF(parametros!$A$6<>"Sim","",IF(NOT(ISNUMBER(parametros!$E$6)),"",IF(parametros!$A$3="Sim",1+parametros!$E$3,1)*IF(parametros!$A$4="Sim",1+parametros!$E$4,1)*IF(parametros!$A$5="Sim",1+parametros!$E$5,1)*(1+parametros!$E$6))),"")))))) | E10: =IF(C10="","",IF(G10="","",IF(G10="Sim",IF(NOT(ISNUMBER(D10)),"",ROUND(C10*D10,2)),C10))) | F10: =IF(C10="","",IF(G10="","",IF(G10="Sim",IF(E10="","",ROUND(E10-C10,2)),0)))
B11: =IF($A11="","",IF(NOT(ISNUMBER(parametros!$C$2)),"Fora dos ciclos",IF(OR($A11<parametros!$C$2,(YEAR($A11)-YEAR(parametros!$C$2))*12+MONTH($A11)-MONTH(parametros!$C$2)>59),"Fora dos ciclos","c"&INT(((YEAR($A11)-YEAR(parametros!$C$2))*12+MONTH($A11)-MONTH(parametros!$C$2))/12)))) | D11: =IF(B11="","",IF(B11="c0",1,IF(B11="c1",IF(parametros!$A$3<>"Sim","",IF(NOT(ISNUMBER(parametros!$E$3)),"",1+parametros!$E$3)),IF(B11="c2",IF(parametros!$A$4<>"Sim","",IF(NOT(ISNUMBER(parametros!$E$4)),"",IF(parametros!$A$3="Sim",1+parametros!$E$3,1)*(1+parametros!$E$4))),IF(B11="c3",IF(parametros!$A$5<>"Sim","",IF(NOT(ISNUMBER(parametros!$E$5)),"",IF(parametros!$A$3="Sim",1+parametros!$E$3,1)*IF(parametros!$A$4="Sim",1+parametros!$E$4,1)*(1+parametros!$E$5))),IF(B11="c4",IF(parametros!$A$6<>"Sim","",IF(NOT(ISNUMBER(parametros!$E$6)),"",IF(parametros!$A$3="Sim",1+parametros!$E$3,1)*IF(parametros!$A$4="Sim",1+parametros!$E$4,1)*IF(parametros!$A$5="Sim",1+parametros!$E$5,1)*(1+parametros!$E$6))),"")))))) | E11: =IF(C11="","",IF(G11="","",IF(G11="Sim",IF(NOT(ISNUMBER(D11)),"",ROUND(C11*D11,2)),C11))) | F11: =IF(C11="","",IF(G11="","",IF(G11="Sim",IF(E11="","",ROUND(E11-C11,2)),0)))
B12: =IF($A12="","",IF(NOT(ISNUMBER(parametros!$C$2)),"Fora dos ciclos",IF(OR($A12<parametros!$C$2,(YEAR($A12)-YEAR(parametros!$C$2))*12+MONTH($A12)-MONTH(parametros!$C$2)>59),"Fora dos ciclos","c"&INT(((YEAR($A12)-YEAR(parametros!$C$2))*12+MONTH($A12)-MONTH(parametros!$C$2))/12)))) | D12: =IF(B12="","",IF(B12="c0",1,IF(B12="c1",IF(parametros!$A$3<>"Sim","",IF(NOT(ISNUMBER(parametros!$E$3)),"",1+parametros!$E$3)),IF(B12="c2",IF(parametros!$A$4<>"Sim","",IF(NOT(ISNUMBER(parametros!$E$4)),"",IF(parametros!$A$3="Sim",1+parametros!$E$3,1)*(1+parametros!$E$4))),IF(B12="c3",IF(parametros!$A$5<>"Sim","",IF(NOT(ISNUMBER(parametros!$E$5)),"",IF(parametros!$A$3="Sim",1+parametros!$E$3,1)*IF(parametros!$A$4="Sim",1+parametros!$E$4,1)*(1+parametros!$E$5))),IF(B12="c4",IF(parametros!$A$6<>"Sim","",IF(NOT(ISNUMBER(parametros!$E$6)),"",IF(parametros!$A$3="Sim",1+parametros!$E$3,1)*IF(parametros!$A$4="Sim",1+parametros!$E$4,1)*IF(parametros!$A$5="Sim",1+parametros!$E$5,1)*(1+parametros!$E$6))),"")))))) | E12: =IF(C12="","",IF(G12="","",IF(G12="Sim",IF(NOT(ISNUMBER(D12)),"",ROUND(C12*D12,2)),C12))) | F12: =IF(C12="","",IF(G12="","",IF(G12="Sim",IF(E12="","",ROUND(E12-C12,2)),0)))
B13: =IF($A13="","",IF(NOT(ISNUMBER(parametros!$C$2)),"Fora dos ciclos",IF(OR($A13<parametros!$C$2,(YEAR($A13)-YEAR(parametros!$C$2))*12+MONTH($A13)-MONTH(parametros!$C$2)>59),"Fora dos ciclos","c"&INT(((YEAR($A13)-YEAR(parametros!$C$2))*12+MONTH($A13)-MONTH(parametros!$C$2))/12)))) | D13: =IF(B13="","",IF(B13="c0",1,IF(B13="c1",IF(parametros!$A$3<>"Sim","",IF(NOT(ISNUMBER(parametros!$E$3)),"",1+parametros!$E$3)),IF(B13="c2",IF(parametros!$A$4<>"Sim","",IF(NOT(ISNUMBER(parametros!$E$4)),"",IF(parametros!$A$3="Sim",1+parametros!$E$3,1)*(1+parametros!$E$4))),IF(B13="c3",IF(parametros!$A$5<>"Sim","",IF(NOT(ISNUMBER(parametros!$E$5)),"",IF(parametros!$A$3="Sim",1+parametros!$E$3,1)*IF(parametros!$A$4="Sim",1+parametros!$E$4,1)*(1+parametros!$E$5))),IF(B13="c4",IF(parametros!$A$6<>"Sim","",IF(NOT(ISNUMBER(parametros!$E$6)),"",IF(parametros!$A$3="Sim",1+parametros!$E$3,1)*IF(parametros!$A$4="Sim",1+parametros!$E$4,1)*IF(parametros!$A$5="Sim",1+parametros!$E$5,1)*(1+parametros!$E$6))),"")))))) | E13: =IF(C13="","",IF(G13="","",IF(G13="Sim",IF(NOT(ISNUMBER(D13)),"",ROUND(C13*D13,2)),C13))) | F13: =IF(C13="","",IF(G13="","",IF(G13="Sim",IF(E13="","",ROUND(E13-C13,2)),0)))
... B73: =IF($A73="","",IF(NOT(ISNUMBER(parametros!$C$2)),"Fora dos ciclos",IF(OR($A73<parametros!$C$2,(YEAR($A73)-YEAR(parametros!$C$2))*12+MONTH($A73)-MONTH(parametros!$C$2)>59),"Fora dos ciclos","c"&INT(((YEAR($A73)-YEAR(parametros!$C$2))*12+MONTH($A73)-MONTH(parametros!$C$2))/12)))) | D73: =IF(B73="","",IF(B73="c0",1,IF(B73="c1",IF(parametros!$A$3<>"Sim","",IF(NOT(ISNUMBER(parametros!$E$3)),"",1+parametros!$E$3)),IF(B73="c2",IF(parametros!$A$4<>"Sim","",IF(NOT(ISNUMBER(parametros!$E$4)),"",IF(parametros!$A$3="Sim",1+parametros!$E$3,1)*(1+parametros!$E$4))),IF(B73="c3",IF(parametros!$A$5<>"Sim","",IF(NOT(ISNUMBER(parametros!$E$5)),"",IF(parametros!$A$3="Sim",1+parametros!$E$3,1)*IF(parametros!$A$4="Sim",1+parametros!$E$4,1)*(1+parametros!$E$5))),IF(B73="c4",IF(parametros!$A$6<>"Sim","",IF(NOT(ISNUMBER(parametros!$E$6)),"",IF(parametros!$A$3="Sim",1+parametros!$E$3,1)*IF(parametros!$A$4="Sim",1+parametros!$E$4,1)*IF(parametros!$A$5="Sim",1+parametros!$E$5,1)*(1+parametros!$E$6))),"")))))) | E73: =IF(C73="","",IF(G73="","",IF(G73="Sim",IF(NOT(ISNUMBER(D73)),"",ROUND(C73*D73,2)),C73))) | F73: =IF(C73="","",IF(G73="","",IF(G73="Sim",IF(E73="","",ROUND(E73-C73,2)),0)))
B74: TOTAL | C74: =SUM(C2:C73) -> 0 | E74: =SUM(E2:E73) -> 0 | F74: =SUM(F2:F73) -> 0

Sheet itens_Remanesc
A1: ITEM (NOVO ITEM: use N001, N002...; QTD_BASE_ORIGINAL fica 0 automaticamente - nao digite; informe o VU_ORIGINAL) | B1: QTD_BASE_ORIGINAL (NOVO ITEM: deixar vazio - assume 0 automaticamente) | C1: VU_ORIGINAL | D1: VALOR_TOTAL | E1: =IF(parametros!$I$3="","QTD. REMANESCENTE - C1","QTD. REMANESCENTE - C1"&CHAR(10)&"Informe a quantidade existente em "&RIGHT("0"&DAY(parametros!$I$3),2)&"/"&RIGHT("0"&MONTH(parametros!$I$3),2)&"/"&YEAR(parametros!$I$3)) -> QTD. REMANESCENTE - C1 | F1: ="VALOR REMANESCENTE - C1"&CHAR(10)&"Calculado automaticamente" -> VALOR REMANESCENTE - C1 Calculado automaticamente | G1: =IF(parametros!$I$4="","QTD. REMANESCENTE - C2","QTD. REMANESCENTE - C2"&CHAR(10)&"Informe a quantidade existente em "&RIGHT("0"&DAY(parametros!$I$4),2)&"/"&RIGHT("0"&MONTH(parametros!$I$4),2)&"/"&YEAR(parametros!$I$4)) -> QTD. REMANESCENTE - C2 | H1: ="VALOR REMANESCENTE - C2"&CHAR(10)&"Calculado automaticamente" -> VALOR REMANESCENTE - C2 Calculado automaticamente | I1: =IF(parametros!$I$5="","QTD. REMANESCENTE - C3","QTD. REMANESCENTE - C3"&CHAR(10)&"Informe a quantidade existente em "&RIGHT("0"&DAY(parametros!$I$5),2)&"/"&RIGHT("0"&MONTH(parametros!$I$5),2)&"/"&YEAR(parametros!$I$5)) -> QTD. REMANESCENTE - C3 | J1: ="VALOR REMANESCENTE - C3"&CHAR(10)&"Calculado automaticamente" -> VALOR REMANESCENTE - C3 Calculado automaticamente | K1: =IF(parametros!$I$6="","QTD. REMANESCENTE - C4","QTD. REMANESCENTE - C4"&CHAR(10)&"Informe a quantidade existente em "&RIGHT("0"&DAY(parametros!$I$6),2)&"/"&RIGHT("0"&MONTH(parametros!$I$6),2)&"/"&YEAR(parametros!$I$6)) -> QTD. REMANESCENTE - C4 | L1: ="VALOR REMANESCENTE - C4"&CHAR(10)&"Calculado automaticamente" -> VALOR REMANESCENTE - C4 Calculado automaticamente | M1: ="QTD. EXECUTADA - C1"&CHAR(10)&"Calculada automaticamente" -> QTD. EXECUTADA - C1 Calculada automaticamente | N1: ="VALOR EXECUTADO - C1"&CHAR(10)&"Calculado automaticamente" -> VALOR EXECUTADO - C1 Calculado automaticamente | O1: ="QTD. EXECUTADA - C2"&CHAR(10)&"Calculada automaticamente" -> QTD. EXECUTADA - C2 Calculada automaticamente | P1: ="VALOR EXECUTADO - C2"&CHAR(10)&"Calculado automaticamente" -> VALOR EXECUTADO - C2 Calculado automaticamente | Q1: ="QTD. EXECUTADA - C3"&CHAR(10)&"Calculada automaticamente" -> QTD. EXECUTADA - C3 Calculada automaticamente | R1: ="VALOR EXECUTADO - C3"&CHAR(10)&"Calculado automaticamente" -> VALOR EXECUTADO - C3 Calculado automaticamente | S1: ="QTD. EXECUTADA - C4"&CHAR(10)&"Calculada automaticamente" -> QTD. EXECUTADA - C4 Calculada automaticamente | T1: ="VALOR EXECUTADO - C4"&CHAR(10)&"Calculado automaticamente" -> VALOR EXECUTADO - C4 Calculado automaticamente | U1: CHECK | V1: CHECK_QTD | W1: CICLO | X1: COMPUTAR_NESTA_APURACAO | Y1: FATOR_PROPRIO | Z1: FATOR_ACUMULADO | AA1: EXECUÇÃO IMPLÍCITA C0 — INFORMATIVO | AB1: QTD_EXECUTADA_C0 | AC1: VALOR_EXECUTADO_C0 | AD1: QTD_CONTRATADA_VIGENTE_C0 | AE1: QTD_CONTRATADA_VIGENTE_C1 | AF1: QTD_CONTRATADA_VIGENTE_C2 | AG1: QTD_CONTRATADA_VIGENTE_C3 | AH1: QTD_CONTRATADA_VIGENTE_C4 | AI1: QTD_REM_AJUSTADA_C0 | AJ1: QTD_REM_AJUSTADA_C1 | AK1: QTD_REM_AJUSTADA_C2 | AL1: QTD_REM_AJUSTADA_C3 | AM1: QTD_REM_AJUSTADA_C4 | AN1: CHECK_POSICAO_CONTRATUAL | AO1: QTD_COBERTA_C0 | AP1: QTD_NAO_COBERTA_C0 | AQ1: PARCELA_A_C0 | AR1: PARCELA_B_C0 | AS1: QTD_COBERTA_C1 | AT1: QTD_NAO_COBERTA_C1 | AU1: PARCELA_A_C1 | AV1: PARCELA_B_C1 | AW1: QTD_COBERTA_C2 | AX1: QTD_NAO_COBERTA_C2 | AY1: PARCELA_A_C2 | AZ1: PARCELA_B_C2 | BA1: QTD_COBERTA_C3 | BB1: QTD_NAO_COBERTA_C3 | BC1: PARCELA_A_C3 | BD1: PARCELA_B_C3 | BE1: QTD_COBERTA_C4 | BF1: QTD_NAO_COBERTA_C4 | BG1: PARCELA_A_C4 | BH1: PARCELA_B_C4 | BI1: CICLO_NASCIMENTO_DATA (AUTO)
A2: ITEM-001 | B2: 120 | C2: 250 | D2: =IF(FALSE,ROUND(SUMIF($A1:A$2,"<>",$D1:D$2),2),IF(OR(A2="",B2="",C2=""),"",ROUND(B2*C2,2))) -> 30000 | E2: 120 | F2: =IF(OR(A2="",AND(ISNUMBER(posicao_contratual!$AL2),posicao_contratual!$AL2>1),posicao_contratual!K2="",NOT(ISNUMBER(historico_VU!D2))),"",ROUND(posicao_contratual!K2*historico_VU!D2,2)) -> 31536 | G2: 120 | H2: =IF(OR(A2="",AND(ISNUMBER(posicao_contratual!$AL2),posicao_contratual!$AL2>2),posicao_contratual!O2="",NOT(ISNUMBER(historico_VU!E2))),"",ROUND(posicao_contratual!O2*historico_VU!E2,2)) -> 32715.6 | I2: 120 | J2: =IF(OR(A2="",AND(ISNUMBER(posicao_contratual!$AL2),posicao_contratual!$AL2>3),posicao_contratual!S2="",NOT(ISNUMBER(historico_VU!F2))),"",ROUND(posicao_contratual!S2*historico_VU!F2,2)) -> 33661.2 | K2: 120 | L2: =IF(OR(A2="",AND(ISNUMBER(posicao_contratual!$AL2),posicao_contratual!$AL2>4),posicao_contratual!W2="",NOT(ISNUMBER(historico_VU!G2))),"",ROUND(posicao_contratual!W2*historico_VU!G2,2)) | M2: 120 | N2: =IF(OR(M2="",NOT(ISNUMBER(historico_VU!D2))),"",ROUND(M2*historico_VU!D2,2)) -> 31536 | O2: =IF(OR(posicao_contratual!N2="",posicao_contratual!R2=""),"",ROUND(MAX(posicao_contratual!N2+posicao_contratual!L2-posicao_contratual!R2,0),2)) -> 0 | P2: =IF(OR(O2="",NOT(ISNUMBER(historico_VU!E2))),"",ROUND(O2*historico_VU!E2,2)) -> 0 | Q2: =IF(OR(posicao_contratual!R2="",posicao_contratual!V2=""),"",ROUND(MAX(posicao_contratual!R2+posicao_contratual!P2-posicao_contratual!V2,0),2)) -> 0 | R2: =IF(OR(Q2="",NOT(ISNUMBER(historico_VU!F2))),"",ROUND(Q2*historico_VU!F2,2)) -> 0 | T2: =IF(OR(S2="",NOT(ISNUMBER(historico_VU!G2))),"",ROUND(S2*historico_VU!G2,2)) | U2: =IF(A2="","",posicao_contratual!X2) -> OK | V2: =IF(A2="","",posicao_contratual!X2) -> OK | W2: C0 | X2: =parametros!$A$2 -> Nao | Y2: =IF(ISNUMBER(parametros!$E$2),parametros!$E$2,"") | Z2: =IF(ISNUMBER(parametros!$F$2),parametros!$F$2,"") -> 1 | AB2: =IF(OR(A2="",posicao_contratual!E2="",posicao_contratual!J2=""),"",ROUND(MAX(posicao_contratual!E2-posicao_contratual!J2,0),2)) -> 0 | AC2: =IF(OR(AB2="",NOT(ISNUMBER(historico_VU!C2))),"",ROUND(AB2*historico_VU!C2,2)) -> 0 | AD2: =IF(A2="","",posicao_contratual!E2) -> 120 | AE2: =IF(A2="","",posicao_contratual!I2) -> 120 | AF2: =IF(A2="","",posicao_contratual!M2) -> 120 | AG2: =IF(A2="","",posicao_contratual!Q2) -> 120 | AH2: =IF(A2="","",posicao_contratual!U2) -> 120 | AI2: =IF(A2="","",posicao_contratual!G2) -> 120 | AJ2: =IF(A2="","",posicao_contratual!K2) -> 120 | AK2: =IF(A2="","",posicao_contratual!O2) -> 120 | AL2: =IF(A2="","",posicao_contratual!S2) -> 120 | AM2: =IF(A2="","",posicao_contratual!W2) -> 120 | AN2: =IF(A2="","",posicao_contratual!X2) -> OK | AO2: =IF($A2="","",ROUND(SUMIFS(itens_Consumidos!$E$2:$E$200,itens_Consumidos!$A$2:$A$200,$A2),2)) -> 0 | AP2: =IF(OR($A2="",AB2=""),"",ROUND(MAX(AB2-AO2,0),2)) -> 0 | AQ2: =IF(OR($A2="",AB2="",MEMORIA_RESULTADOS!$I$258=""),"",ROUND(AB2*$C2*(MEMORIA_RESULTADOS!$I$258-1),2)) -> 0 | AR2: =IF(OR($A2="",AP2="",MEMORIA_RESULTADOS!$I$258=""),"",ROUND(AP2*$C2*(parametros!$F$2-MEMORIA_RESULTADOS!$I$258),2)) -> 0 | AS2: =IF($A2="","",ROUND(SUMIFS(itens_Consumidos!$G$2:$G$200,itens_Consumidos!$A$2:$A$200,$A2),2)) -> 0 | AT2: =IF(OR($A2="",M2=""),"",ROUND(MAX(M2-AS2,0),2)) -> 120 | AU2: =IF(OR($A2="",M2="",MEMORIA_RESULTADOS!$I$259=""),"",ROUND(M2*$C2*(MEMORIA_RESULTADOS!$I$259-1),2)) -> 0 | AV2: =IF(OR($A2="",AT2="",MEMORIA_RESULTADOS!$I$259=""),"",ROUND(AT2*$C2*(parametros!$F$3-MEMORIA_RESULTADOS!$I$259),2)) -> 1536 | AW2: =IF($A2="","",ROUND(SUMIFS(itens_Consumidos!$I$2:$I$200,itens_Consumidos!$A$2:$A$200,$A2),2)) -> 0 | AX2: =IF(OR($A2="",O2=""),"",ROUND(MAX(O2-AW2,0),2)) -> 0 | AY2: =IF(OR($A2="",O2="",MEMORIA_RESULTADOS!$I$260=""),"",ROUND(O2*$C2*(MEMORIA_RESULTADOS!$I$260-1),2)) | AZ2: =IF(OR($A2="",AX2="",MEMORIA_RESULTADOS!$I$260=""),"",ROUND(AX2*$C2*(parametros!$F$4-MEMORIA_RESULTADOS!$I$260),2)) | BA2: =IF($A2="","",ROUND(SUMIFS(itens_Consumidos!$K$2:$K$200,itens_Consumidos!$A$2:$A$200,$A2),2)) -> 0 | BB2: =IF(OR($A2="",Q2=""),"",ROUND(MAX(Q2-BA2,0),2)) -> 0 | BC2: =IF(OR($A2="",Q2="",MEMORIA_RESULTADOS!$I$261=""),"",ROUND(Q2*$C2*(MEMORIA_RESULTADOS!$I$261-1),2)) | BD2: =IF(OR($A2="",BB2="",MEMORIA_RESULTADOS!$I$261=""),"",ROUND(BB2*$C2*(parametros!$F$5-MEMORIA_RESULTADOS!$I$261),2)) | BE2: =IF($A2="","",ROUND(SUMIFS(itens_Consumidos!$M$2:$M$200,itens_Consumidos!$A$2:$A$200,$A2),2)) -> 0 | BF2: =IF(OR($A2="",S2=""),"",ROUND(MAX(S2-BE2,0),2)) | BG2: =IF(OR($A2="",S2="",MEMORIA_RESULTADOS!$I$262=""),"",ROUND(S2*$C2*(MEMORIA_RESULTADOS!$I$262-1),2)) | BH2: =IF(OR($A2="",BF2="",MEMORIA_RESULTADOS!$I$262=""),"",ROUND(BF2*$C2*(parametros!$F$6-MEMORIA_RESULTADOS!$I$262),2)) | BI2: =IF($A2="","",IF(posicao_contratual!$AL2="","",posicao_contratual!$AL2)) -> 0
A3: ITEM-002 | B3: 80 | C3: 1500 | D3: =IF(AND(A3="",A2<>"",COUNTIF(A4:$A$200,"<>")=0),ROUND(SUMIF($A$2:A2,"<>",$D$2:D2),2),IF(OR(A3="",B3="",C3=""),"",ROUND(B3*C3,2))) -> 120000 | E3: 80 | F3: =IF(AND(A3="",A2<>"",COUNTIF(A4:$A$200,"<>")=0),IF(COUNT(F$2:F2)=0,"",ROUND(SUMIF($A$2:A2,"<>",F$2:F2),2)),IF(OR(A3="",AND(ISNUMBER(posicao_contratual!$AL3),posicao_contratual!$AL3>1),posicao_contratual!K3="",NOT(ISNUMBER(historico_VU!D3))),"",ROUND(posicao_contratual!K3*historico_VU!D3,2))) -> 126144 | G3: 80 | H3: =IF(AND(A3="",A2<>"",COUNTIF(A4:$A$200,"<>")=0),IF(COUNT(H$2:H2)=0,"",ROUND(SUMIF($A$2:A2,"<>",H$2:H2),2)),IF(OR(A3="",AND(ISNUMBER(posicao_contratual!$AL3),posicao_contratual!$AL3>2),posicao_contratual!O3="",NOT(ISNUMBER(historico_VU!E3))),"",ROUND(posicao_contratual!O3*historico_VU!E3,2))) -> 130861.6 | I3: 80 | J3: =IF(AND(A3="",A2<>"",COUNTIF(A4:$A$200,"<>")=0),IF(COUNT(J$2:J2)=0,"",ROUND(SUMIF($A$2:A2,"<>",J$2:J2),2)),IF(OR(A3="",AND(ISNUMBER(posicao_contratual!$AL3),posicao_contratual!$AL3>3),posicao_contratual!S3="",NOT(ISNUMBER(historico_VU!F3))),"",ROUND(posicao_contratual!S3*historico_VU!F3,2))) -> 134644 | K3: 80 | L3: =IF(AND(A3="",A2<>"",COUNTIF(A4:$A$200,"<>")=0),IF(COUNT(L$2:L2)=0,"",ROUND(SUMIF($A$2:A2,"<>",L$2:L2),2)),IF(OR(A3="",AND(ISNUMBER(posicao_contratual!$AL3),posicao_contratual!$AL3>4),posicao_contratual!W3="",NOT(ISNUMBER(historico_VU!G3))),"",ROUND(posicao_contratual!W3*historico_VU!G3,2))) | M3: 80 | N3: =IF(AND(A3="",A2<>"",COUNTIF(A4:$A$200,"<>")=0),IF(COUNT(N$2:N2)=0,"",ROUND(SUMIF($A$2:A2,"<>",N$2:N2),2)),IF(OR(M3="",NOT(ISNUMBER(historico_VU!D3))),"",ROUND(M3*historico_VU!D3,2))) -> 126144 | O3: =IF(OR(posicao_contratual!N3="",posicao_contratual!R3=""),"",ROUND(MAX(posicao_contratual!N3+posicao_contratual!L3-posicao_contratual!R3,0),2)) -> 0 | P3: =IF(AND(A3="",A2<>"",COUNTIF(A4:$A$200,"<>")=0),IF(COUNT(P$2:P2)=0,"",ROUND(SUMIF($A$2:A2,"<>",P$2:P2),2)),IF(OR(O3="",NOT(ISNUMBER(historico_VU!E3))),"",ROUND(O3*historico_VU!E3,2))) -> 0 | Q3: =IF(OR(posicao_contratual!R3="",posicao_contratual!V3=""),"",ROUND(MAX(posicao_contratual!R3+posicao_contratual!P3-posicao_contratual!V3,0),2)) -> 0 | R3: =IF(AND(A3="",A2<>"",COUNTIF(A4:$A$200,"<>")=0),IF(COUNT(R$2:R2)=0,"",ROUND(SUMIF($A$2:A2,"<>",R$2:R2),2)),IF(OR(Q3="",NOT(ISNUMBER(historico_VU!F3))),"",ROUND(Q3*historico_VU!F3,2))) -> 0 | T3: =IF(AND(A3="",A2<>"",COUNTIF(A4:$A$200,"<>")=0),IF(COUNT(T$2:T2)=0,"",ROUND(SUMIF($A$2:A2,"<>",T$2:T2),2)),IF(OR(S3="",NOT(ISNUMBER(historico_VU!G3))),"",ROUND(S3*historico_VU!G3,2))) | U3: =IF(AND(A3="",A2<>"",COUNTIF(A4:$A$200,"<>")=0),"TOTAL",IF(A3="","",posicao_contratual!X3)) -> OK | V3: =IF(A3="","",posicao_contratual!X3) -> OK | W3: C1 | X3: =parametros!$A$3 -> Sim | Y3: =IF(ISNUMBER(parametros!$E$3),parametros!$E$3,"") -> 0.0512 | Z3: =IF(ISNUMBER(parametros!$F$3),parametros!$F$3,"") -> 1.0512 | AB3: =IF(OR(A3="",posicao_contratual!E3="",posicao_contratual!J3=""),"",ROUND(MAX(posicao_contratual!E3-posicao_contratual!J3,0),2)) -> 0 | AC3: =IF(AND(A3="",A2<>"",COUNTIF(A4:$A$200,"<>")=0),IF(COUNT(AC$2:AC2)=0,"",ROUND(SUMIF($A$2:A2,"<>",AC$2:AC2),2)),IF(OR(AB3="",NOT(ISNUMBER(historico_VU!C3))),"",ROUND(AB3*historico_VU!C3,2))) -> 0 | AD3: =IF(A3="","",posicao_contratual!E3) -> 80 | AE3: =IF(A3="","",posicao_contratual!I3) -> 80 | AF3: =IF(A3="","",posicao_contratual!M3) -> 80 | AG3: =IF(A3="","",posicao_contratual!Q3) -> 80 | AH3: =IF(A3="","",posicao_contratual!U3) -> 80 | AI3: =IF(A3="","",posicao_contratual!G3) -> 80 | AJ3: =IF(A3="","",posicao_contratual!K3) -> 80 | AK3: =IF(A3="","",posicao_contratual!O3) -> 80 | AL3: =IF(A3="","",posicao_contratual!S3) -> 80 | AM3: =IF(A3="","",posicao_contratual!W3) -> 80 | AN3: =IF(A3="","",posicao_contratual!X3) -> OK | AO3: =IF($A3="","",ROUND(SUMIFS(itens_Consumidos!$E$2:$E$200,itens_Consumidos!$A$2:$A$200,$A3),2)) -> 0 | AP3: =IF(OR($A3="",AB3=""),"",ROUND(MAX(AB3-AO3,0),2)) -> 0 | AQ3: =IF(OR($A3="",AB3="",MEMORIA_RESULTADOS!$I$258=""),"",ROUND(AB3*$C3*(MEMORIA_RESULTADOS!$I$258-1),2)) -> 0 | AR3: =IF(OR($A3="",AP3="",MEMORIA_RESULTADOS!$I$258=""),"",ROUND(AP3*$C3*(parametros!$F$2-MEMORIA_RESULTADOS!$I$258),2)) -> 0 | AS3: =IF($A3="","",ROUND(SUMIFS(itens_Consumidos!$G$2:$G$200,itens_Consumidos!$A$2:$A$200,$A3),2)) -> 0 | AT3: =IF(OR($A3="",M3=""),"",ROUND(MAX(M3-AS3,0),2)) -> 80 | AU3: =IF(OR($A3="",M3="",MEMORIA_RESULTADOS!$I$259=""),"",ROUND(M3*$C3*(MEMORIA_RESULTADOS!$I$259-1),2)) -> 0 | AV3: =IF(OR($A3="",AT3="",MEMORIA_RESULTADOS!$I$259=""),"",ROUND(AT3*$C3*(parametros!$F$3-MEMORIA_RESULTADOS!$I$259),2)) -> 6144 | AW3: =IF($A3="","",ROUND(SUMIFS(itens_Consumidos!$I$2:$I$200,itens_Consumidos!$A$2:$A$200,$A3),2)) -> 0 | AX3: =IF(OR($A3="",O3=""),"",ROUND(MAX(O3-AW3,0),2)) -> 0 | AY3: =IF(OR($A3="",O3="",MEMORIA_RESULTADOS!$I$260=""),"",ROUND(O3*$C3*(MEMORIA_RESULTADOS!$I$260-1),2)) | AZ3: =IF(OR($A3="",AX3="",MEMORIA_RESULTADOS!$I$260=""),"",ROUND(AX3*$C3*(parametros!$F$4-MEMORIA_RESULTADOS!$I$260),2)) | BA3: =IF($A3="","",ROUND(SUMIFS(itens_Consumidos!$K$2:$K$200,itens_Consumidos!$A$2:$A$200,$A3),2)) -> 0 | BB3: =IF(OR($A3="",Q3=""),"",ROUND(MAX(Q3-BA3,0),2)) -> 0 | BC3: =IF(OR($A3="",Q3="",MEMORIA_RESULTADOS!$I$261=""),"",ROUND(Q3*$C3*(MEMORIA_RESULTADOS!$I$261-1),2)) | BD3: =IF(OR($A3="",BB3="",MEMORIA_RESULTADOS!$I$261=""),"",ROUND(BB3*$C3*(parametros!$F$5-MEMORIA_RESULTADOS!$I$261),2)) | BE3: =IF($A3="","",ROUND(SUMIFS(itens_Consumidos!$M$2:$M$200,itens_Consumidos!$A$2:$A$200,$A3),2)) -> 0 | BF3: =IF(OR($A3="",S3=""),"",ROUND(MAX(S3-BE3,0),2)) | BG3: =IF(OR($A3="",S3="",MEMORIA_RESULTADOS!$I$262=""),"",ROUND(S3*$C3*(MEMORIA_RESULTADOS!$I$262-1),2)) | BH3: =IF(OR($A3="",BF3="",MEMORIA_RESULTADOS!$I$262=""),"",ROUND(BF3*$C3*(parametros!$F$6-MEMORIA_RESULTADOS!$I$262),2)) | BI3: =IF($A3="","",IF(posicao_contratual!$AL3="","",posicao_contratual!$AL3)) -> 0
A4: ITEM-003 | B4: 40 | C4: 3200 | D4: =IF(AND(A4="",A3<>"",COUNTIF(A5:$A$200,"<>")=0),ROUND(SUMIF($A$2:A3,"<>",$D$2:D3),2),IF(OR(A4="",B4="",C4=""),"",ROUND(B4*C4,2))) -> 128000 | E4: 40 | F4: =IF(AND(A4="",A3<>"",COUNTIF(A5:$A$200,"<>")=0),IF(COUNT(F$2:F3)=0,"",ROUND(SUMIF($A$2:A3,"<>",F$2:F3),2)),IF(OR(A4="",AND(ISNUMBER(posicao_contratual!$AL4),posicao_contratual!$AL4>1),posicao_contratual!K4="",NOT(ISNUMBER(historico_VU!D4))),"",ROUND(posicao_contratual!K4*historico_VU!D4,2))) -> 134553.6 | G4: 40 | H4: =IF(AND(A4="",A3<>"",COUNTIF(A5:$A$200,"<>")=0),IF(COUNT(H$2:H3)=0,"",ROUND(SUMIF($A$2:A3,"<>",H$2:H3),2)),IF(OR(A4="",AND(ISNUMBER(posicao_contratual!$AL4),posicao_contratual!$AL4>2),posicao_contratual!O4="",NOT(ISNUMBER(historico_VU!E4))),"",ROUND(posicao_contratual!O4*historico_VU!E4,2))) -> 139586 | I4: 40 | J4: =IF(AND(A4="",A3<>"",COUNTIF(A5:$A$200,"<>")=0),IF(COUNT(J$2:J3)=0,"",ROUND(SUMIF($A$2:A3,"<>",J$2:J3),2)),IF(OR(A4="",AND(ISNUMBER(posicao_contratual!$AL4),posicao_contratual!$AL4>3),posicao_contratual!S4="",NOT(ISNUMBER(historico_VU!F4))),"",ROUND(posicao_contratual!S4*historico_VU!F4,2))) -> 143620 | K4: 40 | L4: =IF(AND(A4="",A3<>"",COUNTIF(A5:$A$200,"<>")=0),IF(COUNT(L$2:L3)=0,"",ROUND(SUMIF($A$2:A3,"<>",L$2:L3),2)),IF(OR(A4="",AND(ISNUMBER(posicao_contratual!$AL4),posicao_contratual!$AL4>4),posicao_contratual!W4="",NOT(ISNUMBER(historico_VU!G4))),"",ROUND(posicao_contratual!W4*historico_VU!G4,2))) | M4: 40 | N4: =IF(AND(A4="",A3<>"",COUNTIF(A5:$A$200,"<>")=0),IF(COUNT(N$2:N3)=0,"",ROUND(SUMIF($A$2:A3,"<>",N$2:N3),2)),IF(OR(M4="",NOT(ISNUMBER(historico_VU!D4))),"",ROUND(M4*historico_VU!D4,2))) -> 134553.6 | O4: =IF(OR(posicao_contratual!N4="",posicao_contratual!R4=""),"",ROUND(MAX(posicao_contratual!N4+posicao_contratual!L4-posicao_contratual!R4,0),2)) -> 0 | P4: =IF(AND(A4="",A3<>"",COUNTIF(A5:$A$200,"<>")=0),IF(COUNT(P$2:P3)=0,"",ROUND(SUMIF($A$2:A3,"<>",P$2:P3),2)),IF(OR(O4="",NOT(ISNUMBER(historico_VU!E4))),"",ROUND(O4*historico_VU!E4,2))) -> 0 | Q4: =IF(OR(posicao_contratual!R4="",posicao_contratual!V4=""),"",ROUND(MAX(posicao_contratual!R4+posicao_contratual!P4-posicao_contratual!V4,0),2)) -> 0 | R4: =IF(AND(A4="",A3<>"",COUNTIF(A5:$A$200,"<>")=0),IF(COUNT(R$2:R3)=0,"",ROUND(SUMIF($A$2:A3,"<>",R$2:R3),2)),IF(OR(Q4="",NOT(ISNUMBER(historico_VU!F4))),"",ROUND(Q4*historico_VU!F4,2))) -> 0 | T4: =IF(AND(A4="",A3<>"",COUNTIF(A5:$A$200,"<>")=0),IF(COUNT(T$2:T3)=0,"",ROUND(SUMIF($A$2:A3,"<>",T$2:T3),2)),IF(OR(S4="",NOT(ISNUMBER(historico_VU!G4))),"",ROUND(S4*historico_VU!G4,2))) | U4: =IF(AND(A4="",A3<>"",COUNTIF(A5:$A$200,"<>")=0),"TOTAL",IF(A4="","",posicao_contratual!X4)) -> OK | V4: =IF(A4="","",posicao_contratual!X4) -> OK | W4: C2 | X4: =parametros!$A$4 -> Nao | Y4: =IF(ISNUMBER(parametros!$E$4),parametros!$E$4,"") -> 0.0374 | Z4: =IF(ISNUMBER(parametros!$F$4),parametros!$F$4,"") -> 1.0905149 | AB4: =IF(OR(A4="",posicao_contratual!E4="",posicao_contratual!J4=""),"",ROUND(MAX(posicao_contratual!E4-posicao_contratual!J4,0),2)) -> 0 | AC4: =IF(AND(A4="",A3<>"",COUNTIF(A5:$A$200,"<>")=0),IF(COUNT(AC$2:AC3)=0,"",ROUND(SUMIF($A$2:A3,"<>",AC$2:AC3),2)),IF(OR(AB4="",NOT(ISNUMBER(historico_VU!C4))),"",ROUND(AB4*historico_VU!C4,2))) -> 0 | AD4: =IF(A4="","",posicao_contratual!E4) -> 40 | AE4: =IF(A4="","",posicao_contratual!I4) -> 40 | AF4: =IF(A4="","",posicao_contratual!M4) -> 40 | AG4: =IF(A4="","",posicao_contratual!Q4) -> 40 | AH4: =IF(A4="","",posicao_contratual!U4) -> 40 | AI4: =IF(A4="","",posicao_contratual!G4) -> 40 | AJ4: =IF(A4="","",posicao_contratual!K4) -> 40 | AK4: =IF(A4="","",posicao_contratual!O4) -> 40 | AL4: =IF(A4="","",posicao_contratual!S4) -> 40 | AM4: =IF(A4="","",posicao_contratual!W4) -> 40 | AN4: =IF(A4="","",posicao_contratual!X4) -> OK | AO4: =IF($A4="","",ROUND(SUMIFS(itens_Consumidos!$E$2:$E$200,itens_Consumidos!$A$2:$A$200,$A4),2)) -> 0 | AP4: =IF(OR($A4="",AB4=""),"",ROUND(MAX(AB4-AO4,0),2)) -> 0 | AQ4: =IF(OR($A4="",AB4="",MEMORIA_RESULTADOS!$I$258=""),"",ROUND(AB4*$C4*(MEMORIA_RESULTADOS!$I$258-1),2)) -> 0 | AR4: =IF(OR($A4="",AP4="",MEMORIA_RESULTADOS!$I$258=""),"",ROUND(AP4*$C4*(parametros!$F$2-MEMORIA_RESULTADOS!$I$258),2)) -> 0 | AS4: =IF($A4="","",ROUND(SUMIFS(itens_Consumidos!$G$2:$G$200,itens_Consumidos!$A$2:$A$200,$A4),2)) -> 0 | AT4: =IF(OR($A4="",M4=""),"",ROUND(MAX(M4-AS4,0),2)) -> 40 | AU4: =IF(OR($A4="",M4="",MEMORIA_RESULTADOS!$I$259=""),"",ROUND(M4*$C4*(MEMORIA_RESULTADOS!$I$259-1),2)) -> 0 | AV4: =IF(OR($A4="",AT4="",MEMORIA_RESULTADOS!$I$259=""),"",ROUND(AT4*$C4*(parametros!$F$3-MEMORIA_RESULTADOS!$I$259),2)) -> 6553.6 | AW4: =IF($A4="","",ROUND(SUMIFS(itens_Consumidos!$I$2:$I$200,itens_Consumidos!$A$2:$A$200,$A4),2)) -> 0 | AX4: =IF(OR($A4="",O4=""),"",ROUND(MAX(O4-AW4,0),2)) -> 0 | AY4: =IF(OR($A4="",O4="",MEMORIA_RESULTADOS!$I$260=""),"",ROUND(O4*$C4*(MEMORIA_RESULTADOS!$I$260-1),2)) | AZ4: =IF(OR($A4="",AX4="",MEMORIA_RESULTADOS!$I$260=""),"",ROUND(AX4*$C4*(parametros!$F$4-MEMORIA_RESULTADOS!$I$260),2)) | BA4: =IF($A4="","",ROUND(SUMIFS(itens_Consumidos!$K$2:$K$200,itens_Consumidos!$A$2:$A$200,$A4),2)) -> 0 | BB4: =IF(OR($A4="",Q4=""),"",ROUND(MAX(Q4-BA4,0),2)) -> 0 | BC4: =IF(OR($A4="",Q4="",MEMORIA_RESULTADOS!$I$261=""),"",ROUND(Q4*$C4*(MEMORIA_RESULTADOS!$I$261-1),2)) | BD4: =IF(OR($A4="",BB4="",MEMORIA_RESULTADOS!$I$261=""),"",ROUND(BB4*$C4*(parametros!$F$5-MEMORIA_RESULTADOS!$I$261),2)) | BE4: =IF($A4="","",ROUND(SUMIFS(itens_Consumidos!$M$2:$M$200,itens_Consumidos!$A$2:$A$200,$A4),2)) -> 0 | BF4: =IF(OR($A4="",S4=""),"",ROUND(MAX(S4-BE4,0),2)) | BG4: =IF(OR($A4="",S4="",MEMORIA_RESULTADOS!$I$262=""),"",ROUND(S4*$C4*(MEMORIA_RESULTADOS!$I$262-1),2)) | BH4: =IF(OR($A4="",BF4="",MEMORIA_RESULTADOS!$I$262=""),"",ROUND(BF4*$C4*(parametros!$F$6-MEMORIA_RESULTADOS!$I$262),2)) | BI4: =IF($A4="","",IF(posicao_contratual!$AL4="","",posicao_contratual!$AL4)) -> 0
B5: =IF(AND(LEN(TRIM($A5))=4,LEFT(TRIM($A5),1)="N",ISNUMBER(--MID(TRIM($A5),2,3)),ISERROR(FIND(".",$A5)),ISERROR(FIND(",",$A5)),ISERROR(FIND("-",$A5)),ISERROR(FIND("+",$A5)),ISERROR(SEARCH("E",$A5,2)),ISERROR(FIND(" ",TRIM($A5)))),0,"") | D5: =IF(AND(A5="",A4<>"",COUNTIF(A6:$A$200,"<>")=0),ROUND(SUMIF($A$2:A4,"<>",$D$2:D4),2),IF(OR(A5="",B5="",C5=""),"",ROUND(B5*C5,2))) -> 278000 | F5: =IF(AND(A5="",A4<>"",COUNTIF(A6:$A$200,"<>")=0),IF(COUNT(F$2:F4)=0,"",ROUND(SUMIF($A$2:A4,"<>",F$2:F4),2)),IF(OR(A5="",AND(ISNUMBER(posicao_contratual!$AL5),posicao_contratual!$AL5>1),posicao_contratual!K5="",NOT(ISNUMBER(historico_VU!D5))),"",ROUND(posicao_contratual!K5*historico_VU!D5,2))) -> 292233.6 | H5: =IF(AND(A5="",A4<>"",COUNTIF(A6:$A$200,"<>")=0),IF(COUNT(H$2:H4)=0,"",ROUND(SUMIF($A$2:A4,"<>",H$2:H4),2)),IF(OR(A5="",AND(ISNUMBER(posicao_contratual!$AL5),posicao_contratual!$AL5>2),posicao_contratual!O5="",NOT(ISNUMBER(historico_VU!E5))),"",ROUND(posicao_contratual!O5*historico_VU!E5,2))) -> 303163.2 | J5: =IF(AND(A5="",A4<>"",COUNTIF(A6:$A$200,"<>")=0),IF(COUNT(J$2:J4)=0,"",ROUND(SUMIF($A$2:A4,"<>",J$2:J4),2)),IF(OR(A5="",AND(ISNUMBER(posicao_contratual!$AL5),posicao_contratual!$AL5>3),posicao_contratual!S5="",NOT(ISNUMBER(historico_VU!F5))),"",ROUND(posicao_contratual!S5*historico_VU!F5,2))) -> 311925.2 | L5: =IF(AND(A5="",A4<>"",COUNTIF(A6:$A$200,"<>")=0),IF(COUNT(L$2:L4)=0,"",ROUND(SUMIF($A$2:A4,"<>",L$2:L4),2)),IF(OR(A5="",AND(ISNUMBER(posicao_contratual!$AL5),posicao_contratual!$AL5>4),posicao_contratual!W5="",NOT(ISNUMBER(historico_VU!G5))),"",ROUND(posicao_contratual!W5*historico_VU!G5,2))) | M5: =IF(OR(posicao_contratual!J5="",posicao_contratual!N5=""),"",ROUND(MAX(posicao_contratual!J5+posicao_contratual!H5-posicao_contratual!N5,0),2)) | N5: =IF(AND(A5="",A4<>"",COUNTIF(A6:$A$200,"<>")=0),IF(COUNT(N$2:N4)=0,"",ROUND(SUMIF($A$2:A4,"<>",N$2:N4),2)),IF(OR(M5="",NOT(ISNUMBER(historico_VU!D5))),"",ROUND(M5*historico_VU!D5,2))) -> 292233.6 | O5: =IF(OR(posicao_contratual!N5="",posicao_contratual!R5=""),"",ROUND(MAX(posicao_contratual!N5+posicao_contratual!L5-posicao_contratual!R5,0),2)) | P5: =IF(AND(A5="",A4<>"",COUNTIF(A6:$A$200,"<>")=0),IF(COUNT(P$2:P4)=0,"",ROUND(SUMIF($A$2:A4,"<>",P$2:P4),2)),IF(OR(O5="",NOT(ISNUMBER(historico_VU!E5))),"",ROUND(O5*historico_VU!E5,2))) -> 0 | Q5: =IF(OR(posicao_contratual!R5="",posicao_contratual!V5=""),"",ROUND(MAX(posicao_contratual!R5+posicao_contratual!P5-posicao_contratual!V5,0),2)) | R5: =IF(AND(A5="",A4<>"",COUNTIF(A6:$A$200,"<>")=0),IF(COUNT(R$2:R4)=0,"",ROUND(SUMIF($A$2:A4,"<>",R$2:R4),2)),IF(OR(Q5="",NOT(ISNUMBER(historico_VU!F5))),"",ROUND(Q5*historico_VU!F5,2))) -> 0 | T5: =IF(AND(A5="",A4<>"",COUNTIF(A6:$A$200,"<>")=0),IF(COUNT(T$2:T4)=0,"",ROUND(SUMIF($A$2:A4,"<>",T$2:T4),2)),IF(OR(S5="",NOT(ISNUMBER(historico_VU!G5))),"",ROUND(S5*historico_VU!G5,2))) | U5: =IF(AND(A5="",A4<>"",COUNTIF(A6:$A$200,"<>")=0),"TOTAL",IF(A5="","",posicao_contratual!X5)) -> TOTAL | V5: =IF(A5="","",posicao_contratual!X5) | W5: C3 | X5: =parametros!$A$5 -> Nao | Y5: =IF(ISNUMBER(parametros!$E$5),parametros!$E$5,"") -> 0.0289 | Z5: =IF(ISNUMBER(parametros!$F$5),parametros!$F$5,"") -> 1.1220308 | AB5: =IF(OR(A5="",posicao_contratual!E5="",posicao_contratual!J5=""),"",ROUND(MAX(posicao_contratual!E5-posicao_contratual!J5,0),2)) | AC5: =IF(AND(A5="",A4<>"",COUNTIF(A6:$A$200,"<>")=0),IF(COUNT(AC$2:AC4)=0,"",ROUND(SUMIF($A$2:A4,"<>",AC$2:AC4),2)),IF(OR(AB5="",NOT(ISNUMBER(historico_VU!C5))),"",ROUND(AB5*historico_VU!C5,2))) -> 0 | AD5: =IF(A5="","",posicao_contratual!E5) | AE5: =IF(A5="","",posicao_contratual!I5) | AF5: =IF(A5="","",posicao_contratual!M5) | AG5: =IF(A5="","",posicao_contratual!Q5) | AH5: =IF(A5="","",posicao_contratual!U5) | AI5: =IF(A5="","",posicao_contratual!G5) | AJ5: =IF(A5="","",posicao_contratual!K5) | AK5: =IF(A5="","",posicao_contratual!O5) | AL5: =IF(A5="","",posicao_contratual!S5) | AM5: =IF(A5="","",posicao_contratual!W5) | AN5: =IF(A5="","",posicao_contratual!X5) | AO5: =IF($A5="","",ROUND(SUMIFS(itens_Consumidos!$E$2:$E$200,itens_Consumidos!$A$2:$A$200,$A5),2)) | AP5: =IF(OR($A5="",AB5=""),"",ROUND(MAX(AB5-AO5,0),2)) | AQ5: =IF(OR($A5="",AB5="",MEMORIA_RESULTADOS!$I$258=""),"",ROUND(AB5*$C5*(MEMORIA_RESULTADOS!$I$258-1),2)) | AR5: =IF(OR($A5="",AP5="",MEMORIA_RESULTADOS!$I$258=""),"",ROUND(AP5*$C5*(parametros!$F$2-MEMORIA_RESULTADOS!$I$258),2)) | AS5: =IF($A5="","",ROUND(SUMIFS(itens_Consumidos!$G$2:$G$200,itens_Consumidos!$A$2:$A$200,$A5),2)) | AT5: =IF(OR($A5="",M5=""),"",ROUND(MAX(M5-AS5,0),2)) | AU5: =IF(OR($A5="",M5="",MEMORIA_RESULTADOS!$I$259=""),"",ROUND(M5*$C5*(MEMORIA_RESULTADOS!$I$259-1),2)) | AV5: =IF(OR($A5="",AT5="",MEMORIA_RESULTADOS!$I$259=""),"",ROUND(AT5*$C5*(parametros!$F$3-MEMORIA_RESULTADOS!$I$259),2)) | AW5: =IF($A5="","",ROUND(SUMIFS(itens_Consumidos!$I$2:$I$200,itens_Consumidos!$A$2:$A$200,$A5),2)) | AX5: =IF(OR($A5="",O5=""),"",ROUND(MAX(O5-AW5,0),2)) | AY5: =IF(OR($A5="",O5="",MEMORIA_RESULTADOS!$I$260=""),"",ROUND(O5*$C5*(MEMORIA_RESULTADOS!$I$260-1),2)) | AZ5: =IF(OR($A5="",AX5="",MEMORIA_RESULTADOS!$I$260=""),"",ROUND(AX5*$C5*(parametros!$F$4-MEMORIA_RESULTADOS!$I$260),2)) | BA5: =IF($A5="","",ROUND(SUMIFS(itens_Consumidos!$K$2:$K$200,itens_Consumidos!$A$2:$A$200,$A5),2)) | BB5: =IF(OR($A5="",Q5=""),"",ROUND(MAX(Q5-BA5,0),2)) | BC5: =IF(OR($A5="",Q5="",MEMORIA_RESULTADOS!$I$261=""),"",ROUND(Q5*$C5*(MEMORIA_RESULTADOS!$I$261-1),2)) | BD5: =IF(OR($A5="",BB5="",MEMORIA_RESULTADOS!$I$261=""),"",ROUND(BB5*$C5*(parametros!$F$5-MEMORIA_RESULTADOS!$I$261),2)) | BE5: =IF($A5="","",ROUND(SUMIFS(itens_Consumidos!$M$2:$M$200,itens_Consumidos!$A$2:$A$200,$A5),2)) | BF5: =IF(OR($A5="",S5=""),"",ROUND(MAX(S5-BE5,0),2)) | BG5: =IF(OR($A5="",S5="",MEMORIA_RESULTADOS!$I$262=""),"",ROUND(S5*$C5*(MEMORIA_RESULTADOS!$I$262-1),2)) | BH5: =IF(OR($A5="",BF5="",MEMORIA_RESULTADOS!$I$262=""),"",ROUND(BF5*$C5*(parametros!$F$6-MEMORIA_RESULTADOS!$I$262),2)) | BI5: =IF($A5="","",IF(posicao_contratual!$AL5="","",posicao_contratual!$AL5))
B6: =IF(AND(LEN(TRIM($A6))=4,LEFT(TRIM($A6),1)="N",ISNUMBER(--MID(TRIM($A6),2,3)),ISERROR(FIND(".",$A6)),ISERROR(FIND(",",$A6)),ISERROR(FIND("-",$A6)),ISERROR(FIND("+",$A6)),ISERROR(SEARCH("E",$A6,2)),ISERROR(FIND(" ",TRIM($A6)))),0,"") | D6: =IF(AND(A6="",A5<>"",COUNTIF(A7:$A$200,"<>")=0),ROUND(SUMIF($A$2:A5,"<>",$D$2:D5),2),IF(OR(A6="",B6="",C6=""),"",ROUND(B6*C6,2))) | F6: =IF(AND(A6="",A5<>"",COUNTIF(A7:$A$200,"<>")=0),IF(COUNT(F$2:F5)=0,"",ROUND(SUMIF($A$2:A5,"<>",F$2:F5),2)),IF(OR(A6="",AND(ISNUMBER(posicao_contratual!$AL6),posicao_contratual!$AL6>1),posicao_contratual!K6="",NOT(ISNUMBER(historico_VU!D6))),"",ROUND(posicao_contratual!K6*historico_VU!D6,2))) | H6: =IF(AND(A6="",A5<>"",COUNTIF(A7:$A$200,"<>")=0),IF(COUNT(H$2:H5)=0,"",ROUND(SUMIF($A$2:A5,"<>",H$2:H5),2)),IF(OR(A6="",AND(ISNUMBER(posicao_contratual!$AL6),posicao_contratual!$AL6>2),posicao_contratual!O6="",NOT(ISNUMBER(historico_VU!E6))),"",ROUND(posicao_contratual!O6*historico_VU!E6,2))) | J6: =IF(AND(A6="",A5<>"",COUNTIF(A7:$A$200,"<>")=0),IF(COUNT(J$2:J5)=0,"",ROUND(SUMIF($A$2:A5,"<>",J$2:J5),2)),IF(OR(A6="",AND(ISNUMBER(posicao_contratual!$AL6),posicao_contratual!$AL6>3),posicao_contratual!S6="",NOT(ISNUMBER(historico_VU!F6))),"",ROUND(posicao_contratual!S6*historico_VU!F6,2))) | L6: =IF(AND(A6="",A5<>"",COUNTIF(A7:$A$200,"<>")=0),IF(COUNT(L$2:L5)=0,"",ROUND(SUMIF($A$2:A5,"<>",L$2:L5),2)),IF(OR(A6="",AND(ISNUMBER(posicao_contratual!$AL6),posicao_contratual!$AL6>4),posicao_contratual!W6="",NOT(ISNUMBER(historico_VU!G6))),"",ROUND(posicao_contratual!W6*historico_VU!G6,2))) | M6: =IF(OR(posicao_contratual!J6="",posicao_contratual!N6=""),"",ROUND(MAX(posicao_contratual!J6+posicao_contratual!H6-posicao_contratual!N6,0),2)) | N6: =IF(AND(A6="",A5<>"",COUNTIF(A7:$A$200,"<>")=0),IF(COUNT(N$2:N5)=0,"",ROUND(SUMIF($A$2:A5,"<>",N$2:N5),2)),IF(OR(M6="",NOT(ISNUMBER(historico_VU!D6))),"",ROUND(M6*historico_VU!D6,2))) | O6: =IF(OR(posicao_contratual!N6="",posicao_contratual!R6=""),"",ROUND(MAX(posicao_contratual!N6+posicao_contratual!L6-posicao_contratual!R6,0),2)) | P6: =IF(AND(A6="",A5<>"",COUNTIF(A7:$A$200,"<>")=0),IF(COUNT(P$2:P5)=0,"",ROUND(SUMIF($A$2:A5,"<>",P$2:P5),2)),IF(OR(O6="",NOT(ISNUMBER(historico_VU!E6))),"",ROUND(O6*historico_VU!E6,2))) | Q6: =IF(OR(posicao_contratual!R6="",posicao_contratual!V6=""),"",ROUND(MAX(posicao_contratual!R6+posicao_contratual!P6-posicao_contratual!V6,0),2)) | R6: =IF(AND(A6="",A5<>"",COUNTIF(A7:$A$200,"<>")=0),IF(COUNT(R$2:R5)=0,"",ROUND(SUMIF($A$2:A5,"<>",R$2:R5),2)),IF(OR(Q6="",NOT(ISNUMBER(historico_VU!F6))),"",ROUND(Q6*historico_VU!F6,2))) | T6: =IF(AND(A6="",A5<>"",COUNTIF(A7:$A$200,"<>")=0),IF(COUNT(T$2:T5)=0,"",ROUND(SUMIF($A$2:A5,"<>",T$2:T5),2)),IF(OR(S6="",NOT(ISNUMBER(historico_VU!G6))),"",ROUND(S6*historico_VU!G6,2))) | U6: =IF(AND(A6="",A5<>"",COUNTIF(A7:$A$200,"<>")=0),"TOTAL",IF(A6="","",posicao_contratual!X6)) | V6: =IF(A6="","",posicao_contratual!X6) | W6: C4 | X6: =parametros!$A$6 -> Nao | Y6: =IF(ISNUMBER(parametros!$E$6),parametros!$E$6,"") | Z6: =IF(ISNUMBER(parametros!$F$6),parametros!$F$6,"") | AB6: =IF(OR(A6="",posicao_contratual!E6="",posicao_contratual!J6=""),"",ROUND(MAX(posicao_contratual!E6-posicao_contratual!J6,0),2)) | AC6: =IF(AND(A6="",A5<>"",COUNTIF(A7:$A$200,"<>")=0),IF(COUNT(AC$2:AC5)=0,"",ROUND(SUMIF($A$2:A5,"<>",AC$2:AC5),2)),IF(OR(AB6="",NOT(ISNUMBER(historico_VU!C6))),"",ROUND(AB6*historico_VU!C6,2))) | AD6: =IF(A6="","",posicao_contratual!E6) | AE6: =IF(A6="","",posicao_contratual!I6) | AF6: =IF(A6="","",posicao_contratual!M6) | AG6: =IF(A6="","",posicao_contratual!Q6) | AH6: =IF(A6="","",posicao_contratual!U6) | AI6: =IF(A6="","",posicao_contratual!G6) | AJ6: =IF(A6="","",posicao_contratual!K6) | AK6: =IF(A6="","",posicao_contratual!O6) | AL6: =IF(A6="","",posicao_contratual!S6) | AM6: =IF(A6="","",posicao_contratual!W6) | AN6: =IF(A6="","",posicao_contratual!X6) | AO6: =IF($A6="","",ROUND(SUMIFS(itens_Consumidos!$E$2:$E$200,itens_Consumidos!$A$2:$A$200,$A6),2)) | AP6: =IF(OR($A6="",AB6=""),"",ROUND(MAX(AB6-AO6,0),2)) | AQ6: =IF(OR($A6="",AB6="",MEMORIA_RESULTADOS!$I$258=""),"",ROUND(AB6*$C6*(MEMORIA_RESULTADOS!$I$258-1),2)) | AR6: =IF(OR($A6="",AP6="",MEMORIA_RESULTADOS!$I$258=""),"",ROUND(AP6*$C6*(parametros!$F$2-MEMORIA_RESULTADOS!$I$258),2)) | AS6: =IF($A6="","",ROUND(SUMIFS(itens_Consumidos!$G$2:$G$200,itens_Consumidos!$A$2:$A$200,$A6),2)) | AT6: =IF(OR($A6="",M6=""),"",ROUND(MAX(M6-AS6,0),2)) | AU6: =IF(OR($A6="",M6="",MEMORIA_RESULTADOS!$I$259=""),"",ROUND(M6*$C6*(MEMORIA_RESULTADOS!$I$259-1),2)) | AV6: =IF(OR($A6="",AT6="",MEMORIA_RESULTADOS!$I$259=""),"",ROUND(AT6*$C6*(parametros!$F$3-MEMORIA_RESULTADOS!$I$259),2)) | AW6: =IF($A6="","",ROUND(SUMIFS(itens_Consumidos!$I$2:$I$200,itens_Consumidos!$A$2:$A$200,$A6),2)) | AX6: =IF(OR($A6="",O6=""),"",ROUND(MAX(O6-AW6,0),2)) | AY6: =IF(OR($A6="",O6="",MEMORIA_RESULTADOS!$I$260=""),"",ROUND(O6*$C6*(MEMORIA_RESULTADOS!$I$260-1),2)) | AZ6: =IF(OR($A6="",AX6="",MEMORIA_RESULTADOS!$I$260=""),"",ROUND(AX6*$C6*(parametros!$F$4-MEMORIA_RESULTADOS!$I$260),2)) | BA6: =IF($A6="","",ROUND(SUMIFS(itens_Consumidos!$K$2:$K$200,itens_Consumidos!$A$2:$A$200,$A6),2)) | BB6: =IF(OR($A6="",Q6=""),"",ROUND(MAX(Q6-BA6,0),2)) | BC6: =IF(OR($A6="",Q6="",MEMORIA_RESULTADOS!$I$261=""),"",ROUND(Q6*$C6*(MEMORIA_RESULTADOS!$I$261-1),2)) | BD6: =IF(OR($A6="",BB6="",MEMORIA_RESULTADOS!$I$261=""),"",ROUND(BB6*$C6*(parametros!$F$5-MEMORIA_RESULTADOS!$I$261),2)) | BE6: =IF($A6="","",ROUND(SUMIFS(itens_Consumidos!$M$2:$M$200,itens_Consumidos!$A$2:$A$200,$A6),2)) | BF6: =IF(OR($A6="",S6=""),"",ROUND(MAX(S6-BE6,0),2)) | BG6: =IF(OR($A6="",S6="",MEMORIA_RESULTADOS!$I$262=""),"",ROUND(S6*$C6*(MEMORIA_RESULTADOS!$I$262-1),2)) | BH6: =IF(OR($A6="",BF6="",MEMORIA_RESULTADOS!$I$262=""),"",ROUND(BF6*$C6*(parametros!$F$6-MEMORIA_RESULTADOS!$I$262),2)) | BI6: =IF($A6="","",IF(posicao_contratual!$AL6="","",posicao_contratual!$AL6))
B7: =IF(AND(LEN(TRIM($A7))=4,LEFT(TRIM($A7),1)="N",ISNUMBER(--MID(TRIM($A7),2,3)),ISERROR(FIND(".",$A7)),ISERROR(FIND(",",$A7)),ISERROR(FIND("-",$A7)),ISERROR(FIND("+",$A7)),ISERROR(SEARCH("E",$A7,2)),ISERROR(FIND(" ",TRIM($A7)))),0,"") | D7: =IF(AND(A7="",A6<>"",COUNTIF(A8:$A$200,"<>")=0),ROUND(SUMIF($A$2:A6,"<>",$D$2:D6),2),IF(OR(A7="",B7="",C7=""),"",ROUND(B7*C7,2))) | F7: =IF(AND(A7="",A6<>"",COUNTIF(A8:$A$200,"<>")=0),IF(COUNT(F$2:F6)=0,"",ROUND(SUMIF($A$2:A6,"<>",F$2:F6),2)),IF(OR(A7="",AND(ISNUMBER(posicao_contratual!$AL7),posicao_contratual!$AL7>1),posicao_contratual!K7="",NOT(ISNUMBER(historico_VU!D7))),"",ROUND(posicao_contratual!K7*historico_VU!D7,2))) | H7: =IF(AND(A7="",A6<>"",COUNTIF(A8:$A$200,"<>")=0),IF(COUNT(H$2:H6)=0,"",ROUND(SUMIF($A$2:A6,"<>",H$2:H6),2)),IF(OR(A7="",AND(ISNUMBER(posicao_contratual!$AL7),posicao_contratual!$AL7>2),posicao_contratual!O7="",NOT(ISNUMBER(historico_VU!E7))),"",ROUND(posicao_contratual!O7*historico_VU!E7,2))) | J7: =IF(AND(A7="",A6<>"",COUNTIF(A8:$A$200,"<>")=0),IF(COUNT(J$2:J6)=0,"",ROUND(SUMIF($A$2:A6,"<>",J$2:J6),2)),IF(OR(A7="",AND(ISNUMBER(posicao_contratual!$AL7),posicao_contratual!$AL7>3),posicao_contratual!S7="",NOT(ISNUMBER(historico_VU!F7))),"",ROUND(posicao_contratual!S7*historico_VU!F7,2))) | L7: =IF(AND(A7="",A6<>"",COUNTIF(A8:$A$200,"<>")=0),IF(COUNT(L$2:L6)=0,"",ROUND(SUMIF($A$2:A6,"<>",L$2:L6),2)),IF(OR(A7="",AND(ISNUMBER(posicao_contratual!$AL7),posicao_contratual!$AL7>4),posicao_contratual!W7="",NOT(ISNUMBER(historico_VU!G7))),"",ROUND(posicao_contratual!W7*historico_VU!G7,2))) | M7: =IF(OR(posicao_contratual!J7="",posicao_contratual!N7=""),"",ROUND(MAX(posicao_contratual!J7+posicao_contratual!H7-posicao_contratual!N7,0),2)) | N7: =IF(AND(A7="",A6<>"",COUNTIF(A8:$A$200,"<>")=0),IF(COUNT(N$2:N6)=0,"",ROUND(SUMIF($A$2:A6,"<>",N$2:N6),2)),IF(OR(M7="",NOT(ISNUMBER(historico_VU!D7))),"",ROUND(M7*historico_VU!D7,2))) | O7: =IF(OR(posicao_contratual!N7="",posicao_contratual!R7=""),"",ROUND(MAX(posicao_contratual!N7+posicao_contratual!L7-posicao_contratual!R7,0),2)) | P7: =IF(AND(A7="",A6<>"",COUNTIF(A8:$A$200,"<>")=0),IF(COUNT(P$2:P6)=0,"",ROUND(SUMIF($A$2:A6,"<>",P$2:P6),2)),IF(OR(O7="",NOT(ISNUMBER(historico_VU!E7))),"",ROUND(O7*historico_VU!E7,2))) | Q7: =IF(OR(posicao_contratual!R7="",posicao_contratual!V7=""),"",ROUND(MAX(posicao_contratual!R7+posicao_contratual!P7-posicao_contratual!V7,0),2)) | R7: =IF(AND(A7="",A6<>"",COUNTIF(A8:$A$200,"<>")=0),IF(COUNT(R$2:R6)=0,"",ROUND(SUMIF($A$2:A6,"<>",R$2:R6),2)),IF(OR(Q7="",NOT(ISNUMBER(historico_VU!F7))),"",ROUND(Q7*historico_VU!F7,2))) | T7: =IF(AND(A7="",A6<>"",COUNTIF(A8:$A$200,"<>")=0),IF(COUNT(T$2:T6)=0,"",ROUND(SUMIF($A$2:A6,"<>",T$2:T6),2)),IF(OR(S7="",NOT(ISNUMBER(historico_VU!G7))),"",ROUND(S7*historico_VU!G7,2))) | U7: =IF(AND(A7="",A6<>"",COUNTIF(A8:$A$200,"<>")=0),"TOTAL",IF(A7="","",posicao_contratual!X7)) | V7: =IF(A7="","",posicao_contratual!X7) | AB7: =IF(OR(A7="",posicao_contratual!E7="",posicao_contratual!J7=""),"",ROUND(MAX(posicao_contratual!E7-posicao_contratual!J7,0),2)) | AC7: =IF(AND(A7="",A6<>"",COUNTIF(A8:$A$200,"<>")=0),IF(COUNT(AC$2:AC6)=0,"",ROUND(SUMIF($A$2:A6,"<>",AC$2:AC6),2)),IF(OR(AB7="",NOT(ISNUMBER(historico_VU!C7))),"",ROUND(AB7*historico_VU!C7,2))) | AD7: =IF(A7="","",posicao_contratual!E7) | AE7: =IF(A7="","",posicao_contratual!I7) | AF7: =IF(A7="","",posicao_contratual!M7) | AG7: =IF(A7="","",posicao_contratual!Q7) | AH7: =IF(A7="","",posicao_contratual!U7) | AI7: =IF(A7="","",posicao_contratual!G7) | AJ7: =IF(A7="","",posicao_contratual!K7) | AK7: =IF(A7="","",posicao_contratual!O7) | AL7: =IF(A7="","",posicao_contratual!S7) | AM7: =IF(A7="","",posicao_contratual!W7) | AN7: =IF(A7="","",posicao_contratual!X7) | AO7: =IF($A7="","",ROUND(SUMIFS(itens_Consumidos!$E$2:$E$200,itens_Consumidos!$A$2:$A$200,$A7),2)) | AP7: =IF(OR($A7="",AB7=""),"",ROUND(MAX(AB7-AO7,0),2)) | AQ7: =IF(OR($A7="",AB7="",MEMORIA_RESULTADOS!$I$258=""),"",ROUND(AB7*$C7*(MEMORIA_RESULTADOS!$I$258-1),2)) | AR7: =IF(OR($A7="",AP7="",MEMORIA_RESULTADOS!$I$258=""),"",ROUND(AP7*$C7*(parametros!$F$2-MEMORIA_RESULTADOS!$I$258),2)) | AS7: =IF($A7="","",ROUND(SUMIFS(itens_Consumidos!$G$2:$G$200,itens_Consumidos!$A$2:$A$200,$A7),2)) | AT7: =IF(OR($A7="",M7=""),"",ROUND(MAX(M7-AS7,0),2)) | AU7: =IF(OR($A7="",M7="",MEMORIA_RESULTADOS!$I$259=""),"",ROUND(M7*$C7*(MEMORIA_RESULTADOS!$I$259-1),2)) | AV7: =IF(OR($A7="",AT7="",MEMORIA_RESULTADOS!$I$259=""),"",ROUND(AT7*$C7*(parametros!$F$3-MEMORIA_RESULTADOS!$I$259),2)) | AW7: =IF($A7="","",ROUND(SUMIFS(itens_Consumidos!$I$2:$I$200,itens_Consumidos!$A$2:$A$200,$A7),2)) | AX7: =IF(OR($A7="",O7=""),"",ROUND(MAX(O7-AW7,0),2)) | AY7: =IF(OR($A7="",O7="",MEMORIA_RESULTADOS!$I$260=""),"",ROUND(O7*$C7*(MEMORIA_RESULTADOS!$I$260-1),2)) | AZ7: =IF(OR($A7="",AX7="",MEMORIA_RESULTADOS!$I$260=""),"",ROUND(AX7*$C7*(parametros!$F$4-MEMORIA_RESULTADOS!$I$260),2)) | BA7: =IF($A7="","",ROUND(SUMIFS(itens_Consumidos!$K$2:$K$200,itens_Consumidos!$A$2:$A$200,$A7),2)) | BB7: =IF(OR($A7="",Q7=""),"",ROUND(MAX(Q7-BA7,0),2)) | BC7: =IF(OR($A7="",Q7="",MEMORIA_RESULTADOS!$I$261=""),"",ROUND(Q7*$C7*(MEMORIA_RESULTADOS!$I$261-1),2)) | BD7: =IF(OR($A7="",BB7="",MEMORIA_RESULTADOS!$I$261=""),"",ROUND(BB7*$C7*(parametros!$F$5-MEMORIA_RESULTADOS!$I$261),2)) | BE7: =IF($A7="","",ROUND(SUMIFS(itens_Consumidos!$M$2:$M$200,itens_Consumidos!$A$2:$A$200,$A7),2)) | BF7: =IF(OR($A7="",S7=""),"",ROUND(MAX(S7-BE7,0),2)) | BG7: =IF(OR($A7="",S7="",MEMORIA_RESULTADOS!$I$262=""),"",ROUND(S7*$C7*(MEMORIA_RESULTADOS!$I$262-1),2)) | BH7: =IF(OR($A7="",BF7="",MEMORIA_RESULTADOS!$I$262=""),"",ROUND(BF7*$C7*(parametros!$F$6-MEMORIA_RESULTADOS!$I$262),2)) | BI7: =IF($A7="","",IF(posicao_contratual!$AL7="","",posicao_contratual!$AL7))
B8: =IF(AND(LEN(TRIM($A8))=4,LEFT(TRIM($A8),1)="N",ISNUMBER(--MID(TRIM($A8),2,3)),ISERROR(FIND(".",$A8)),ISERROR(FIND(",",$A8)),ISERROR(FIND("-",$A8)),ISERROR(FIND("+",$A8)),ISERROR(SEARCH("E",$A8,2)),ISERROR(FIND(" ",TRIM($A8)))),0,"") | D8: =IF(AND(A8="",A7<>"",COUNTIF(A9:$A$200,"<>")=0),ROUND(SUMIF($A$2:A7,"<>",$D$2:D7),2),IF(OR(A8="",B8="",C8=""),"",ROUND(B8*C8,2))) | F8: =IF(AND(A8="",A7<>"",COUNTIF(A9:$A$200,"<>")=0),IF(COUNT(F$2:F7)=0,"",ROUND(SUMIF($A$2:A7,"<>",F$2:F7),2)),IF(OR(A8="",AND(ISNUMBER(posicao_contratual!$AL8),posicao_contratual!$AL8>1),posicao_contratual!K8="",NOT(ISNUMBER(historico_VU!D8))),"",ROUND(posicao_contratual!K8*historico_VU!D8,2))) | H8: =IF(AND(A8="",A7<>"",COUNTIF(A9:$A$200,"<>")=0),IF(COUNT(H$2:H7)=0,"",ROUND(SUMIF($A$2:A7,"<>",H$2:H7),2)),IF(OR(A8="",AND(ISNUMBER(posicao_contratual!$AL8),posicao_contratual!$AL8>2),posicao_contratual!O8="",NOT(ISNUMBER(historico_VU!E8))),"",ROUND(posicao_contratual!O8*historico_VU!E8,2))) | J8: =IF(AND(A8="",A7<>"",COUNTIF(A9:$A$200,"<>")=0),IF(COUNT(J$2:J7)=0,"",ROUND(SUMIF($A$2:A7,"<>",J$2:J7),2)),IF(OR(A8="",AND(ISNUMBER(posicao_contratual!$AL8),posicao_contratual!$AL8>3),posicao_contratual!S8="",NOT(ISNUMBER(historico_VU!F8))),"",ROUND(posicao_contratual!S8*historico_VU!F8,2))) | L8: =IF(AND(A8="",A7<>"",COUNTIF(A9:$A$200,"<>")=0),IF(COUNT(L$2:L7)=0,"",ROUND(SUMIF($A$2:A7,"<>",L$2:L7),2)),IF(OR(A8="",AND(ISNUMBER(posicao_contratual!$AL8),posicao_contratual!$AL8>4),posicao_contratual!W8="",NOT(ISNUMBER(historico_VU!G8))),"",ROUND(posicao_contratual!W8*historico_VU!G8,2))) | M8: =IF(OR(posicao_contratual!J8="",posicao_contratual!N8=""),"",ROUND(MAX(posicao_contratual!J8+posicao_contratual!H8-posicao_contratual!N8,0),2)) | N8: =IF(AND(A8="",A7<>"",COUNTIF(A9:$A$200,"<>")=0),IF(COUNT(N$2:N7)=0,"",ROUND(SUMIF($A$2:A7,"<>",N$2:N7),2)),IF(OR(M8="",NOT(ISNUMBER(historico_VU!D8))),"",ROUND(M8*historico_VU!D8,2))) | O8: =IF(OR(posicao_contratual!N8="",posicao_contratual!R8=""),"",ROUND(MAX(posicao_contratual!N8+posicao_contratual!L8-posicao_contratual!R8,0),2)) | P8: =IF(AND(A8="",A7<>"",COUNTIF(A9:$A$200,"<>")=0),IF(COUNT(P$2:P7)=0,"",ROUND(SUMIF($A$2:A7,"<>",P$2:P7),2)),IF(OR(O8="",NOT(ISNUMBER(historico_VU!E8))),"",ROUND(O8*historico_VU!E8,2))) | Q8: =IF(OR(posicao_contratual!R8="",posicao_contratual!V8=""),"",ROUND(MAX(posicao_contratual!R8+posicao_contratual!P8-posicao_contratual!V8,0),2)) | R8: =IF(AND(A8="",A7<>"",COUNTIF(A9:$A$200,"<>")=0),IF(COUNT(R$2:R7)=0,"",ROUND(SUMIF($A$2:A7,"<>",R$2:R7),2)),IF(OR(Q8="",NOT(ISNUMBER(historico_VU!F8))),"",ROUND(Q8*historico_VU!F8,2))) | T8: =IF(AND(A8="",A7<>"",COUNTIF(A9:$A$200,"<>")=0),IF(COUNT(T$2:T7)=0,"",ROUND(SUMIF($A$2:A7,"<>",T$2:T7),2)),IF(OR(S8="",NOT(ISNUMBER(historico_VU!G8))),"",ROUND(S8*historico_VU!G8,2))) | U8: =IF(AND(A8="",A7<>"",COUNTIF(A9:$A$200,"<>")=0),"TOTAL",IF(A8="","",posicao_contratual!X8)) | V8: =IF(A8="","",posicao_contratual!X8) | AB8: =IF(OR(A8="",posicao_contratual!E8="",posicao_contratual!J8=""),"",ROUND(MAX(posicao_contratual!E8-posicao_contratual!J8,0),2)) | AC8: =IF(AND(A8="",A7<>"",COUNTIF(A9:$A$200,"<>")=0),IF(COUNT(AC$2:AC7)=0,"",ROUND(SUMIF($A$2:A7,"<>",AC$2:AC7),2)),IF(OR(AB8="",NOT(ISNUMBER(historico_VU!C8))),"",ROUND(AB8*historico_VU!C8,2))) | AD8: =IF(A8="","",posicao_contratual!E8) | AE8: =IF(A8="","",posicao_contratual!I8) | AF8: =IF(A8="","",posicao_contratual!M8) | AG8: =IF(A8="","",posicao_contratual!Q8) | AH8: =IF(A8="","",posicao_contratual!U8) | AI8: =IF(A8="","",posicao_contratual!G8) | AJ8: =IF(A8="","",posicao_contratual!K8) | AK8: =IF(A8="","",posicao_contratual!O8) | AL8: =IF(A8="","",posicao_contratual!S8) | AM8: =IF(A8="","",posicao_contratual!W8) | AN8: =IF(A8="","",posicao_contratual!X8) | AO8: =IF($A8="","",ROUND(SUMIFS(itens_Consumidos!$E$2:$E$200,itens_Consumidos!$A$2:$A$200,$A8),2)) | AP8: =IF(OR($A8="",AB8=""),"",ROUND(MAX(AB8-AO8,0),2)) | AQ8: =IF(OR($A8="",AB8="",MEMORIA_RESULTADOS!$I$258=""),"",ROUND(AB8*$C8*(MEMORIA_RESULTADOS!$I$258-1),2)) | AR8: =IF(OR($A8="",AP8="",MEMORIA_RESULTADOS!$I$258=""),"",ROUND(AP8*$C8*(parametros!$F$2-MEMORIA_RESULTADOS!$I$258),2)) | AS8: =IF($A8="","",ROUND(SUMIFS(itens_Consumidos!$G$2:$G$200,itens_Consumidos!$A$2:$A$200,$A8),2)) | AT8: =IF(OR($A8="",M8=""),"",ROUND(MAX(M8-AS8,0),2)) | AU8: =IF(OR($A8="",M8="",MEMORIA_RESULTADOS!$I$259=""),"",ROUND(M8*$C8*(MEMORIA_RESULTADOS!$I$259-1),2)) | AV8: =IF(OR($A8="",AT8="",MEMORIA_RESULTADOS!$I$259=""),"",ROUND(AT8*$C8*(parametros!$F$3-MEMORIA_RESULTADOS!$I$259),2)) | AW8: =IF($A8="","",ROUND(SUMIFS(itens_Consumidos!$I$2:$I$200,itens_Consumidos!$A$2:$A$200,$A8),2)) | AX8: =IF(OR($A8="",O8=""),"",ROUND(MAX(O8-AW8,0),2)) | AY8: =IF(OR($A8="",O8="",MEMORIA_RESULTADOS!$I$260=""),"",ROUND(O8*$C8*(MEMORIA_RESULTADOS!$I$260-1),2)) | AZ8: =IF(OR($A8="",AX8="",MEMORIA_RESULTADOS!$I$260=""),"",ROUND(AX8*$C8*(parametros!$F$4-MEMORIA_RESULTADOS!$I$260),2)) | BA8: =IF($A8="","",ROUND(SUMIFS(itens_Consumidos!$K$2:$K$200,itens_Consumidos!$A$2:$A$200,$A8),2)) | BB8: =IF(OR($A8="",Q8=""),"",ROUND(MAX(Q8-BA8,0),2)) | BC8: =IF(OR($A8="",Q8="",MEMORIA_RESULTADOS!$I$261=""),"",ROUND(Q8*$C8*(MEMORIA_RESULTADOS!$I$261-1),2)) | BD8: =IF(OR($A8="",BB8="",MEMORIA_RESULTADOS!$I$261=""),"",ROUND(BB8*$C8*(parametros!$F$5-MEMORIA_RESULTADOS!$I$261),2)) | BE8: =IF($A8="","",ROUND(SUMIFS(itens_Consumidos!$M$2:$M$200,itens_Consumidos!$A$2:$A$200,$A8),2)) | BF8: =IF(OR($A8="",S8=""),"",ROUND(MAX(S8-BE8,0),2)) | BG8: =IF(OR($A8="",S8="",MEMORIA_RESULTADOS!$I$262=""),"",ROUND(S8*$C8*(MEMORIA_RESULTADOS!$I$262-1),2)) | BH8: =IF(OR($A8="",BF8="",MEMORIA_RESULTADOS!$I$262=""),"",ROUND(BF8*$C8*(parametros!$F$6-MEMORIA_RESULTADOS!$I$262),2)) | BI8: =IF($A8="","",IF(posicao_contratual!$AL8="","",posicao_contratual!$AL8))
B9: =IF(AND(LEN(TRIM($A9))=4,LEFT(TRIM($A9),1)="N",ISNUMBER(--MID(TRIM($A9),2,3)),ISERROR(FIND(".",$A9)),ISERROR(FIND(",",$A9)),ISERROR(FIND("-",$A9)),ISERROR(FIND("+",$A9)),ISERROR(SEARCH("E",$A9,2)),ISERROR(FIND(" ",TRIM($A9)))),0,"") | D9: =IF(AND(A9="",A8<>"",COUNTIF(A10:$A$200,"<>")=0),ROUND(SUMIF($A$2:A8,"<>",$D$2:D8),2),IF(OR(A9="",B9="",C9=""),"",ROUND(B9*C9,2))) | F9: =IF(AND(A9="",A8<>"",COUNTIF(A10:$A$200,"<>")=0),IF(COUNT(F$2:F8)=0,"",ROUND(SUMIF($A$2:A8,"<>",F$2:F8),2)),IF(OR(A9="",AND(ISNUMBER(posicao_contratual!$AL9),posicao_contratual!$AL9>1),posicao_contratual!K9="",NOT(ISNUMBER(historico_VU!D9))),"",ROUND(posicao_contratual!K9*historico_VU!D9,2))) | H9: =IF(AND(A9="",A8<>"",COUNTIF(A10:$A$200,"<>")=0),IF(COUNT(H$2:H8)=0,"",ROUND(SUMIF($A$2:A8,"<>",H$2:H8),2)),IF(OR(A9="",AND(ISNUMBER(posicao_contratual!$AL9),posicao_contratual!$AL9>2),posicao_contratual!O9="",NOT(ISNUMBER(historico_VU!E9))),"",ROUND(posicao_contratual!O9*historico_VU!E9,2))) | J9: =IF(AND(A9="",A8<>"",COUNTIF(A10:$A$200,"<>")=0),IF(COUNT(J$2:J8)=0,"",ROUND(SUMIF($A$2:A8,"<>",J$2:J8),2)),IF(OR(A9="",AND(ISNUMBER(posicao_contratual!$AL9),posicao_contratual!$AL9>3),posicao_contratual!S9="",NOT(ISNUMBER(historico_VU!F9))),"",ROUND(posicao_contratual!S9*historico_VU!F9,2))) | L9: =IF(AND(A9="",A8<>"",COUNTIF(A10:$A$200,"<>")=0),IF(COUNT(L$2:L8)=0,"",ROUND(SUMIF($A$2:A8,"<>",L$2:L8),2)),IF(OR(A9="",AND(ISNUMBER(posicao_contratual!$AL9),posicao_contratual!$AL9>4),posicao_contratual!W9="",NOT(ISNUMBER(historico_VU!G9))),"",ROUND(posicao_contratual!W9*historico_VU!G9,2))) | M9: =IF(OR(posicao_contratual!J9="",posicao_contratual!N9=""),"",ROUND(MAX(posicao_contratual!J9+posicao_contratual!H9-posicao_contratual!N9,0),2)) | N9: =IF(AND(A9="",A8<>"",COUNTIF(A10:$A$200,"<>")=0),IF(COUNT(N$2:N8)=0,"",ROUND(SUMIF($A$2:A8,"<>",N$2:N8),2)),IF(OR(M9="",NOT(ISNUMBER(historico_VU!D9))),"",ROUND(M9*historico_VU!D9,2))) | O9: =IF(OR(posicao_contratual!N9="",posicao_contratual!R9=""),"",ROUND(MAX(posicao_contratual!N9+posicao_contratual!L9-posicao_contratual!R9,0),2)) | P9: =IF(AND(A9="",A8<>"",COUNTIF(A10:$A$200,"<>")=0),IF(COUNT(P$2:P8)=0,"",ROUND(SUMIF($A$2:A8,"<>",P$2:P8),2)),IF(OR(O9="",NOT(ISNUMBER(historico_VU!E9))),"",ROUND(O9*historico_VU!E9,2))) | Q9: =IF(OR(posicao_contratual!R9="",posicao_contratual!V9=""),"",ROUND(MAX(posicao_contratual!R9+posicao_contratual!P9-posicao_contratual!V9,0),2)) | R9: =IF(AND(A9="",A8<>"",COUNTIF(A10:$A$200,"<>")=0),IF(COUNT(R$2:R8)=0,"",ROUND(SUMIF($A$2:A8,"<>",R$2:R8),2)),IF(OR(Q9="",NOT(ISNUMBER(historico_VU!F9))),"",ROUND(Q9*historico_VU!F9,2))) | T9: =IF(AND(A9="",A8<>"",COUNTIF(A10:$A$200,"<>")=0),IF(COUNT(T$2:T8)=0,"",ROUND(SUMIF($A$2:A8,"<>",T$2:T8),2)),IF(OR(S9="",NOT(ISNUMBER(historico_VU!G9))),"",ROUND(S9*historico_VU!G9,2))) | U9: =IF(AND(A9="",A8<>"",COUNTIF(A10:$A$200,"<>")=0),"TOTAL",IF(A9="","",posicao_contratual!X9)) | V9: =IF(A9="","",posicao_contratual!X9) | AB9: =IF(OR(A9="",posicao_contratual!E9="",posicao_contratual!J9=""),"",ROUND(MAX(posicao_contratual!E9-posicao_contratual!J9,0),2)) | AC9: =IF(AND(A9="",A8<>"",COUNTIF(A10:$A$200,"<>")=0),IF(COUNT(AC$2:AC8)=0,"",ROUND(SUMIF($A$2:A8,"<>",AC$2:AC8),2)),IF(OR(AB9="",NOT(ISNUMBER(historico_VU!C9))),"",ROUND(AB9*historico_VU!C9,2))) | AD9: =IF(A9="","",posicao_contratual!E9) | AE9: =IF(A9="","",posicao_contratual!I9) | AF9: =IF(A9="","",posicao_contratual!M9) | AG9: =IF(A9="","",posicao_contratual!Q9) | AH9: =IF(A9="","",posicao_contratual!U9) | AI9: =IF(A9="","",posicao_contratual!G9) | AJ9: =IF(A9="","",posicao_contratual!K9) | AK9: =IF(A9="","",posicao_contratual!O9) | AL9: =IF(A9="","",posicao_contratual!S9) | AM9: =IF(A9="","",posicao_contratual!W9) | AN9: =IF(A9="","",posicao_contratual!X9) | AO9: =IF($A9="","",ROUND(SUMIFS(itens_Consumidos!$E$2:$E$200,itens_Consumidos!$A$2:$A$200,$A9),2)) | AP9: =IF(OR($A9="",AB9=""),"",ROUND(MAX(AB9-AO9,0),2)) | AQ9: =IF(OR($A9="",AB9="",MEMORIA_RESULTADOS!$I$258=""),"",ROUND(AB9*$C9*(MEMORIA_RESULTADOS!$I$258-1),2)) | AR9: =IF(OR($A9="",AP9="",MEMORIA_RESULTADOS!$I$258=""),"",ROUND(AP9*$C9*(parametros!$F$2-MEMORIA_RESULTADOS!$I$258),2)) | AS9: =IF($A9="","",ROUND(SUMIFS(itens_Consumidos!$G$2:$G$200,itens_Consumidos!$A$2:$A$200,$A9),2)) | AT9: =IF(OR($A9="",M9=""),"",ROUND(MAX(M9-AS9,0),2)) | AU9: =IF(OR($A9="",M9="",MEMORIA_RESULTADOS!$I$259=""),"",ROUND(M9*$C9*(MEMORIA_RESULTADOS!$I$259-1),2)) | AV9: =IF(OR($A9="",AT9="",MEMORIA_RESULTADOS!$I$259=""),"",ROUND(AT9*$C9*(parametros!$F$3-MEMORIA_RESULTADOS!$I$259),2)) | AW9: =IF($A9="","",ROUND(SUMIFS(itens_Consumidos!$I$2:$I$200,itens_Consumidos!$A$2:$A$200,$A9),2)) | AX9: =IF(OR($A9="",O9=""),"",ROUND(MAX(O9-AW9,0),2)) | AY9: =IF(OR($A9="",O9="",MEMORIA_RESULTADOS!$I$260=""),"",ROUND(O9*$C9*(MEMORIA_RESULTADOS!$I$260-1),2)) | AZ9: =IF(OR($A9="",AX9="",MEMORIA_RESULTADOS!$I$260=""),"",ROUND(AX9*$C9*(parametros!$F$4-MEMORIA_RESULTADOS!$I$260),2)) | BA9: =IF($A9="","",ROUND(SUMIFS(itens_Consumidos!$K$2:$K$200,itens_Consumidos!$A$2:$A$200,$A9),2)) | BB9: =IF(OR($A9="",Q9=""),"",ROUND(MAX(Q9-BA9,0),2)) | BC9: =IF(OR($A9="",Q9="",MEMORIA_RESULTADOS!$I$261=""),"",ROUND(Q9*$C9*(MEMORIA_RESULTADOS!$I$261-1),2)) | BD9: =IF(OR($A9="",BB9="",MEMORIA_RESULTADOS!$I$261=""),"",ROUND(BB9*$C9*(parametros!$F$5-MEMORIA_RESULTADOS!$I$261),2)) | BE9: =IF($A9="","",ROUND(SUMIFS(itens_Consumidos!$M$2:$M$200,itens_Consumidos!$A$2:$A$200,$A9),2)) | BF9: =IF(OR($A9="",S9=""),"",ROUND(MAX(S9-BE9,0),2)) | BG9: =IF(OR($A9="",S9="",MEMORIA_RESULTADOS!$I$262=""),"",ROUND(S9*$C9*(MEMORIA_RESULTADOS!$I$262-1),2)) | BH9: =IF(OR($A9="",BF9="",MEMORIA_RESULTADOS!$I$262=""),"",ROUND(BF9*$C9*(parametros!$F$6-MEMORIA_RESULTADOS!$I$262),2)) | BI9: =IF($A9="","",IF(posicao_contratual!$AL9="","",posicao_contratual!$AL9))
B10: =IF(AND(LEN(TRIM($A10))=4,LEFT(TRIM($A10),1)="N",ISNUMBER(--MID(TRIM($A10),2,3)),ISERROR(FIND(".",$A10)),ISERROR(FIND(",",$A10)),ISERROR(FIND("-",$A10)),ISERROR(FIND("+",$A10)),ISERROR(SEARCH("E",$A10,2)),ISERROR(FIND(" ",TRIM($A10)))),0,"") | D10: =IF(AND(A10="",A9<>"",COUNTIF(A11:$A$200,"<>")=0),ROUND(SUMIF($A$2:A9,"<>",$D$2:D9),2),IF(OR(A10="",B10="",C10=""),"",ROUND(B10*C10,2))) | F10: =IF(AND(A10="",A9<>"",COUNTIF(A11:$A$200,"<>")=0),IF(COUNT(F$2:F9)=0,"",ROUND(SUMIF($A$2:A9,"<>",F$2:F9),2)),IF(OR(A10="",AND(ISNUMBER(posicao_contratual!$AL10),posicao_contratual!$AL10>1),posicao_contratual!K10="",NOT(ISNUMBER(historico_VU!D10))),"",ROUND(posicao_contratual!K10*historico_VU!D10,2))) | H10: =IF(AND(A10="",A9<>"",COUNTIF(A11:$A$200,"<>")=0),IF(COUNT(H$2:H9)=0,"",ROUND(SUMIF($A$2:A9,"<>",H$2:H9),2)),IF(OR(A10="",AND(ISNUMBER(posicao_contratual!$AL10),posicao_contratual!$AL10>2),posicao_contratual!O10="",NOT(ISNUMBER(historico_VU!E10))),"",ROUND(posicao_contratual!O10*historico_VU!E10,2))) | J10: =IF(AND(A10="",A9<>"",COUNTIF(A11:$A$200,"<>")=0),IF(COUNT(J$2:J9)=0,"",ROUND(SUMIF($A$2:A9,"<>",J$2:J9),2)),IF(OR(A10="",AND(ISNUMBER(posicao_contratual!$AL10),posicao_contratual!$AL10>3),posicao_contratual!S10="",NOT(ISNUMBER(historico_VU!F10))),"",ROUND(posicao_contratual!S10*historico_VU!F10,2))) | L10: =IF(AND(A10="",A9<>"",COUNTIF(A11:$A$200,"<>")=0),IF(COUNT(L$2:L9)=0,"",ROUND(SUMIF($A$2:A9,"<>",L$2:L9),2)),IF(OR(A10="",AND(ISNUMBER(posicao_contratual!$AL10),posicao_contratual!$AL10>4),posicao_contratual!W10="",NOT(ISNUMBER(historico_VU!G10))),"",ROUND(posicao_contratual!W10*historico_VU!G10,2))) | M10: =IF(OR(posicao_contratual!J10="",posicao_contratual!N10=""),"",ROUND(MAX(posicao_contratual!J10+posicao_contratual!H10-posicao_contratual!N10,0),2)) | N10: =IF(AND(A10="",A9<>"",COUNTIF(A11:$A$200,"<>")=0),IF(COUNT(N$2:N9)=0,"",ROUND(SUMIF($A$2:A9,"<>",N$2:N9),2)),IF(OR(M10="",NOT(ISNUMBER(historico_VU!D10))),"",ROUND(M10*historico_VU!D10,2))) | O10: =IF(OR(posicao_contratual!N10="",posicao_contratual!R10=""),"",ROUND(MAX(posicao_contratual!N10+posicao_contratual!L10-posicao_contratual!R10,0),2)) | P10: =IF(AND(A10="",A9<>"",COUNTIF(A11:$A$200,"<>")=0),IF(COUNT(P$2:P9)=0,"",ROUND(SUMIF($A$2:A9,"<>",P$2:P9),2)),IF(OR(O10="",NOT(ISNUMBER(historico_VU!E10))),"",ROUND(O10*historico_VU!E10,2))) | Q10: =IF(OR(posicao_contratual!R10="",posicao_contratual!V10=""),"",ROUND(MAX(posicao_contratual!R10+posicao_contratual!P10-posicao_contratual!V10,0),2)) | R10: =IF(AND(A10="",A9<>"",COUNTIF(A11:$A$200,"<>")=0),IF(COUNT(R$2:R9)=0,"",ROUND(SUMIF($A$2:A9,"<>",R$2:R9),2)),IF(OR(Q10="",NOT(ISNUMBER(historico_VU!F10))),"",ROUND(Q10*historico_VU!F10,2))) | T10: =IF(AND(A10="",A9<>"",COUNTIF(A11:$A$200,"<>")=0),IF(COUNT(T$2:T9)=0,"",ROUND(SUMIF($A$2:A9,"<>",T$2:T9),2)),IF(OR(S10="",NOT(ISNUMBER(historico_VU!G10))),"",ROUND(S10*historico_VU!G10,2))) | U10: =IF(AND(A10="",A9<>"",COUNTIF(A11:$A$200,"<>")=0),"TOTAL",IF(A10="","",posicao_contratual!X10)) | V10: =IF(A10="","",posicao_contratual!X10) | AB10: =IF(OR(A10="",posicao_contratual!E10="",posicao_contratual!J10=""),"",ROUND(MAX(posicao_contratual!E10-posicao_contratual!J10,0),2)) | AC10: =IF(AND(A10="",A9<>"",COUNTIF(A11:$A$200,"<>")=0),IF(COUNT(AC$2:AC9)=0,"",ROUND(SUMIF($A$2:A9,"<>",AC$2:AC9),2)),IF(OR(AB10="",NOT(ISNUMBER(historico_VU!C10))),"",ROUND(AB10*historico_VU!C10,2))) | AD10: =IF(A10="","",posicao_contratual!E10) | AE10: =IF(A10="","",posicao_contratual!I10) | AF10: =IF(A10="","",posicao_contratual!M10) | AG10: =IF(A10="","",posicao_contratual!Q10) | AH10: =IF(A10="","",posicao_contratual!U10) | AI10: =IF(A10="","",posicao_contratual!G10) | AJ10: =IF(A10="","",posicao_contratual!K10) | AK10: =IF(A10="","",posicao_contratual!O10) | AL10: =IF(A10="","",posicao_contratual!S10) | AM10: =IF(A10="","",posicao_contratual!W10) | AN10: =IF(A10="","",posicao_contratual!X10) | AO10: =IF($A10="","",ROUND(SUMIFS(itens_Consumidos!$E$2:$E$200,itens_Consumidos!$A$2:$A$200,$A10),2)) | AP10: =IF(OR($A10="",AB10=""),"",ROUND(MAX(AB10-AO10,0),2)) | AQ10: =IF(OR($A10="",AB10="",MEMORIA_RESULTADOS!$I$258=""),"",ROUND(AB10*$C10*(MEMORIA_RESULTADOS!$I$258-1),2)) | AR10: =IF(OR($A10="",AP10="",MEMORIA_RESULTADOS!$I$258=""),"",ROUND(AP10*$C10*(parametros!$F$2-MEMORIA_RESULTADOS!$I$258),2)) | AS10: =IF($A10="","",ROUND(SUMIFS(itens_Consumidos!$G$2:$G$200,itens_Consumidos!$A$2:$A$200,$A10),2)) | AT10: =IF(OR($A10="",M10=""),"",ROUND(MAX(M10-AS10,0),2)) | AU10: =IF(OR($A10="",M10="",MEMORIA_RESULTADOS!$I$259=""),"",ROUND(M10*$C10*(MEMORIA_RESULTADOS!$I$259-1),2)) | AV10: =IF(OR($A10="",AT10="",MEMORIA_RESULTADOS!$I$259=""),"",ROUND(AT10*$C10*(parametros!$F$3-MEMORIA_RESULTADOS!$I$259),2)) | AW10: =IF($A10="","",ROUND(SUMIFS(itens_Consumidos!$I$2:$I$200,itens_Consumidos!$A$2:$A$200,$A10),2)) | AX10: =IF(OR($A10="",O10=""),"",ROUND(MAX(O10-AW10,0),2)) | AY10: =IF(OR($A10="",O10="",MEMORIA_RESULTADOS!$I$260=""),"",ROUND(O10*$C10*(MEMORIA_RESULTADOS!$I$260-1),2)) | AZ10: =IF(OR($A10="",AX10="",MEMORIA_RESULTADOS!$I$260=""),"",ROUND(AX10*$C10*(parametros!$F$4-MEMORIA_RESULTADOS!$I$260),2)) | BA10: =IF($A10="","",ROUND(SUMIFS(itens_Consumidos!$K$2:$K$200,itens_Consumidos!$A$2:$A$200,$A10),2)) | BB10: =IF(OR($A10="",Q10=""),"",ROUND(MAX(Q10-BA10,0),2)) | BC10: =IF(OR($A10="",Q10="",MEMORIA_RESULTADOS!$I$261=""),"",ROUND(Q10*$C10*(MEMORIA_RESULTADOS!$I$261-1),2)) | BD10: =IF(OR($A10="",BB10="",MEMORIA_RESULTADOS!$I$261=""),"",ROUND(BB10*$C10*(parametros!$F$5-MEMORIA_RESULTADOS!$I$261),2)) | BE10: =IF($A10="","",ROUND(SUMIFS(itens_Consumidos!$M$2:$M$200,itens_Consumidos!$A$2:$A$200,$A10),2)) | BF10: =IF(OR($A10="",S10=""),"",ROUND(MAX(S10-BE10,0),2)) | BG10: =IF(OR($A10="",S10="",MEMORIA_RESULTADOS!$I$262=""),"",ROUND(S10*$C10*(MEMORIA_RESULTADOS!$I$262-1),2)) | BH10: =IF(OR($A10="",BF10="",MEMORIA_RESULTADOS!$I$262=""),"",ROUND(BF10*$C10*(parametros!$F$6-MEMORIA_RESULTADOS!$I$262),2)) | BI10: =IF($A10="","",IF(posicao_contratual!$AL10="","",posicao_contratual!$AL10))
B11: =IF(AND(LEN(TRIM($A11))=4,LEFT(TRIM($A11),1)="N",ISNUMBER(--MID(TRIM($A11),2,3)),ISERROR(FIND(".",$A11)),ISERROR(FIND(",",$A11)),ISERROR(FIND("-",$A11)),ISERROR(FIND("+",$A11)),ISERROR(SEARCH("E",$A11,2)),ISERROR(FIND(" ",TRIM($A11)))),0,"") | D11: =IF(AND(A11="",A10<>"",COUNTIF(A12:$A$200,"<>")=0),ROUND(SUMIF($A$2:A10,"<>",$D$2:D10),2),IF(OR(A11="",B11="",C11=""),"",ROUND(B11*C11,2))) | F11: =IF(AND(A11="",A10<>"",COUNTIF(A12:$A$200,"<>")=0),IF(COUNT(F$2:F10)=0,"",ROUND(SUMIF($A$2:A10,"<>",F$2:F10),2)),IF(OR(A11="",AND(ISNUMBER(posicao_contratual!$AL11),posicao_contratual!$AL11>1),posicao_contratual!K11="",NOT(ISNUMBER(historico_VU!D11))),"",ROUND(posicao_contratual!K11*historico_VU!D11,2))) | H11: =IF(AND(A11="",A10<>"",COUNTIF(A12:$A$200,"<>")=0),IF(COUNT(H$2:H10)=0,"",ROUND(SUMIF($A$2:A10,"<>",H$2:H10),2)),IF(OR(A11="",AND(ISNUMBER(posicao_contratual!$AL11),posicao_contratual!$AL11>2),posicao_contratual!O11="",NOT(ISNUMBER(historico_VU!E11))),"",ROUND(posicao_contratual!O11*historico_VU!E11,2))) | J11: =IF(AND(A11="",A10<>"",COUNTIF(A12:$A$200,"<>")=0),IF(COUNT(J$2:J10)=0,"",ROUND(SUMIF($A$2:A10,"<>",J$2:J10),2)),IF(OR(A11="",AND(ISNUMBER(posicao_contratual!$AL11),posicao_contratual!$AL11>3),posicao_contratual!S11="",NOT(ISNUMBER(historico_VU!F11))),"",ROUND(posicao_contratual!S11*historico_VU!F11,2))) | L11: =IF(AND(A11="",A10<>"",COUNTIF(A12:$A$200,"<>")=0),IF(COUNT(L$2:L10)=0,"",ROUND(SUMIF($A$2:A10,"<>",L$2:L10),2)),IF(OR(A11="",AND(ISNUMBER(posicao_contratual!$AL11),posicao_contratual!$AL11>4),posicao_contratual!W11="",NOT(ISNUMBER(historico_VU!G11))),"",ROUND(posicao_contratual!W11*historico_VU!G11,2))) | M11: =IF(OR(posicao_contratual!J11="",posicao_contratual!N11=""),"",ROUND(MAX(posicao_contratual!J11+posicao_contratual!H11-posicao_contratual!N11,0),2)) | N11: =IF(AND(A11="",A10<>"",COUNTIF(A12:$A$200,"<>")=0),IF(COUNT(N$2:N10)=0,"",ROUND(SUMIF($A$2:A10,"<>",N$2:N10),2)),IF(OR(M11="",NOT(ISNUMBER(historico_VU!D11))),"",ROUND(M11*historico_VU!D11,2))) | O11: =IF(OR(posicao_contratual!N11="",posicao_contratual!R11=""),"",ROUND(MAX(posicao_contratual!N11+posicao_contratual!L11-posicao_contratual!R11,0),2)) | P11: =IF(AND(A11="",A10<>"",COUNTIF(A12:$A$200,"<>")=0),IF(COUNT(P$2:P10)=0,"",ROUND(SUMIF($A$2:A10,"<>",P$2:P10),2)),IF(OR(O11="",NOT(ISNUMBER(historico_VU!E11))),"",ROUND(O11*historico_VU!E11,2))) | Q11: =IF(OR(posicao_contratual!R11="",posicao_contratual!V11=""),"",ROUND(MAX(posicao_contratual!R11+posicao_contratual!P11-posicao_contratual!V11,0),2)) | R11: =IF(AND(A11="",A10<>"",COUNTIF(A12:$A$200,"<>")=0),IF(COUNT(R$2:R10)=0,"",ROUND(SUMIF($A$2:A10,"<>",R$2:R10),2)),IF(OR(Q11="",NOT(ISNUMBER(historico_VU!F11))),"",ROUND(Q11*historico_VU!F11,2))) | T11: =IF(AND(A11="",A10<>"",COUNTIF(A12:$A$200,"<>")=0),IF(COUNT(T$2:T10)=0,"",ROUND(SUMIF($A$2:A10,"<>",T$2:T10),2)),IF(OR(S11="",NOT(ISNUMBER(historico_VU!G11))),"",ROUND(S11*historico_VU!G11,2))) | U11: =IF(AND(A11="",A10<>"",COUNTIF(A12:$A$200,"<>")=0),"TOTAL",IF(A11="","",posicao_contratual!X11)) | V11: =IF(A11="","",posicao_contratual!X11) | AB11: =IF(OR(A11="",posicao_contratual!E11="",posicao_contratual!J11=""),"",ROUND(MAX(posicao_contratual!E11-posicao_contratual!J11,0),2)) | AC11: =IF(AND(A11="",A10<>"",COUNTIF(A12:$A$200,"<>")=0),IF(COUNT(AC$2:AC10)=0,"",ROUND(SUMIF($A$2:A10,"<>",AC$2:AC10),2)),IF(OR(AB11="",NOT(ISNUMBER(historico_VU!C11))),"",ROUND(AB11*historico_VU!C11,2))) | AD11: =IF(A11="","",posicao_contratual!E11) | AE11: =IF(A11="","",posicao_contratual!I11) | AF11: =IF(A11="","",posicao_contratual!M11) | AG11: =IF(A11="","",posicao_contratual!Q11) | AH11: =IF(A11="","",posicao_contratual!U11) | AI11: =IF(A11="","",posicao_contratual!G11) | AJ11: =IF(A11="","",posicao_contratual!K11) | AK11: =IF(A11="","",posicao_contratual!O11) | AL11: =IF(A11="","",posicao_contratual!S11) | AM11: =IF(A11="","",posicao_contratual!W11) | AN11: =IF(A11="","",posicao_contratual!X11) | AO11: =IF($A11="","",ROUND(SUMIFS(itens_Consumidos!$E$2:$E$200,itens_Consumidos!$A$2:$A$200,$A11),2)) | AP11: =IF(OR($A11="",AB11=""),"",ROUND(MAX(AB11-AO11,0),2)) | AQ11: =IF(OR($A11="",AB11="",MEMORIA_RESULTADOS!$I$258=""),"",ROUND(AB11*$C11*(MEMORIA_RESULTADOS!$I$258-1),2)) | AR11: =IF(OR($A11="",AP11="",MEMORIA_RESULTADOS!$I$258=""),"",ROUND(AP11*$C11*(parametros!$F$2-MEMORIA_RESULTADOS!$I$258),2)) | AS11: =IF($A11="","",ROUND(SUMIFS(itens_Consumidos!$G$2:$G$200,itens_Consumidos!$A$2:$A$200,$A11),2)) | AT11: =IF(OR($A11="",M11=""),"",ROUND(MAX(M11-AS11,0),2)) | AU11: =IF(OR($A11="",M11="",MEMORIA_RESULTADOS!$I$259=""),"",ROUND(M11*$C11*(MEMORIA_RESULTADOS!$I$259-1),2)) | AV11: =IF(OR($A11="",AT11="",MEMORIA_RESULTADOS!$I$259=""),"",ROUND(AT11*$C11*(parametros!$F$3-MEMORIA_RESULTADOS!$I$259),2)) | AW11: =IF($A11="","",ROUND(SUMIFS(itens_Consumidos!$I$2:$I$200,itens_Consumidos!$A$2:$A$200,$A11),2)) | AX11: =IF(OR($A11="",O11=""),"",ROUND(MAX(O11-AW11,0),2)) | AY11: =IF(OR($A11="",O11="",MEMORIA_RESULTADOS!$I$260=""),"",ROUND(O11*$C11*(MEMORIA_RESULTADOS!$I$260-1),2)) | AZ11: =IF(OR($A11="",AX11="",MEMORIA_RESULTADOS!$I$260=""),"",ROUND(AX11*$C11*(parametros!$F$4-MEMORIA_RESULTADOS!$I$260),2)) | BA11: =IF($A11="","",ROUND(SUMIFS(itens_Consumidos!$K$2:$K$200,itens_Consumidos!$A$2:$A$200,$A11),2)) | BB11: =IF(OR($A11="",Q11=""),"",ROUND(MAX(Q11-BA11,0),2)) | BC11: =IF(OR($A11="",Q11="",MEMORIA_RESULTADOS!$I$261=""),"",ROUND(Q11*$C11*(MEMORIA_RESULTADOS!$I$261-1),2)) | BD11: =IF(OR($A11="",BB11="",MEMORIA_RESULTADOS!$I$261=""),"",ROUND(BB11*$C11*(parametros!$F$5-MEMORIA_RESULTADOS!$I$261),2)) | BE11: =IF($A11="","",ROUND(SUMIFS(itens_Consumidos!$M$2:$M$200,itens_Consumidos!$A$2:$A$200,$A11),2)) | BF11: =IF(OR($A11="",S11=""),"",ROUND(MAX(S11-BE11,0),2)) | BG11: =IF(OR($A11="",S11="",MEMORIA_RESULTADOS!$I$262=""),"",ROUND(S11*$C11*(MEMORIA_RESULTADOS!$I$262-1),2)) | BH11: =IF(OR($A11="",BF11="",MEMORIA_RESULTADOS!$I$262=""),"",ROUND(BF11*$C11*(parametros!$F$6-MEMORIA_RESULTADOS!$I$262),2)) | BI11: =IF($A11="","",IF(posicao_contratual!$AL11="","",posicao_contratual!$AL11))
B12: =IF(AND(LEN(TRIM($A12))=4,LEFT(TRIM($A12),1)="N",ISNUMBER(--MID(TRIM($A12),2,3)),ISERROR(FIND(".",$A12)),ISERROR(FIND(",",$A12)),ISERROR(FIND("-",$A12)),ISERROR(FIND("+",$A12)),ISERROR(SEARCH("E",$A12,2)),ISERROR(FIND(" ",TRIM($A12)))),0,"") | D12: =IF(AND(A12="",A11<>"",COUNTIF(A13:$A$200,"<>")=0),ROUND(SUMIF($A$2:A11,"<>",$D$2:D11),2),IF(OR(A12="",B12="",C12=""),"",ROUND(B12*C12,2))) | F12: =IF(AND(A12="",A11<>"",COUNTIF(A13:$A$200,"<>")=0),IF(COUNT(F$2:F11)=0,"",ROUND(SUMIF($A$2:A11,"<>",F$2:F11),2)),IF(OR(A12="",AND(ISNUMBER(posicao_contratual!$AL12),posicao_contratual!$AL12>1),posicao_contratual!K12="",NOT(ISNUMBER(historico_VU!D12))),"",ROUND(posicao_contratual!K12*historico_VU!D12,2))) | H12: =IF(AND(A12="",A11<>"",COUNTIF(A13:$A$200,"<>")=0),IF(COUNT(H$2:H11)=0,"",ROUND(SUMIF($A$2:A11,"<>",H$2:H11),2)),IF(OR(A12="",AND(ISNUMBER(posicao_contratual!$AL12),posicao_contratual!$AL12>2),posicao_contratual!O12="",NOT(ISNUMBER(historico_VU!E12))),"",ROUND(posicao_contratual!O12*historico_VU!E12,2))) | J12: =IF(AND(A12="",A11<>"",COUNTIF(A13:$A$200,"<>")=0),IF(COUNT(J$2:J11)=0,"",ROUND(SUMIF($A$2:A11,"<>",J$2:J11),2)),IF(OR(A12="",AND(ISNUMBER(posicao_contratual!$AL12),posicao_contratual!$AL12>3),posicao_contratual!S12="",NOT(ISNUMBER(historico_VU!F12))),"",ROUND(posicao_contratual!S12*historico_VU!F12,2))) | L12: =IF(AND(A12="",A11<>"",COUNTIF(A13:$A$200,"<>")=0),IF(COUNT(L$2:L11)=0,"",ROUND(SUMIF($A$2:A11,"<>",L$2:L11),2)),IF(OR(A12="",AND(ISNUMBER(posicao_contratual!$AL12),posicao_contratual!$AL12>4),posicao_contratual!W12="",NOT(ISNUMBER(historico_VU!G12))),"",ROUND(posicao_contratual!W12*historico_VU!G12,2))) | M12: =IF(OR(posicao_contratual!J12="",posicao_contratual!N12=""),"",ROUND(MAX(posicao_contratual!J12+posicao_contratual!H12-posicao_contratual!N12,0),2)) | N12: =IF(AND(A12="",A11<>"",COUNTIF(A13:$A$200,"<>")=0),IF(COUNT(N$2:N11)=0,"",ROUND(SUMIF($A$2:A11,"<>",N$2:N11),2)),IF(OR(M12="",NOT(ISNUMBER(historico_VU!D12))),"",ROUND(M12*historico_VU!D12,2))) | O12: =IF(OR(posicao_contratual!N12="",posicao_contratual!R12=""),"",ROUND(MAX(posicao_contratual!N12+posicao_contratual!L12-posicao_contratual!R12,0),2)) | P12: =IF(AND(A12="",A11<>"",COUNTIF(A13:$A$200,"<>")=0),IF(COUNT(P$2:P11)=0,"",ROUND(SUMIF($A$2:A11,"<>",P$2:P11),2)),IF(OR(O12="",NOT(ISNUMBER(historico_VU!E12))),"",ROUND(O12*historico_VU!E12,2))) | Q12: =IF(OR(posicao_contratual!R12="",posicao_contratual!V12=""),"",ROUND(MAX(posicao_contratual!R12+posicao_contratual!P12-posicao_contratual!V12,0),2)) | R12: =IF(AND(A12="",A11<>"",COUNTIF(A13:$A$200,"<>")=0),IF(COUNT(R$2:R11)=0,"",ROUND(SUMIF($A$2:A11,"<>",R$2:R11),2)),IF(OR(Q12="",NOT(ISNUMBER(historico_VU!F12))),"",ROUND(Q12*historico_VU!F12,2))) | T12: =IF(AND(A12="",A11<>"",COUNTIF(A13:$A$200,"<>")=0),IF(COUNT(T$2:T11)=0,"",ROUND(SUMIF($A$2:A11,"<>",T$2:T11),2)),IF(OR(S12="",NOT(ISNUMBER(historico_VU!G12))),"",ROUND(S12*historico_VU!G12,2))) | U12: =IF(AND(A12="",A11<>"",COUNTIF(A13:$A$200,"<>")=0),"TOTAL",IF(A12="","",posicao_contratual!X12)) | V12: =IF(A12="","",posicao_contratual!X12) | AB12: =IF(OR(A12="",posicao_contratual!E12="",posicao_contratual!J12=""),"",ROUND(MAX(posicao_contratual!E12-posicao_contratual!J12,0),2)) | AC12: =IF(AND(A12="",A11<>"",COUNTIF(A13:$A$200,"<>")=0),IF(COUNT(AC$2:AC11)=0,"",ROUND(SUMIF($A$2:A11,"<>",AC$2:AC11),2)),IF(OR(AB12="",NOT(ISNUMBER(historico_VU!C12))),"",ROUND(AB12*historico_VU!C12,2))) | AD12: =IF(A12="","",posicao_contratual!E12) | AE12: =IF(A12="","",posicao_contratual!I12) | AF12: =IF(A12="","",posicao_contratual!M12) | AG12: =IF(A12="","",posicao_contratual!Q12) | AH12: =IF(A12="","",posicao_contratual!U12) | AI12: =IF(A12="","",posicao_contratual!G12) | AJ12: =IF(A12="","",posicao_contratual!K12) | AK12: =IF(A12="","",posicao_contratual!O12) | AL12: =IF(A12="","",posicao_contratual!S12) | AM12: =IF(A12="","",posicao_contratual!W12) | AN12: =IF(A12="","",posicao_contratual!X12) | AO12: =IF($A12="","",ROUND(SUMIFS(itens_Consumidos!$E$2:$E$200,itens_Consumidos!$A$2:$A$200,$A12),2)) | AP12: =IF(OR($A12="",AB12=""),"",ROUND(MAX(AB12-AO12,0),2)) | AQ12: =IF(OR($A12="",AB12="",MEMORIA_RESULTADOS!$I$258=""),"",ROUND(AB12*$C12*(MEMORIA_RESULTADOS!$I$258-1),2)) | AR12: =IF(OR($A12="",AP12="",MEMORIA_RESULTADOS!$I$258=""),"",ROUND(AP12*$C12*(parametros!$F$2-MEMORIA_RESULTADOS!$I$258),2)) | AS12: =IF($A12="","",ROUND(SUMIFS(itens_Consumidos!$G$2:$G$200,itens_Consumidos!$A$2:$A$200,$A12),2)) | AT12: =IF(OR($A12="",M12=""),"",ROUND(MAX(M12-AS12,0),2)) | AU12: =IF(OR($A12="",M12="",MEMORIA_RESULTADOS!$I$259=""),"",ROUND(M12*$C12*(MEMORIA_RESULTADOS!$I$259-1),2)) | AV12: =IF(OR($A12="",AT12="",MEMORIA_RESULTADOS!$I$259=""),"",ROUND(AT12*$C12*(parametros!$F$3-MEMORIA_RESULTADOS!$I$259),2)) | AW12: =IF($A12="","",ROUND(SUMIFS(itens_Consumidos!$I$2:$I$200,itens_Consumidos!$A$2:$A$200,$A12),2)) | AX12: =IF(OR($A12="",O12=""),"",ROUND(MAX(O12-AW12,0),2)) | AY12: =IF(OR($A12="",O12="",MEMORIA_RESULTADOS!$I$260=""),"",ROUND(O12*$C12*(MEMORIA_RESULTADOS!$I$260-1),2)) | AZ12: =IF(OR($A12="",AX12="",MEMORIA_RESULTADOS!$I$260=""),"",ROUND(AX12*$C12*(parametros!$F$4-MEMORIA_RESULTADOS!$I$260),2)) | BA12: =IF($A12="","",ROUND(SUMIFS(itens_Consumidos!$K$2:$K$200,itens_Consumidos!$A$2:$A$200,$A12),2)) | BB12: =IF(OR($A12="",Q12=""),"",ROUND(MAX(Q12-BA12,0),2)) | BC12: =IF(OR($A12="",Q12="",MEMORIA_RESULTADOS!$I$261=""),"",ROUND(Q12*$C12*(MEMORIA_RESULTADOS!$I$261-1),2)) | BD12: =IF(OR($A12="",BB12="",MEMORIA_RESULTADOS!$I$261=""),"",ROUND(BB12*$C12*(parametros!$F$5-MEMORIA_RESULTADOS!$I$261),2)) | BE12: =IF($A12="","",ROUND(SUMIFS(itens_Consumidos!$M$2:$M$200,itens_Consumidos!$A$2:$A$200,$A12),2)) | BF12: =IF(OR($A12="",S12=""),"",ROUND(MAX(S12-BE12,0),2)) | BG12: =IF(OR($A12="",S12="",MEMORIA_RESULTADOS!$I$262=""),"",ROUND(S12*$C12*(MEMORIA_RESULTADOS!$I$262-1),2)) | BH12: =IF(OR($A12="",BF12="",MEMORIA_RESULTADOS!$I$262=""),"",ROUND(BF12*$C12*(parametros!$F$6-MEMORIA_RESULTADOS!$I$262),2)) | BI12: =IF($A12="","",IF(posicao_contratual!$AL12="","",posicao_contratual!$AL12))
B13: =IF(AND(LEN(TRIM($A13))=4,LEFT(TRIM($A13),1)="N",ISNUMBER(--MID(TRIM($A13),2,3)),ISERROR(FIND(".",$A13)),ISERROR(FIND(",",$A13)),ISERROR(FIND("-",$A13)),ISERROR(FIND("+",$A13)),ISERROR(SEARCH("E",$A13,2)),ISERROR(FIND(" ",TRIM($A13)))),0,"") | D13: =IF(AND(A13="",A12<>"",COUNTIF(A14:$A$200,"<>")=0),ROUND(SUMIF($A$2:A12,"<>",$D$2:D12),2),IF(OR(A13="",B13="",C13=""),"",ROUND(B13*C13,2))) | F13: =IF(AND(A13="",A12<>"",COUNTIF(A14:$A$200,"<>")=0),IF(COUNT(F$2:F12)=0,"",ROUND(SUMIF($A$2:A12,"<>",F$2:F12),2)),IF(OR(A13="",AND(ISNUMBER(posicao_contratual!$AL13),posicao_contratual!$AL13>1),posicao_contratual!K13="",NOT(ISNUMBER(historico_VU!D13))),"",ROUND(posicao_contratual!K13*historico_VU!D13,2))) | H13: =IF(AND(A13="",A12<>"",COUNTIF(A14:$A$200,"<>")=0),IF(COUNT(H$2:H12)=0,"",ROUND(SUMIF($A$2:A12,"<>",H$2:H12),2)),IF(OR(A13="",AND(ISNUMBER(posicao_contratual!$AL13),posicao_contratual!$AL13>2),posicao_contratual!O13="",NOT(ISNUMBER(historico_VU!E13))),"",ROUND(posicao_contratual!O13*historico_VU!E13,2))) | J13: =IF(AND(A13="",A12<>"",COUNTIF(A14:$A$200,"<>")=0),IF(COUNT(J$2:J12)=0,"",ROUND(SUMIF($A$2:A12,"<>",J$2:J12),2)),IF(OR(A13="",AND(ISNUMBER(posicao_contratual!$AL13),posicao_contratual!$AL13>3),posicao_contratual!S13="",NOT(ISNUMBER(historico_VU!F13))),"",ROUND(posicao_contratual!S13*historico_VU!F13,2))) | L13: =IF(AND(A13="",A12<>"",COUNTIF(A14:$A$200,"<>")=0),IF(COUNT(L$2:L12)=0,"",ROUND(SUMIF($A$2:A12,"<>",L$2:L12),2)),IF(OR(A13="",AND(ISNUMBER(posicao_contratual!$AL13),posicao_contratual!$AL13>4),posicao_contratual!W13="",NOT(ISNUMBER(historico_VU!G13))),"",ROUND(posicao_contratual!W13*historico_VU!G13,2))) | M13: =IF(OR(posicao_contratual!J13="",posicao_contratual!N13=""),"",ROUND(MAX(posicao_contratual!J13+posicao_contratual!H13-posicao_contratual!N13,0),2)) | N13: =IF(AND(A13="",A12<>"",COUNTIF(A14:$A$200,"<>")=0),IF(COUNT(N$2:N12)=0,"",ROUND(SUMIF($A$2:A12,"<>",N$2:N12),2)),IF(OR(M13="",NOT(ISNUMBER(historico_VU!D13))),"",ROUND(M13*historico_VU!D13,2))) | O13: =IF(OR(posicao_contratual!N13="",posicao_contratual!R13=""),"",ROUND(MAX(posicao_contratual!N13+posicao_contratual!L13-posicao_contratual!R13,0),2)) | P13: =IF(AND(A13="",A12<>"",COUNTIF(A14:$A$200,"<>")=0),IF(COUNT(P$2:P12)=0,"",ROUND(SUMIF($A$2:A12,"<>",P$2:P12),2)),IF(OR(O13="",NOT(ISNUMBER(historico_VU!E13))),"",ROUND(O13*historico_VU!E13,2))) | Q13: =IF(OR(posicao_contratual!R13="",posicao_contratual!V13=""),"",ROUND(MAX(posicao_contratual!R13+posicao_contratual!P13-posicao_contratual!V13,0),2)) | R13: =IF(AND(A13="",A12<>"",COUNTIF(A14:$A$200,"<>")=0),IF(COUNT(R$2:R12)=0,"",ROUND(SUMIF($A$2:A12,"<>",R$2:R12),2)),IF(OR(Q13="",NOT(ISNUMBER(historico_VU!F13))),"",ROUND(Q13*historico_VU!F13,2))) | T13: =IF(AND(A13="",A12<>"",COUNTIF(A14:$A$200,"<>")=0),IF(COUNT(T$2:T12)=0,"",ROUND(SUMIF($A$2:A12,"<>",T$2:T12),2)),IF(OR(S13="",NOT(ISNUMBER(historico_VU!G13))),"",ROUND(S13*historico_VU!G13,2))) | U13: =IF(AND(A13="",A12<>"",COUNTIF(A14:$A$200,"<>")=0),"TOTAL",IF(A13="","",posicao_contratual!X13)) | V13: =IF(A13="","",posicao_contratual!X13) | AB13: =IF(OR(A13="",posicao_contratual!E13="",posicao_contratual!J13=""),"",ROUND(MAX(posicao_contratual!E13-posicao_contratual!J13,0),2)) | AC13: =IF(AND(A13="",A12<>"",COUNTIF(A14:$A$200,"<>")=0),IF(COUNT(AC$2:AC12)=0,"",ROUND(SUMIF($A$2:A12,"<>",AC$2:AC12),2)),IF(OR(AB13="",NOT(ISNUMBER(historico_VU!C13))),"",ROUND(AB13*historico_VU!C13,2))) | AD13: =IF(A13="","",posicao_contratual!E13) | AE13: =IF(A13="","",posicao_contratual!I13) | AF13: =IF(A13="","",posicao_contratual!M13) | AG13: =IF(A13="","",posicao_contratual!Q13) | AH13: =IF(A13="","",posicao_contratual!U13) | AI13: =IF(A13="","",posicao_contratual!G13) | AJ13: =IF(A13="","",posicao_contratual!K13) | AK13: =IF(A13="","",posicao_contratual!O13) | AL13: =IF(A13="","",posicao_contratual!S13) | AM13: =IF(A13="","",posicao_contratual!W13) | AN13: =IF(A13="","",posicao_contratual!X13) | AO13: =IF($A13="","",ROUND(SUMIFS(itens_Consumidos!$E$2:$E$200,itens_Consumidos!$A$2:$A$200,$A13),2)) | AP13: =IF(OR($A13="",AB13=""),"",ROUND(MAX(AB13-AO13,0),2)) | AQ13: =IF(OR($A13="",AB13="",MEMORIA_RESULTADOS!$I$258=""),"",ROUND(AB13*$C13*(MEMORIA_RESULTADOS!$I$258-1),2)) | AR13: =IF(OR($A13="",AP13="",MEMORIA_RESULTADOS!$I$258=""),"",ROUND(AP13*$C13*(parametros!$F$2-MEMORIA_RESULTADOS!$I$258),2)) | AS13: =IF($A13="","",ROUND(SUMIFS(itens_Consumidos!$G$2:$G$200,itens_Consumidos!$A$2:$A$200,$A13),2)) | AT13: =IF(OR($A13="",M13=""),"",ROUND(MAX(M13-AS13,0),2)) | AU13: =IF(OR($A13="",M13="",MEMORIA_RESULTADOS!$I$259=""),"",ROUND(M13*$C13*(MEMORIA_RESULTADOS!$I$259-1),2)) | AV13: =IF(OR($A13="",AT13="",MEMORIA_RESULTADOS!$I$259=""),"",ROUND(AT13*$C13*(parametros!$F$3-MEMORIA_RESULTADOS!$I$259),2)) | AW13: =IF($A13="","",ROUND(SUMIFS(itens_Consumidos!$I$2:$I$200,itens_Consumidos!$A$2:$A$200,$A13),2)) | AX13: =IF(OR($A13="",O13=""),"",ROUND(MAX(O13-AW13,0),2)) | AY13: =IF(OR($A13="",O13="",MEMORIA_RESULTADOS!$I$260=""),"",ROUND(O13*$C13*(MEMORIA_RESULTADOS!$I$260-1),2)) | AZ13: =IF(OR($A13="",AX13="",MEMORIA_RESULTADOS!$I$260=""),"",ROUND(AX13*$C13*(parametros!$F$4-MEMORIA_RESULTADOS!$I$260),2)) | BA13: =IF($A13="","",ROUND(SUMIFS(itens_Consumidos!$K$2:$K$200,itens_Consumidos!$A$2:$A$200,$A13),2)) | BB13: =IF(OR($A13="",Q13=""),"",ROUND(MAX(Q13-BA13,0),2)) | BC13: =IF(OR($A13="",Q13="",MEMORIA_RESULTADOS!$I$261=""),"",ROUND(Q13*$C13*(MEMORIA_RESULTADOS!$I$261-1),2)) | BD13: =IF(OR($A13="",BB13="",MEMORIA_RESULTADOS!$I$261=""),"",ROUND(BB13*$C13*(parametros!$F$5-MEMORIA_RESULTADOS!$I$261),2)) | BE13: =IF($A13="","",ROUND(SUMIFS(itens_Consumidos!$M$2:$M$200,itens_Consumidos!$A$2:$A$200,$A13),2)) | BF13: =IF(OR($A13="",S13=""),"",ROUND(MAX(S13-BE13,0),2)) | BG13: =IF(OR($A13="",S13="",MEMORIA_RESULTADOS!$I$262=""),"",ROUND(S13*$C13*(MEMORIA_RESULTADOS!$I$262-1),2)) | BH13: =IF(OR($A13="",BF13="",MEMORIA_RESULTADOS!$I$262=""),"",ROUND(BF13*$C13*(parametros!$F$6-MEMORIA_RESULTADOS!$I$262),2)) | BI13: =IF($A13="","",IF(posicao_contratual!$AL13="","",posicao_contratual!$AL13))
B14: =IF(AND(LEN(TRIM($A14))=4,LEFT(TRIM($A14),1)="N",ISNUMBER(--MID(TRIM($A14),2,3)),ISERROR(FIND(".",$A14)),ISERROR(FIND(",",$A14)),ISERROR(FIND("-",$A14)),ISERROR(FIND("+",$A14)),ISERROR(SEARCH("E",$A14,2)),ISERROR(FIND(" ",TRIM($A14)))),0,"") | D14: =IF(AND(A14="",A13<>"",COUNTIF(A15:$A$200,"<>")=0),ROUND(SUMIF($A$2:A13,"<>",$D$2:D13),2),IF(OR(A14="",B14="",C14=""),"",ROUND(B14*C14,2))) | F14: =IF(AND(A14="",A13<>"",COUNTIF(A15:$A$200,"<>")=0),IF(COUNT(F$2:F13)=0,"",ROUND(SUMIF($A$2:A13,"<>",F$2:F13),2)),IF(OR(A14="",AND(ISNUMBER(posicao_contratual!$AL14),posicao_contratual!$AL14>1),posicao_contratual!K14="",NOT(ISNUMBER(historico_VU!D14))),"",ROUND(posicao_contratual!K14*historico_VU!D14,2))) | H14: =IF(AND(A14="",A13<>"",COUNTIF(A15:$A$200,"<>")=0),IF(COUNT(H$2:H13)=0,"",ROUND(SUMIF($A$2:A13,"<>",H$2:H13),2)),IF(OR(A14="",AND(ISNUMBER(posicao_contratual!$AL14),posicao_contratual!$AL14>2),posicao_contratual!O14="",NOT(ISNUMBER(historico_VU!E14))),"",ROUND(posicao_contratual!O14*historico_VU!E14,2))) | J14: =IF(AND(A14="",A13<>"",COUNTIF(A15:$A$200,"<>")=0),IF(COUNT(J$2:J13)=0,"",ROUND(SUMIF($A$2:A13,"<>",J$2:J13),2)),IF(OR(A14="",AND(ISNUMBER(posicao_contratual!$AL14),posicao_contratual!$AL14>3),posicao_contratual!S14="",NOT(ISNUMBER(historico_VU!F14))),"",ROUND(posicao_contratual!S14*historico_VU!F14,2))) | L14: =IF(AND(A14="",A13<>"",COUNTIF(A15:$A$200,"<>")=0),IF(COUNT(L$2:L13)=0,"",ROUND(SUMIF($A$2:A13,"<>",L$2:L13),2)),IF(OR(A14="",AND(ISNUMBER(posicao_contratual!$AL14),posicao_contratual!$AL14>4),posicao_contratual!W14="",NOT(ISNUMBER(historico_VU!G14))),"",ROUND(posicao_contratual!W14*historico_VU!G14,2))) | M14: =IF(OR(posicao_contratual!J14="",posicao_contratual!N14=""),"",ROUND(MAX(posicao_contratual!J14+posicao_contratual!H14-posicao_contratual!N14,0),2)) | N14: =IF(AND(A14="",A13<>"",COUNTIF(A15:$A$200,"<>")=0),IF(COUNT(N$2:N13)=0,"",ROUND(SUMIF($A$2:A13,"<>",N$2:N13),2)),IF(OR(M14="",NOT(ISNUMBER(historico_VU!D14))),"",ROUND(M14*historico_VU!D14,2))) | O14: =IF(OR(posicao_contratual!N14="",posicao_contratual!R14=""),"",ROUND(MAX(posicao_contratual!N14+posicao_contratual!L14-posicao_contratual!R14,0),2)) | P14: =IF(AND(A14="",A13<>"",COUNTIF(A15:$A$200,"<>")=0),IF(COUNT(P$2:P13)=0,"",ROUND(SUMIF($A$2:A13,"<>",P$2:P13),2)),IF(OR(O14="",NOT(ISNUMBER(historico_VU!E14))),"",ROUND(O14*historico_VU!E14,2))) | Q14: =IF(OR(posicao_contratual!R14="",posicao_contratual!V14=""),"",ROUND(MAX(posicao_contratual!R14+posicao_contratual!P14-posicao_contratual!V14,0),2)) | R14: =IF(AND(A14="",A13<>"",COUNTIF(A15:$A$200,"<>")=0),IF(COUNT(R$2:R13)=0,"",ROUND(SUMIF($A$2:A13,"<>",R$2:R13),2)),IF(OR(Q14="",NOT(ISNUMBER(historico_VU!F14))),"",ROUND(Q14*historico_VU!F14,2))) | T14: =IF(AND(A14="",A13<>"",COUNTIF(A15:$A$200,"<>")=0),IF(COUNT(T$2:T13)=0,"",ROUND(SUMIF($A$2:A13,"<>",T$2:T13),2)),IF(OR(S14="",NOT(ISNUMBER(historico_VU!G14))),"",ROUND(S14*historico_VU!G14,2))) | U14: =IF(AND(A14="",A13<>"",COUNTIF(A15:$A$200,"<>")=0),"TOTAL",IF(A14="","",posicao_contratual!X14)) | V14: =IF(A14="","",posicao_contratual!X14) | AB14: =IF(OR(A14="",posicao_contratual!E14="",posicao_contratual!J14=""),"",ROUND(MAX(posicao_contratual!E14-posicao_contratual!J14,0),2)) | AC14: =IF(AND(A14="",A13<>"",COUNTIF(A15:$A$200,"<>")=0),IF(COUNT(AC$2:AC13)=0,"",ROUND(SUMIF($A$2:A13,"<>",AC$2:AC13),2)),IF(OR(AB14="",NOT(ISNUMBER(historico_VU!C14))),"",ROUND(AB14*historico_VU!C14,2))) | AD14: =IF(A14="","",posicao_contratual!E14) | AE14: =IF(A14="","",posicao_contratual!I14) | AF14: =IF(A14="","",posicao_contratual!M14) | AG14: =IF(A14="","",posicao_contratual!Q14) | AH14: =IF(A14="","",posicao_contratual!U14) | AI14: =IF(A14="","",posicao_contratual!G14) | AJ14: =IF(A14="","",posicao_contratual!K14) | AK14: =IF(A14="","",posicao_contratual!O14) | AL14: =IF(A14="","",posicao_contratual!S14) | AM14: =IF(A14="","",posicao_contratual!W14) | AN14: =IF(A14="","",posicao_contratual!X14) | AO14: =IF($A14="","",ROUND(SUMIFS(itens_Consumidos!$E$2:$E$200,itens_Consumidos!$A$2:$A$200,$A14),2)) | AP14: =IF(OR($A14="",AB14=""),"",ROUND(MAX(AB14-AO14,0),2)) | AQ14: =IF(OR($A14="",AB14="",MEMORIA_RESULTADOS!$I$258=""),"",ROUND(AB14*$C14*(MEMORIA_RESULTADOS!$I$258-1),2)) | AR14: =IF(OR($A14="",AP14="",MEMORIA_RESULTADOS!$I$258=""),"",ROUND(AP14*$C14*(parametros!$F$2-MEMORIA_RESULTADOS!$I$258),2)) | AS14: =IF($A14="","",ROUND(SUMIFS(itens_Consumidos!$G$2:$G$200,itens_Consumidos!$A$2:$A$200,$A14),2)) | AT14: =IF(OR($A14="",M14=""),"",ROUND(MAX(M14-AS14,0),2)) | AU14: =IF(OR($A14="",M14="",MEMORIA_RESULTADOS!$I$259=""),"",ROUND(M14*$C14*(MEMORIA_RESULTADOS!$I$259-1),2)) | AV14: =IF(OR($A14="",AT14="",MEMORIA_RESULTADOS!$I$259=""),"",ROUND(AT14*$C14*(parametros!$F$3-MEMORIA_RESULTADOS!$I$259),2)) | AW14: =IF($A14="","",ROUND(SUMIFS(itens_Consumidos!$I$2:$I$200,itens_Consumidos!$A$2:$A$200,$A14),2)) | AX14: =IF(OR($A14="",O14=""),"",ROUND(MAX(O14-AW14,0),2)) | AY14: =IF(OR($A14="",O14="",MEMORIA_RESULTADOS!$I$260=""),"",ROUND(O14*$C14*(MEMORIA_RESULTADOS!$I$260-1),2)) | AZ14: =IF(OR($A14="",AX14="",MEMORIA_RESULTADOS!$I$260=""),"",ROUND(AX14*$C14*(parametros!$F$4-MEMORIA_RESULTADOS!$I$260),2)) | BA14: =IF($A14="","",ROUND(SUMIFS(itens_Consumidos!$K$2:$K$200,itens_Consumidos!$A$2:$A$200,$A14),2)) | BB14: =IF(OR($A14="",Q14=""),"",ROUND(MAX(Q14-BA14,0),2)) | BC14: =IF(OR($A14="",Q14="",MEMORIA_RESULTADOS!$I$261=""),"",ROUND(Q14*$C14*(MEMORIA_RESULTADOS!$I$261-1),2)) | BD14: =IF(OR($A14="",BB14="",MEMORIA_RESULTADOS!$I$261=""),"",ROUND(BB14*$C14*(parametros!$F$5-MEMORIA_RESULTADOS!$I$261),2)) | BE14: =IF($A14="","",ROUND(SUMIFS(itens_Consumidos!$M$2:$M$200,itens_Consumidos!$A$2:$A$200,$A14),2)) | BF14: =IF(OR($A14="",S14=""),"",ROUND(MAX(S14-BE14,0),2)) | BG14: =IF(OR($A14="",S14="",MEMORIA_RESULTADOS!$I$262=""),"",ROUND(S14*$C14*(MEMORIA_RESULTADOS!$I$262-1),2)) | BH14: =IF(OR($A14="",BF14="",MEMORIA_RESULTADOS!$I$262=""),"",ROUND(BF14*$C14*(parametros!$F$6-MEMORIA_RESULTADOS!$I$262),2)) | BI14: =IF($A14="","",IF(posicao_contratual!$AL14="","",posicao_contratual!$AL14))
B15: =IF(AND(LEN(TRIM($A15))=4,LEFT(TRIM($A15),1)="N",ISNUMBER(--MID(TRIM($A15),2,3)),ISERROR(FIND(".",$A15)),ISERROR(FIND(",",$A15)),ISERROR(FIND("-",$A15)),ISERROR(FIND("+",$A15)),ISERROR(SEARCH("E",$A15,2)),ISERROR(FIND(" ",TRIM($A15)))),0,"") | D15: =IF(AND(A15="",A14<>"",COUNTIF(A16:$A$200,"<>")=0),ROUND(SUMIF($A$2:A14,"<>",$D$2:D14),2),IF(OR(A15="",B15="",C15=""),"",ROUND(B15*C15,2))) | F15: =IF(AND(A15="",A14<>"",COUNTIF(A16:$A$200,"<>")=0),IF(COUNT(F$2:F14)=0,"",ROUND(SUMIF($A$2:A14,"<>",F$2:F14),2)),IF(OR(A15="",AND(ISNUMBER(posicao_contratual!$AL15),posicao_contratual!$AL15>1),posicao_contratual!K15="",NOT(ISNUMBER(historico_VU!D15))),"",ROUND(posicao_contratual!K15*historico_VU!D15,2))) | H15: =IF(AND(A15="",A14<>"",COUNTIF(A16:$A$200,"<>")=0),IF(COUNT(H$2:H14)=0,"",ROUND(SUMIF($A$2:A14,"<>",H$2:H14),2)),IF(OR(A15="",AND(ISNUMBER(posicao_contratual!$AL15),posicao_contratual!$AL15>2),posicao_contratual!O15="",NOT(ISNUMBER(historico_VU!E15))),"",ROUND(posicao_contratual!O15*historico_VU!E15,2))) | J15: =IF(AND(A15="",A14<>"",COUNTIF(A16:$A$200,"<>")=0),IF(COUNT(J$2:J14)=0,"",ROUND(SUMIF($A$2:A14,"<>",J$2:J14),2)),IF(OR(A15="",AND(ISNUMBER(posicao_contratual!$AL15),posicao_contratual!$AL15>3),posicao_contratual!S15="",NOT(ISNUMBER(historico_VU!F15))),"",ROUND(posicao_contratual!S15*historico_VU!F15,2))) | L15: =IF(AND(A15="",A14<>"",COUNTIF(A16:$A$200,"<>")=0),IF(COUNT(L$2:L14)=0,"",ROUND(SUMIF($A$2:A14,"<>",L$2:L14),2)),IF(OR(A15="",AND(ISNUMBER(posicao_contratual!$AL15),posicao_contratual!$AL15>4),posicao_contratual!W15="",NOT(ISNUMBER(historico_VU!G15))),"",ROUND(posicao_contratual!W15*historico_VU!G15,2))) | M15: =IF(OR(posicao_contratual!J15="",posicao_contratual!N15=""),"",ROUND(MAX(posicao_contratual!J15+posicao_contratual!H15-posicao_contratual!N15,0),2)) | N15: =IF(AND(A15="",A14<>"",COUNTIF(A16:$A$200,"<>")=0),IF(COUNT(N$2:N14)=0,"",ROUND(SUMIF($A$2:A14,"<>",N$2:N14),2)),IF(OR(M15="",NOT(ISNUMBER(historico_VU!D15))),"",ROUND(M15*historico_VU!D15,2))) | O15: =IF(OR(posicao_contratual!N15="",posicao_contratual!R15=""),"",ROUND(MAX(posicao_contratual!N15+posicao_contratual!L15-posicao_contratual!R15,0),2)) | P15: =IF(AND(A15="",A14<>"",COUNTIF(A16:$A$200,"<>")=0),IF(COUNT(P$2:P14)=0,"",ROUND(SUMIF($A$2:A14,"<>",P$2:P14),2)),IF(OR(O15="",NOT(ISNUMBER(historico_VU!E15))),"",ROUND(O15*historico_VU!E15,2))) | Q15: =IF(OR(posicao_contratual!R15="",posicao_contratual!V15=""),"",ROUND(MAX(posicao_contratual!R15+posicao_contratual!P15-posicao_contratual!V15,0),2)) | R15: =IF(AND(A15="",A14<>"",COUNTIF(A16:$A$200,"<>")=0),IF(COUNT(R$2:R14)=0,"",ROUND(SUMIF($A$2:A14,"<>",R$2:R14),2)),IF(OR(Q15="",NOT(ISNUMBER(historico_VU!F15))),"",ROUND(Q15*historico_VU!F15,2))) | T15: =IF(AND(A15="",A14<>"",COUNTIF(A16:$A$200,"<>")=0),IF(COUNT(T$2:T14)=0,"",ROUND(SUMIF($A$2:A14,"<>",T$2:T14),2)),IF(OR(S15="",NOT(ISNUMBER(historico_VU!G15))),"",ROUND(S15*historico_VU!G15,2))) | U15: =IF(AND(A15="",A14<>"",COUNTIF(A16:$A$200,"<>")=0),"TOTAL",IF(A15="","",posicao_contratual!X15)) | V15: =IF(A15="","",posicao_contratual!X15) | AB15: =IF(OR(A15="",posicao_contratual!E15="",posicao_contratual!J15=""),"",ROUND(MAX(posicao_contratual!E15-posicao_contratual!J15,0),2)) | AC15: =IF(AND(A15="",A14<>"",COUNTIF(A16:$A$200,"<>")=0),IF(COUNT(AC$2:AC14)=0,"",ROUND(SUMIF($A$2:A14,"<>",AC$2:AC14),2)),IF(OR(AB15="",NOT(ISNUMBER(historico_VU!C15))),"",ROUND(AB15*historico_VU!C15,2))) | AD15: =IF(A15="","",posicao_contratual!E15) | AE15: =IF(A15="","",posicao_contratual!I15) | AF15: =IF(A15="","",posicao_contratual!M15) | AG15: =IF(A15="","",posicao_contratual!Q15) | AH15: =IF(A15="","",posicao_contratual!U15) | AI15: =IF(A15="","",posicao_contratual!G15) | AJ15: =IF(A15="","",posicao_contratual!K15) | AK15: =IF(A15="","",posicao_contratual!O15) | AL15: =IF(A15="","",posicao_contratual!S15) | AM15: =IF(A15="","",posicao_contratual!W15) | AN15: =IF(A15="","",posicao_contratual!X15) | AO15: =IF($A15="","",ROUND(SUMIFS(itens_Consumidos!$E$2:$E$200,itens_Consumidos!$A$2:$A$200,$A15),2)) | AP15: =IF(OR($A15="",AB15=""),"",ROUND(MAX(AB15-AO15,0),2)) | AQ15: =IF(OR($A15="",AB15="",MEMORIA_RESULTADOS!$I$258=""),"",ROUND(AB15*$C15*(MEMORIA_RESULTADOS!$I$258-1),2)) | AR15: =IF(OR($A15="",AP15="",MEMORIA_RESULTADOS!$I$258=""),"",ROUND(AP15*$C15*(parametros!$F$2-MEMORIA_RESULTADOS!$I$258),2)) | AS15: =IF($A15="","",ROUND(SUMIFS(itens_Consumidos!$G$2:$G$200,itens_Consumidos!$A$2:$A$200,$A15),2)) | AT15: =IF(OR($A15="",M15=""),"",ROUND(MAX(M15-AS15,0),2)) | AU15: =IF(OR($A15="",M15="",MEMORIA_RESULTADOS!$I$259=""),"",ROUND(M15*$C15*(MEMORIA_RESULTADOS!$I$259-1),2)) | AV15: =IF(OR($A15="",AT15="",MEMORIA_RESULTADOS!$I$259=""),"",ROUND(AT15*$C15*(parametros!$F$3-MEMORIA_RESULTADOS!$I$259),2)) | AW15: =IF($A15="","",ROUND(SUMIFS(itens_Consumidos!$I$2:$I$200,itens_Consumidos!$A$2:$A$200,$A15),2)) | AX15: =IF(OR($A15="",O15=""),"",ROUND(MAX(O15-AW15,0),2)) | AY15: =IF(OR($A15="",O15="",MEMORIA_RESULTADOS!$I$260=""),"",ROUND(O15*$C15*(MEMORIA_RESULTADOS!$I$260-1),2)) | AZ15: =IF(OR($A15="",AX15="",MEMORIA_RESULTADOS!$I$260=""),"",ROUND(AX15*$C15*(parametros!$F$4-MEMORIA_RESULTADOS!$I$260),2)) | BA15: =IF($A15="","",ROUND(SUMIFS(itens_Consumidos!$K$2:$K$200,itens_Consumidos!$A$2:$A$200,$A15),2)) | BB15: =IF(OR($A15="",Q15=""),"",ROUND(MAX(Q15-BA15,0),2)) | BC15: =IF(OR($A15="",Q15="",MEMORIA_RESULTADOS!$I$261=""),"",ROUND(Q15*$C15*(MEMORIA_RESULTADOS!$I$261-1),2)) | BD15: =IF(OR($A15="",BB15="",MEMORIA_RESULTADOS!$I$261=""),"",ROUND(BB15*$C15*(parametros!$F$5-MEMORIA_RESULTADOS!$I$261),2)) | BE15: =IF($A15="","",ROUND(SUMIFS(itens_Consumidos!$M$2:$M$200,itens_Consumidos!$A$2:$A$200,$A15),2)) | BF15: =IF(OR($A15="",S15=""),"",ROUND(MAX(S15-BE15,0),2)) | BG15: =IF(OR($A15="",S15="",MEMORIA_RESULTADOS!$I$262=""),"",ROUND(S15*$C15*(MEMORIA_RESULTADOS!$I$262-1),2)) | BH15: =IF(OR($A15="",BF15="",MEMORIA_RESULTADOS!$I$262=""),"",ROUND(BF15*$C15*(parametros!$F$6-MEMORIA_RESULTADOS!$I$262),2)) | BI15: =IF($A15="","",IF(posicao_contratual!$AL15="","",posicao_contratual!$AL15))
B16: =IF(AND(LEN(TRIM($A16))=4,LEFT(TRIM($A16),1)="N",ISNUMBER(--MID(TRIM($A16),2,3)),ISERROR(FIND(".",$A16)),ISERROR(FIND(",",$A16)),ISERROR(FIND("-",$A16)),ISERROR(FIND("+",$A16)),ISERROR(SEARCH("E",$A16,2)),ISERROR(FIND(" ",TRIM($A16)))),0,"") | D16: =IF(AND(A16="",A15<>"",COUNTIF(A17:$A$200,"<>")=0),ROUND(SUMIF($A$2:A15,"<>",$D$2:D15),2),IF(OR(A16="",B16="",C16=""),"",ROUND(B16*C16,2))) | F16: =IF(AND(A16="",A15<>"",COUNTIF(A17:$A$200,"<>")=0),IF(COUNT(F$2:F15)=0,"",ROUND(SUMIF($A$2:A15,"<>",F$2:F15),2)),IF(OR(A16="",AND(ISNUMBER(posicao_contratual!$AL16),posicao_contratual!$AL16>1),posicao_contratual!K16="",NOT(ISNUMBER(historico_VU!D16))),"",ROUND(posicao_contratual!K16*historico_VU!D16,2))) | H16: =IF(AND(A16="",A15<>"",COUNTIF(A17:$A$200,"<>")=0),IF(COUNT(H$2:H15)=0,"",ROUND(SUMIF($A$2:A15,"<>",H$2:H15),2)),IF(OR(A16="",AND(ISNUMBER(posicao_contratual!$AL16),posicao_contratual!$AL16>2),posicao_contratual!O16="",NOT(ISNUMBER(historico_VU!E16))),"",ROUND(posicao_contratual!O16*historico_VU!E16,2))) | J16: =IF(AND(A16="",A15<>"",COUNTIF(A17:$A$200,"<>")=0),IF(COUNT(J$2:J15)=0,"",ROUND(SUMIF($A$2:A15,"<>",J$2:J15),2)),IF(OR(A16="",AND(ISNUMBER(posicao_contratual!$AL16),posicao_contratual!$AL16>3),posicao_contratual!S16="",NOT(ISNUMBER(historico_VU!F16))),"",ROUND(posicao_contratual!S16*historico_VU!F16,2))) | L16: =IF(AND(A16="",A15<>"",COUNTIF(A17:$A$200,"<>")=0),IF(COUNT(L$2:L15)=0,"",ROUND(SUMIF($A$2:A15,"<>",L$2:L15),2)),IF(OR(A16="",AND(ISNUMBER(posicao_contratual!$AL16),posicao_contratual!$AL16>4),posicao_contratual!W16="",NOT(ISNUMBER(historico_VU!G16))),"",ROUND(posicao_contratual!W16*historico_VU!G16,2))) | M16: =IF(OR(posicao_contratual!J16="",posicao_contratual!N16=""),"",ROUND(MAX(posicao_contratual!J16+posicao_contratual!H16-posicao_contratual!N16,0),2)) | N16: =IF(AND(A16="",A15<>"",COUNTIF(A17:$A$200,"<>")=0),IF(COUNT(N$2:N15)=0,"",ROUND(SUMIF($A$2:A15,"<>",N$2:N15),2)),IF(OR(M16="",NOT(ISNUMBER(historico_VU!D16))),"",ROUND(M16*historico_VU!D16,2))) | O16: =IF(OR(posicao_contratual!N16="",posicao_contratual!R16=""),"",ROUND(MAX(posicao_contratual!N16+posicao_contratual!L16-posicao_contratual!R16,0),2)) | P16: =IF(AND(A16="",A15<>"",COUNTIF(A17:$A$200,"<>")=0),IF(COUNT(P$2:P15)=0,"",ROUND(SUMIF($A$2:A15,"<>",P$2:P15),2)),IF(OR(O16="",NOT(ISNUMBER(historico_VU!E16))),"",ROUND(O16*historico_VU!E16,2))) | Q16: =IF(OR(posicao_contratual!R16="",posicao_contratual!V16=""),"",ROUND(MAX(posicao_contratual!R16+posicao_contratual!P16-posicao_contratual!V16,0),2)) | R16: =IF(AND(A16="",A15<>"",COUNTIF(A17:$A$200,"<>")=0),IF(COUNT(R$2:R15)=0,"",ROUND(SUMIF($A$2:A15,"<>",R$2:R15),2)),IF(OR(Q16="",NOT(ISNUMBER(historico_VU!F16))),"",ROUND(Q16*historico_VU!F16,2))) | T16: =IF(AND(A16="",A15<>"",COUNTIF(A17:$A$200,"<>")=0),IF(COUNT(T$2:T15)=0,"",ROUND(SUMIF($A$2:A15,"<>",T$2:T15),2)),IF(OR(S16="",NOT(ISNUMBER(historico_VU!G16))),"",ROUND(S16*historico_VU!G16,2))) | U16: =IF(AND(A16="",A15<>"",COUNTIF(A17:$A$200,"<>")=0),"TOTAL",IF(A16="","",posicao_contratual!X16)) | V16: =IF(A16="","",posicao_contratual!X16) | AB16: =IF(OR(A16="",posicao_contratual!E16="",posicao_contratual!J16=""),"",ROUND(MAX(posicao_contratual!E16-posicao_contratual!J16,0),2)) | AC16: =IF(AND(A16="",A15<>"",COUNTIF(A17:$A$200,"<>")=0),IF(COUNT(AC$2:AC15)=0,"",ROUND(SUMIF($A$2:A15,"<>",AC$2:AC15),2)),IF(OR(AB16="",NOT(ISNUMBER(historico_VU!C16))),"",ROUND(AB16*historico_VU!C16,2))) | AD16: =IF(A16="","",posicao_contratual!E16) | AE16: =IF(A16="","",posicao_contratual!I16) | AF16: =IF(A16="","",posicao_contratual!M16) | AG16: =IF(A16="","",posicao_contratual!Q16) | AH16: =IF(A16="","",posicao_contratual!U16) | AI16: =IF(A16="","",posicao_contratual!G16) | AJ16: =IF(A16="","",posicao_contratual!K16) | AK16: =IF(A16="","",posicao_contratual!O16) | AL16: =IF(A16="","",posicao_contratual!S16) | AM16: =IF(A16="","",posicao_contratual!W16) | AN16: =IF(A16="","",posicao_contratual!X16) | AO16: =IF($A16="","",ROUND(SUMIFS(itens_Consumidos!$E$2:$E$200,itens_Consumidos!$A$2:$A$200,$A16),2)) | AP16: =IF(OR($A16="",AB16=""),"",ROUND(MAX(AB16-AO16,0),2)) | AQ16: =IF(OR($A16="",AB16="",MEMORIA_RESULTADOS!$I$258=""),"",ROUND(AB16*$C16*(MEMORIA_RESULTADOS!$I$258-1),2)) | AR16: =IF(OR($A16="",AP16="",MEMORIA_RESULTADOS!$I$258=""),"",ROUND(AP16*$C16*(parametros!$F$2-MEMORIA_RESULTADOS!$I$258),2)) | AS16: =IF($A16="","",ROUND(SUMIFS(itens_Consumidos!$G$2:$G$200,itens_Consumidos!$A$2:$A$200,$A16),2)) | AT16: =IF(OR($A16="",M16=""),"",ROUND(MAX(M16-AS16,0),2)) | AU16: =IF(OR($A16="",M16="",MEMORIA_RESULTADOS!$I$259=""),"",ROUND(M16*$C16*(MEMORIA_RESULTADOS!$I$259-1),2)) | AV16: =IF(OR($A16="",AT16="",MEMORIA_RESULTADOS!$I$259=""),"",ROUND(AT16*$C16*(parametros!$F$3-MEMORIA_RESULTADOS!$I$259),2)) | AW16: =IF($A16="","",ROUND(SUMIFS(itens_Consumidos!$I$2:$I$200,itens_Consumidos!$A$2:$A$200,$A16),2)) | AX16: =IF(OR($A16="",O16=""),"",ROUND(MAX(O16-AW16,0),2)) | AY16: =IF(OR($A16="",O16="",MEMORIA_RESULTADOS!$I$260=""),"",ROUND(O16*$C16*(MEMORIA_RESULTADOS!$I$260-1),2)) | AZ16: =IF(OR($A16="",AX16="",MEMORIA_RESULTADOS!$I$260=""),"",ROUND(AX16*$C16*(parametros!$F$4-MEMORIA_RESULTADOS!$I$260),2)) | BA16: =IF($A16="","",ROUND(SUMIFS(itens_Consumidos!$K$2:$K$200,itens_Consumidos!$A$2:$A$200,$A16),2)) | BB16: =IF(OR($A16="",Q16=""),"",ROUND(MAX(Q16-BA16,0),2)) | BC16: =IF(OR($A16="",Q16="",MEMORIA_RESULTADOS!$I$261=""),"",ROUND(Q16*$C16*(MEMORIA_RESULTADOS!$I$261-1),2)) | BD16: =IF(OR($A16="",BB16="",MEMORIA_RESULTADOS!$I$261=""),"",ROUND(BB16*$C16*(parametros!$F$5-MEMORIA_RESULTADOS!$I$261),2)) | BE16: =IF($A16="","",ROUND(SUMIFS(itens_Consumidos!$M$2:$M$200,itens_Consumidos!$A$2:$A$200,$A16),2)) | BF16: =IF(OR($A16="",S16=""),"",ROUND(MAX(S16-BE16,0),2)) | BG16: =IF(OR($A16="",S16="",MEMORIA_RESULTADOS!$I$262=""),"",ROUND(S16*$C16*(MEMORIA_RESULTADOS!$I$262-1),2)) | BH16: =IF(OR($A16="",BF16="",MEMORIA_RESULTADOS!$I$262=""),"",ROUND(BF16*$C16*(parametros!$F$6-MEMORIA_RESULTADOS!$I$262),2)) | BI16: =IF($A16="","",IF(posicao_contratual!$AL16="","",posicao_contratual!$AL16))
B17: =IF(AND(LEN(TRIM($A17))=4,LEFT(TRIM($A17),1)="N",ISNUMBER(--MID(TRIM($A17),2,3)),ISERROR(FIND(".",$A17)),ISERROR(FIND(",",$A17)),ISERROR(FIND("-",$A17)),ISERROR(FIND("+",$A17)),ISERROR(SEARCH("E",$A17,2)),ISERROR(FIND(" ",TRIM($A17)))),0,"") | D17: =IF(AND(A17="",A16<>"",COUNTIF(A18:$A$200,"<>")=0),ROUND(SUMIF($A$2:A16,"<>",$D$2:D16),2),IF(OR(A17="",B17="",C17=""),"",ROUND(B17*C17,2))) | F17: =IF(AND(A17="",A16<>"",COUNTIF(A18:$A$200,"<>")=0),IF(COUNT(F$2:F16)=0,"",ROUND(SUMIF($A$2:A16,"<>",F$2:F16),2)),IF(OR(A17="",AND(ISNUMBER(posicao_contratual!$AL17),posicao_contratual!$AL17>1),posicao_contratual!K17="",NOT(ISNUMBER(historico_VU!D17))),"",ROUND(posicao_contratual!K17*historico_VU!D17,2))) | H17: =IF(AND(A17="",A16<>"",COUNTIF(A18:$A$200,"<>")=0),IF(COUNT(H$2:H16)=0,"",ROUND(SUMIF($A$2:A16,"<>",H$2:H16),2)),IF(OR(A17="",AND(ISNUMBER(posicao_contratual!$AL17),posicao_contratual!$AL17>2),posicao_contratual!O17="",NOT(ISNUMBER(historico_VU!E17))),"",ROUND(posicao_contratual!O17*historico_VU!E17,2))) | J17: =IF(AND(A17="",A16<>"",COUNTIF(A18:$A$200,"<>")=0),IF(COUNT(J$2:J16)=0,"",ROUND(SUMIF($A$2:A16,"<>",J$2:J16),2)),IF(OR(A17="",AND(ISNUMBER(posicao_contratual!$AL17),posicao_contratual!$AL17>3),posicao_contratual!S17="",NOT(ISNUMBER(historico_VU!F17))),"",ROUND(posicao_contratual!S17*historico_VU!F17,2))) | L17: =IF(AND(A17="",A16<>"",COUNTIF(A18:$A$200,"<>")=0),IF(COUNT(L$2:L16)=0,"",ROUND(SUMIF($A$2:A16,"<>",L$2:L16),2)),IF(OR(A17="",AND(ISNUMBER(posicao_contratual!$AL17),posicao_contratual!$AL17>4),posicao_contratual!W17="",NOT(ISNUMBER(historico_VU!G17))),"",ROUND(posicao_contratual!W17*historico_VU!G17,2))) | M17: =IF(OR(posicao_contratual!J17="",posicao_contratual!N17=""),"",ROUND(MAX(posicao_contratual!J17+posicao_contratual!H17-posicao_contratual!N17,0),2)) | N17: =IF(AND(A17="",A16<>"",COUNTIF(A18:$A$200,"<>")=0),IF(COUNT(N$2:N16)=0,"",ROUND(SUMIF($A$2:A16,"<>",N$2:N16),2)),IF(OR(M17="",NOT(ISNUMBER(historico_VU!D17))),"",ROUND(M17*historico_VU!D17,2))) | O17: =IF(OR(posicao_contratual!N17="",posicao_contratual!R17=""),"",ROUND(MAX(posicao_contratual!N17+posicao_contratual!L17-posicao_contratual!R17,0),2)) | P17: =IF(AND(A17="",A16<>"",COUNTIF(A18:$A$200,"<>")=0),IF(COUNT(P$2:P16)=0,"",ROUND(SUMIF($A$2:A16,"<>",P$2:P16),2)),IF(OR(O17="",NOT(ISNUMBER(historico_VU!E17))),"",ROUND(O17*historico_VU!E17,2))) | Q17: =IF(OR(posicao_contratual!R17="",posicao_contratual!V17=""),"",ROUND(MAX(posicao_contratual!R17+posicao_contratual!P17-posicao_contratual!V17,0),2)) | R17: =IF(AND(A17="",A16<>"",COUNTIF(A18:$A$200,"<>")=0),IF(COUNT(R$2:R16)=0,"",ROUND(SUMIF($A$2:A16,"<>",R$2:R16),2)),IF(OR(Q17="",NOT(ISNUMBER(historico_VU!F17))),"",ROUND(Q17*historico_VU!F17,2))) | T17: =IF(AND(A17="",A16<>"",COUNTIF(A18:$A$200,"<>")=0),IF(COUNT(T$2:T16)=0,"",ROUND(SUMIF($A$2:A16,"<>",T$2:T16),2)),IF(OR(S17="",NOT(ISNUMBER(historico_VU!G17))),"",ROUND(S17*historico_VU!G17,2))) | U17: =IF(AND(A17="",A16<>"",COUNTIF(A18:$A$200,"<>")=0),"TOTAL",IF(A17="","",posicao_contratual!X17)) | V17: =IF(A17="","",posicao_contratual!X17) | AB17: =IF(OR(A17="",posicao_contratual!E17="",posicao_contratual!J17=""),"",ROUND(MAX(posicao_contratual!E17-posicao_contratual!J17,0),2)) | AC17: =IF(AND(A17="",A16<>"",COUNTIF(A18:$A$200,"<>")=0),IF(COUNT(AC$2:AC16)=0,"",ROUND(SUMIF($A$2:A16,"<>",AC$2:AC16),2)),IF(OR(AB17="",NOT(ISNUMBER(historico_VU!C17))),"",ROUND(AB17*historico_VU!C17,2))) | AD17: =IF(A17="","",posicao_contratual!E17) | AE17: =IF(A17="","",posicao_contratual!I17) | AF17: =IF(A17="","",posicao_contratual!M17) | AG17: =IF(A17="","",posicao_contratual!Q17) | AH17: =IF(A17="","",posicao_contratual!U17) | AI17: =IF(A17="","",posicao_contratual!G17) | AJ17: =IF(A17="","",posicao_contratual!K17) | AK17: =IF(A17="","",posicao_contratual!O17) | AL17: =IF(A17="","",posicao_contratual!S17) | AM17: =IF(A17="","",posicao_contratual!W17) | AN17: =IF(A17="","",posicao_contratual!X17) | AO17: =IF($A17="","",ROUND(SUMIFS(itens_Consumidos!$E$2:$E$200,itens_Consumidos!$A$2:$A$200,$A17),2)) | AP17: =IF(OR($A17="",AB17=""),"",ROUND(MAX(AB17-AO17,0),2)) | AQ17: =IF(OR($A17="",AB17="",MEMORIA_RESULTADOS!$I$258=""),"",ROUND(AB17*$C17*(MEMORIA_RESULTADOS!$I$258-1),2)) | AR17: =IF(OR($A17="",AP17="",MEMORIA_RESULTADOS!$I$258=""),"",ROUND(AP17*$C17*(parametros!$F$2-MEMORIA_RESULTADOS!$I$258),2)) | AS17: =IF($A17="","",ROUND(SUMIFS(itens_Consumidos!$G$2:$G$200,itens_Consumidos!$A$2:$A$200,$A17),2)) | AT17: =IF(OR($A17="",M17=""),"",ROUND(MAX(M17-AS17,0),2)) | AU17: =IF(OR($A17="",M17="",MEMORIA_RESULTADOS!$I$259=""),"",ROUND(M17*$C17*(MEMORIA_RESULTADOS!$I$259-1),2)) | AV17: =IF(OR($A17="",AT17="",MEMORIA_RESULTADOS!$I$259=""),"",ROUND(AT17*$C17*(parametros!$F$3-MEMORIA_RESULTADOS!$I$259),2)) | AW17: =IF($A17="","",ROUND(SUMIFS(itens_Consumidos!$I$2:$I$200,itens_Consumidos!$A$2:$A$200,$A17),2)) | AX17: =IF(OR($A17="",O17=""),"",ROUND(MAX(O17-AW17,0),2)) | AY17: =IF(OR($A17="",O17="",MEMORIA_RESULTADOS!$I$260=""),"",ROUND(O17*$C17*(MEMORIA_RESULTADOS!$I$260-1),2)) | AZ17: =IF(OR($A17="",AX17="",MEMORIA_RESULTADOS!$I$260=""),"",ROUND(AX17*$C17*(parametros!$F$4-MEMORIA_RESULTADOS!$I$260),2)) | BA17: =IF($A17="","",ROUND(SUMIFS(itens_Consumidos!$K$2:$K$200,itens_Consumidos!$A$2:$A$200,$A17),2)) | BB17: =IF(OR($A17="",Q17=""),"",ROUND(MAX(Q17-BA17,0),2)) | BC17: =IF(OR($A17="",Q17="",MEMORIA_RESULTADOS!$I$261=""),"",ROUND(Q17*$C17*(MEMORIA_RESULTADOS!$I$261-1),2)) | BD17: =IF(OR($A17="",BB17="",MEMORIA_RESULTADOS!$I$261=""),"",ROUND(BB17*$C17*(parametros!$F$5-MEMORIA_RESULTADOS!$I$261),2)) | BE17: =IF($A17="","",ROUND(SUMIFS(itens_Consumidos!$M$2:$M$200,itens_Consumidos!$A$2:$A$200,$A17),2)) | BF17: =IF(OR($A17="",S17=""),"",ROUND(MAX(S17-BE17,0),2)) | BG17: =IF(OR($A17="",S17="",MEMORIA_RESULTADOS!$I$262=""),"",ROUND(S17*$C17*(MEMORIA_RESULTADOS!$I$262-1),2)) | BH17: =IF(OR($A17="",BF17="",MEMORIA_RESULTADOS!$I$262=""),"",ROUND(BF17*$C17*(parametros!$F$6-MEMORIA_RESULTADOS!$I$262),2)) | BI17: =IF($A17="","",IF(posicao_contratual!$AL17="","",posicao_contratual!$AL17))
B18: =IF(AND(LEN(TRIM($A18))=4,LEFT(TRIM($A18),1)="N",ISNUMBER(--MID(TRIM($A18),2,3)),ISERROR(FIND(".",$A18)),ISERROR(FIND(",",$A18)),ISERROR(FIND("-",$A18)),ISERROR(FIND("+",$A18)),ISERROR(SEARCH("E",$A18,2)),ISERROR(FIND(" ",TRIM($A18)))),0,"") | D18: =IF(AND(A18="",A17<>"",COUNTIF(A19:$A$200,"<>")=0),ROUND(SUMIF($A$2:A17,"<>",$D$2:D17),2),IF(OR(A18="",B18="",C18=""),"",ROUND(B18*C18,2))) | F18: =IF(AND(A18="",A17<>"",COUNTIF(A19:$A$200,"<>")=0),IF(COUNT(F$2:F17)=0,"",ROUND(SUMIF($A$2:A17,"<>",F$2:F17),2)),IF(OR(A18="",AND(ISNUMBER(posicao_contratual!$AL18),posicao_contratual!$AL18>1),posicao_contratual!K18="",NOT(ISNUMBER(historico_VU!D18))),"",ROUND(posicao_contratual!K18*historico_VU!D18,2))) | H18: =IF(AND(A18="",A17<>"",COUNTIF(A19:$A$200,"<>")=0),IF(COUNT(H$2:H17)=0,"",ROUND(SUMIF($A$2:A17,"<>",H$2:H17),2)),IF(OR(A18="",AND(ISNUMBER(posicao_contratual!$AL18),posicao_contratual!$AL18>2),posicao_contratual!O18="",NOT(ISNUMBER(historico_VU!E18))),"",ROUND(posicao_contratual!O18*historico_VU!E18,2))) | J18: =IF(AND(A18="",A17<>"",COUNTIF(A19:$A$200,"<>")=0),IF(COUNT(J$2:J17)=0,"",ROUND(SUMIF($A$2:A17,"<>",J$2:J17),2)),IF(OR(A18="",AND(ISNUMBER(posicao_contratual!$AL18),posicao_contratual!$AL18>3),posicao_contratual!S18="",NOT(ISNUMBER(historico_VU!F18))),"",ROUND(posicao_contratual!S18*historico_VU!F18,2))) | L18: =IF(AND(A18="",A17<>"",COUNTIF(A19:$A$200,"<>")=0),IF(COUNT(L$2:L17)=0,"",ROUND(SUMIF($A$2:A17,"<>",L$2:L17),2)),IF(OR(A18="",AND(ISNUMBER(posicao_contratual!$AL18),posicao_contratual!$AL18>4),posicao_contratual!W18="",NOT(ISNUMBER(historico_VU!G18))),"",ROUND(posicao_contratual!W18*historico_VU!G18,2))) | M18: =IF(OR(posicao_contratual!J18="",posicao_contratual!N18=""),"",ROUND(MAX(posicao_contratual!J18+posicao_contratual!H18-posicao_contratual!N18,0),2)) | N18: =IF(AND(A18="",A17<>"",COUNTIF(A19:$A$200,"<>")=0),IF(COUNT(N$2:N17)=0,"",ROUND(SUMIF($A$2:A17,"<>",N$2:N17),2)),IF(OR(M18="",NOT(ISNUMBER(historico_VU!D18))),"",ROUND(M18*historico_VU!D18,2))) | O18: =IF(OR(posicao_contratual!N18="",posicao_contratual!R18=""),"",ROUND(MAX(posicao_contratual!N18+posicao_contratual!L18-posicao_contratual!R18,0),2)) | P18: =IF(AND(A18="",A17<>"",COUNTIF(A19:$A$200,"<>")=0),IF(COUNT(P$2:P17)=0,"",ROUND(SUMIF($A$2:A17,"<>",P$2:P17),2)),IF(OR(O18="",NOT(ISNUMBER(historico_VU!E18))),"",ROUND(O18*historico_VU!E18,2))) | Q18: =IF(OR(posicao_contratual!R18="",posicao_contratual!V18=""),"",ROUND(MAX(posicao_contratual!R18+posicao_contratual!P18-posicao_contratual!V18,0),2)) | R18: =IF(AND(A18="",A17<>"",COUNTIF(A19:$A$200,"<>")=0),IF(COUNT(R$2:R17)=0,"",ROUND(SUMIF($A$2:A17,"<>",R$2:R17),2)),IF(OR(Q18="",NOT(ISNUMBER(historico_VU!F18))),"",ROUND(Q18*historico_VU!F18,2))) | T18: =IF(AND(A18="",A17<>"",COUNTIF(A19:$A$200,"<>")=0),IF(COUNT(T$2:T17)=0,"",ROUND(SUMIF($A$2:A17,"<>",T$2:T17),2)),IF(OR(S18="",NOT(ISNUMBER(historico_VU!G18))),"",ROUND(S18*historico_VU!G18,2))) | U18: =IF(AND(A18="",A17<>"",COUNTIF(A19:$A$200,"<>")=0),"TOTAL",IF(A18="","",posicao_contratual!X18)) | V18: =IF(A18="","",posicao_contratual!X18) | AB18: =IF(OR(A18="",posicao_contratual!E18="",posicao_contratual!J18=""),"",ROUND(MAX(posicao_contratual!E18-posicao_contratual!J18,0),2)) | AC18: =IF(AND(A18="",A17<>"",COUNTIF(A19:$A$200,"<>")=0),IF(COUNT(AC$2:AC17)=0,"",ROUND(SUMIF($A$2:A17,"<>",AC$2:AC17),2)),IF(OR(AB18="",NOT(ISNUMBER(historico_VU!C18))),"",ROUND(AB18*historico_VU!C18,2))) | AD18: =IF(A18="","",posicao_contratual!E18) | AE18: =IF(A18="","",posicao_contratual!I18) | AF18: =IF(A18="","",posicao_contratual!M18) | AG18: =IF(A18="","",posicao_contratual!Q18) | AH18: =IF(A18="","",posicao_contratual!U18) | AI18: =IF(A18="","",posicao_contratual!G18) | AJ18: =IF(A18="","",posicao_contratual!K18) | AK18: =IF(A18="","",posicao_contratual!O18) | AL18: =IF(A18="","",posicao_contratual!S18) | AM18: =IF(A18="","",posicao_contratual!W18) | AN18: =IF(A18="","",posicao_contratual!X18) | AO18: =IF($A18="","",ROUND(SUMIFS(itens_Consumidos!$E$2:$E$200,itens_Consumidos!$A$2:$A$200,$A18),2)) | AP18: =IF(OR($A18="",AB18=""),"",ROUND(MAX(AB18-AO18,0),2)) | AQ18: =IF(OR($A18="",AB18="",MEMORIA_RESULTADOS!$I$258=""),"",ROUND(AB18*$C18*(MEMORIA_RESULTADOS!$I$258-1),2)) | AR18: =IF(OR($A18="",AP18="",MEMORIA_RESULTADOS!$I$258=""),"",ROUND(AP18*$C18*(parametros!$F$2-MEMORIA_RESULTADOS!$I$258),2)) | AS18: =IF($A18="","",ROUND(SUMIFS(itens_Consumidos!$G$2:$G$200,itens_Consumidos!$A$2:$A$200,$A18),2)) | AT18: =IF(OR($A18="",M18=""),"",ROUND(MAX(M18-AS18,0),2)) | AU18: =IF(OR($A18="",M18="",MEMORIA_RESULTADOS!$I$259=""),"",ROUND(M18*$C18*(MEMORIA_RESULTADOS!$I$259-1),2)) | AV18: =IF(OR($A18="",AT18="",MEMORIA_RESULTADOS!$I$259=""),"",ROUND(AT18*$C18*(parametros!$F$3-MEMORIA_RESULTADOS!$I$259),2)) | AW18: =IF($A18="","",ROUND(SUMIFS(itens_Consumidos!$I$2:$I$200,itens_Consumidos!$A$2:$A$200,$A18),2)) | AX18: =IF(OR($A18="",O18=""),"",ROUND(MAX(O18-AW18,0),2)) | AY18: =IF(OR($A18="",O18="",MEMORIA_RESULTADOS!$I$260=""),"",ROUND(O18*$C18*(MEMORIA_RESULTADOS!$I$260-1),2)) | AZ18: =IF(OR($A18="",AX18="",MEMORIA_RESULTADOS!$I$260=""),"",ROUND(AX18*$C18*(parametros!$F$4-MEMORIA_RESULTADOS!$I$260),2)) | BA18: =IF($A18="","",ROUND(SUMIFS(itens_Consumidos!$K$2:$K$200,itens_Consumidos!$A$2:$A$200,$A18),2)) | BB18: =IF(OR($A18="",Q18=""),"",ROUND(MAX(Q18-BA18,0),2)) | BC18: =IF(OR($A18="",Q18="",MEMORIA_RESULTADOS!$I$261=""),"",ROUND(Q18*$C18*(MEMORIA_RESULTADOS!$I$261-1),2)) | BD18: =IF(OR($A18="",BB18="",MEMORIA_RESULTADOS!$I$261=""),"",ROUND(BB18*$C18*(parametros!$F$5-MEMORIA_RESULTADOS!$I$261),2)) | BE18: =IF($A18="","",ROUND(SUMIFS(itens_Consumidos!$M$2:$M$200,itens_Consumidos!$A$2:$A$200,$A18),2)) | BF18: =IF(OR($A18="",S18=""),"",ROUND(MAX(S18-BE18,0),2)) | BG18: =IF(OR($A18="",S18="",MEMORIA_RESULTADOS!$I$262=""),"",ROUND(S18*$C18*(MEMORIA_RESULTADOS!$I$262-1),2)) | BH18: =IF(OR($A18="",BF18="",MEMORIA_RESULTADOS!$I$262=""),"",ROUND(BF18*$C18*(parametros!$F$6-MEMORIA_RESULTADOS!$I$262),2)) | BI18: =IF($A18="","",IF(posicao_contratual!$AL18="","",posicao_contratual!$AL18))
... B199: =IF(AND(LEN(TRIM($A199))=4,LEFT(TRIM($A199),1)="N",ISNUMBER(--MID(TRIM($A199),2,3)),ISERROR(FIND(".",$A199)),ISERROR(FIND(",",$A199)),ISERROR(FIND("-",$A199)),ISERROR(FIND("+",$A199)),ISERROR(SEARCH("E",$A199,2)),ISERROR(FIND(" ",TRIM($A199)))),0,"") | D199: =IF(AND(A199="",A198<>"",COUNTIF(A200:$A$200,"<>")=0),ROUND(SUMIF($A$2:A198,"<>",$D$2:D198),2),IF(OR(A199="",B199="",C199=""),"",ROUND(B199*C199,2))) | F199: =IF(AND(A199="",A198<>"",COUNTIF(A200:$A$200,"<>")=0),IF(COUNT(F$2:F198)=0,"",ROUND(SUMIF($A$2:A198,"<>",F$2:F198),2)),IF(OR(A199="",AND(ISNUMBER(posicao_contratual!$AL199),posicao_contratual!$AL199>1),posicao_contratual!K199="",NOT(ISNUMBER(historico_VU!D199))),"",ROUND(posicao_contratual!K199*historico_VU!D199,2))) | H199: =IF(AND(A199="",A198<>"",COUNTIF(A200:$A$200,"<>")=0),IF(COUNT(H$2:H198)=0,"",ROUND(SUMIF($A$2:A198,"<>",H$2:H198),2)),IF(OR(A199="",AND(ISNUMBER(posicao_contratual!$AL199),posicao_contratual!$AL199>2),posicao_contratual!O199="",NOT(ISNUMBER(historico_VU!E199))),"",ROUND(posicao_contratual!O199*historico_VU!E199,2))) | J199: =IF(AND(A199="",A198<>"",COUNTIF(A200:$A$200,"<>")=0),IF(COUNT(J$2:J198)=0,"",ROUND(SUMIF($A$2:A198,"<>",J$2:J198),2)),IF(OR(A199="",AND(ISNUMBER(posicao_contratual!$AL199),posicao_contratual!$AL199>3),posicao_contratual!S199="",NOT(ISNUMBER(historico_VU!F199))),"",ROUND(posicao_contratual!S199*historico_VU!F199,2))) | L199: =IF(AND(A199="",A198<>"",COUNTIF(A200:$A$200,"<>")=0),IF(COUNT(L$2:L198)=0,"",ROUND(SUMIF($A$2:A198,"<>",L$2:L198),2)),IF(OR(A199="",AND(ISNUMBER(posicao_contratual!$AL199),posicao_contratual!$AL199>4),posicao_contratual!W199="",NOT(ISNUMBER(historico_VU!G199))),"",ROUND(posicao_contratual!W199*historico_VU!G199,2))) | M199: =IF(OR(posicao_contratual!J199="",posicao_contratual!N199=""),"",ROUND(MAX(posicao_contratual!J199+posicao_contratual!H199-posicao_contratual!N199,0),2)) | N199: =IF(AND(A199="",A198<>"",COUNTIF(A200:$A$200,"<>")=0),IF(COUNT(N$2:N198)=0,"",ROUND(SUMIF($A$2:A198,"<>",N$2:N198),2)),IF(OR(M199="",NOT(ISNUMBER(historico_VU!D199))),"",ROUND(M199*historico_VU!D199,2))) | O199: =IF(OR(posicao_contratual!N199="",posicao_contratual!R199=""),"",ROUND(MAX(posicao_contratual!N199+posicao_contratual!L199-posicao_contratual!R199,0),2)) | P199: =IF(AND(A199="",A198<>"",COUNTIF(A200:$A$200,"<>")=0),IF(COUNT(P$2:P198)=0,"",ROUND(SUMIF($A$2:A198,"<>",P$2:P198),2)),IF(OR(O199="",NOT(ISNUMBER(historico_VU!E199))),"",ROUND(O199*historico_VU!E199,2))) | Q199: =IF(OR(posicao_contratual!R199="",posicao_contratual!V199=""),"",ROUND(MAX(posicao_contratual!R199+posicao_contratual!P199-posicao_contratual!V199,0),2)) | R199: =IF(AND(A199="",A198<>"",COUNTIF(A200:$A$200,"<>")=0),IF(COUNT(R$2:R198)=0,"",ROUND(SUMIF($A$2:A198,"<>",R$2:R198),2)),IF(OR(Q199="",NOT(ISNUMBER(historico_VU!F199))),"",ROUND(Q199*historico_VU!F199,2))) | T199: =IF(AND(A199="",A198<>"",COUNTIF(A200:$A$200,"<>")=0),IF(COUNT(T$2:T198)=0,"",ROUND(SUMIF($A$2:A198,"<>",T$2:T198),2)),IF(OR(S199="",NOT(ISNUMBER(historico_VU!G199))),"",ROUND(S199*historico_VU!G199,2))) | U199: =IF(AND(A199="",A198<>"",COUNTIF(A200:$A$200,"<>")=0),"TOTAL",IF(A199="","",posicao_contratual!X199)) | V199: =IF(A199="","",posicao_contratual!X199) | AB199: =IF(OR(A199="",posicao_contratual!E199="",posicao_contratual!J199=""),"",ROUND(MAX(posicao_contratual!E199-posicao_contratual!J199,0),2)) | AC199: =IF(AND(A199="",A198<>"",COUNTIF(A200:$A$200,"<>")=0),IF(COUNT(AC$2:AC198)=0,"",ROUND(SUMIF($A$2:A198,"<>",AC$2:AC198),2)),IF(OR(AB199="",NOT(ISNUMBER(historico_VU!C199))),"",ROUND(AB199*historico_VU!C199,2))) | AD199: =IF(A199="","",posicao_contratual!E199) | AE199: =IF(A199="","",posicao_contratual!I199) | AF199: =IF(A199="","",posicao_contratual!M199) | AG199: =IF(A199="","",posicao_contratual!Q199) | AH199: =IF(A199="","",posicao_contratual!U199) | AI199: =IF(A199="","",posicao_contratual!G199) | AJ199: =IF(A199="","",posicao_contratual!K199) | AK199: =IF(A199="","",posicao_contratual!O199) | AL199: =IF(A199="","",posicao_contratual!S199) | AM199: =IF(A199="","",posicao_contratual!W199) | AN199: =IF(A199="","",posicao_contratual!X199) | AO199: =IF($A199="","",ROUND(SUMIFS(itens_Consumidos!$E$2:$E$200,itens_Consumidos!$A$2:$A$200,$A199),2)) | AP199: =IF(OR($A199="",AB199=""),"",ROUND(MAX(AB199-AO199,0),2)) | AQ199: =IF(OR($A199="",AB199="",MEMORIA_RESULTADOS!$I$258=""),"",ROUND(AB199*$C199*(MEMORIA_RESULTADOS!$I$258-1),2)) | AR199: =IF(OR($A199="",AP199="",MEMORIA_RESULTADOS!$I$258=""),"",ROUND(AP199*$C199*(parametros!$F$2-MEMORIA_RESULTADOS!$I$258),2)) | AS199: =IF($A199="","",ROUND(SUMIFS(itens_Consumidos!$G$2:$G$200,itens_Consumidos!$A$2:$A$200,$A199),2)) | AT199: =IF(OR($A199="",M199=""),"",ROUND(MAX(M199-AS199,0),2)) | AU199: =IF(OR($A199="",M199="",MEMORIA_RESULTADOS!$I$259=""),"",ROUND(M199*$C199*(MEMORIA_RESULTADOS!$I$259-1),2)) | AV199: =IF(OR($A199="",AT199="",MEMORIA_RESULTADOS!$I$259=""),"",ROUND(AT199*$C199*(parametros!$F$3-MEMORIA_RESULTADOS!$I$259),2)) | AW199: =IF($A199="","",ROUND(SUMIFS(itens_Consumidos!$I$2:$I$200,itens_Consumidos!$A$2:$A$200,$A199),2)) | AX199: =IF(OR($A199="",O199=""),"",ROUND(MAX(O199-AW199,0),2)) | AY199: =IF(OR($A199="",O199="",MEMORIA_RESULTADOS!$I$260=""),"",ROUND(O199*$C199*(MEMORIA_RESULTADOS!$I$260-1),2)) | AZ199: =IF(OR($A199="",AX199="",MEMORIA_RESULTADOS!$I$260=""),"",ROUND(AX199*$C199*(parametros!$F$4-MEMORIA_RESULTADOS!$I$260),2)) | BA199: =IF($A199="","",ROUND(SUMIFS(itens_Consumidos!$K$2:$K$200,itens_Consumidos!$A$2:$A$200,$A199),2)) | BB199: =IF(OR($A199="",Q199=""),"",ROUND(MAX(Q199-BA199,0),2)) | BC199: =IF(OR($A199="",Q199="",MEMORIA_RESULTADOS!$I$261=""),"",ROUND(Q199*$C199*(MEMORIA_RESULTADOS!$I$261-1),2)) | BD199: =IF(OR($A199="",BB199="",MEMORIA_RESULTADOS!$I$261=""),"",ROUND(BB199*$C199*(parametros!$F$5-MEMORIA_RESULTADOS!$I$261),2)) | BE199: =IF($A199="","",ROUND(SUMIFS(itens_Consumidos!$M$2:$M$200,itens_Consumidos!$A$2:$A$200,$A199),2)) | BF199: =IF(OR($A199="",S199=""),"",ROUND(MAX(S199-BE199,0),2)) | BG199: =IF(OR($A199="",S199="",MEMORIA_RESULTADOS!$I$262=""),"",ROUND(S199*$C199*(MEMORIA_RESULTADOS!$I$262-1),2)) | BH199: =IF(OR($A199="",BF199="",MEMORIA_RESULTADOS!$I$262=""),"",ROUND(BF199*$C199*(parametros!$F$6-MEMORIA_RESULTADOS!$I$262),2)) | BI199: =IF($A199="","",IF(posicao_contratual!$AL199="","",posicao_contratual!$AL199))
B200: =IF(AND(LEN(TRIM($A200))=4,LEFT(TRIM($A200),1)="N",ISNUMBER(--MID(TRIM($A200),2,3)),ISERROR(FIND(".",$A200)),ISERROR(FIND(",",$A200)),ISERROR(FIND("-",$A200)),ISERROR(FIND("+",$A200)),ISERROR(SEARCH("E",$A200,2)),ISERROR(FIND(" ",TRIM($A200)))),0,"") | D200: =IF(AND(A200="",A199<>"",COUNTIF(A$200:$A201,"<>")=0),ROUND(SUMIF($A$2:A199,"<>",$D$2:D199),2),IF(OR(A200="",B200="",C200=""),"",ROUND(B200*C200,2))) | F200: =IF(AND(A200="",A199<>"",COUNTIF(A$200:$A201,"<>")=0),IF(COUNT(F$2:F199)=0,"",ROUND(SUMIF($A$2:A199,"<>",F$2:F199),2)),IF(OR(A200="",AND(ISNUMBER(posicao_contratual!$AL200),posicao_contratual!$AL200>1),posicao_contratual!K200="",NOT(ISNUMBER(historico_VU!D200))),"",ROUND(posicao_contratual!K200*historico_VU!D200,2))) | H200: =IF(AND(A200="",A199<>"",COUNTIF(A$200:$A201,"<>")=0),IF(COUNT(H$2:H199)=0,"",ROUND(SUMIF($A$2:A199,"<>",H$2:H199),2)),IF(OR(A200="",AND(ISNUMBER(posicao_contratual!$AL200),posicao_contratual!$AL200>2),posicao_contratual!O200="",NOT(ISNUMBER(historico_VU!E200))),"",ROUND(posicao_contratual!O200*historico_VU!E200,2))) | J200: =IF(AND(A200="",A199<>"",COUNTIF(A$200:$A201,"<>")=0),IF(COUNT(J$2:J199)=0,"",ROUND(SUMIF($A$2:A199,"<>",J$2:J199),2)),IF(OR(A200="",AND(ISNUMBER(posicao_contratual!$AL200),posicao_contratual!$AL200>3),posicao_contratual!S200="",NOT(ISNUMBER(historico_VU!F200))),"",ROUND(posicao_contratual!S200*historico_VU!F200,2))) | L200: =IF(AND(A200="",A199<>"",COUNTIF(A$200:$A201,"<>")=0),IF(COUNT(L$2:L199)=0,"",ROUND(SUMIF($A$2:A199,"<>",L$2:L199),2)),IF(OR(A200="",AND(ISNUMBER(posicao_contratual!$AL200),posicao_contratual!$AL200>4),posicao_contratual!W200="",NOT(ISNUMBER(historico_VU!G200))),"",ROUND(posicao_contratual!W200*historico_VU!G200,2))) | M200: =IF(OR(posicao_contratual!J200="",posicao_contratual!N200=""),"",ROUND(MAX(posicao_contratual!J200+posicao_contratual!H200-posicao_contratual!N200,0),2)) | N200: =IF(AND(A200="",A199<>"",COUNTIF(A$200:$A201,"<>")=0),IF(COUNT(N$2:N199)=0,"",ROUND(SUMIF($A$2:A199,"<>",N$2:N199),2)),IF(OR(M200="",NOT(ISNUMBER(historico_VU!D200))),"",ROUND(M200*historico_VU!D200,2))) | O200: =IF(OR(posicao_contratual!N200="",posicao_contratual!R200=""),"",ROUND(MAX(posicao_contratual!N200+posicao_contratual!L200-posicao_contratual!R200,0),2)) | P200: =IF(AND(A200="",A199<>"",COUNTIF(A$200:$A201,"<>")=0),IF(COUNT(P$2:P199)=0,"",ROUND(SUMIF($A$2:A199,"<>",P$2:P199),2)),IF(OR(O200="",NOT(ISNUMBER(historico_VU!E200))),"",ROUND(O200*historico_VU!E200,2))) | Q200: =IF(OR(posicao_contratual!R200="",posicao_contratual!V200=""),"",ROUND(MAX(posicao_contratual!R200+posicao_contratual!P200-posicao_contratual!V200,0),2)) | R200: =IF(AND(A200="",A199<>"",COUNTIF(A$200:$A201,"<>")=0),IF(COUNT(R$2:R199)=0,"",ROUND(SUMIF($A$2:A199,"<>",R$2:R199),2)),IF(OR(Q200="",NOT(ISNUMBER(historico_VU!F200))),"",ROUND(Q200*historico_VU!F200,2))) | T200: =IF(AND(A200="",A199<>"",COUNTIF(A$200:$A201,"<>")=0),IF(COUNT(T$2:T199)=0,"",ROUND(SUMIF($A$2:A199,"<>",T$2:T199),2)),IF(OR(S200="",NOT(ISNUMBER(historico_VU!G200))),"",ROUND(S200*historico_VU!G200,2))) | U200: =IF(AND(A200="",A199<>"",COUNTIF(A$200:$A201,"<>")=0),"TOTAL",IF(A200="","",posicao_contratual!X200)) | V200: =IF(A200="","",posicao_contratual!X200) | AB200: =IF(OR(A200="",posicao_contratual!E200="",posicao_contratual!J200=""),"",ROUND(MAX(posicao_contratual!E200-posicao_contratual!J200,0),2)) | AC200: =IF(AND(A200="",A199<>"",COUNTIF(A$200:$A201,"<>")=0),IF(COUNT(AC$2:AC199)=0,"",ROUND(SUMIF($A$2:A199,"<>",AC$2:AC199),2)),IF(OR(AB200="",NOT(ISNUMBER(historico_VU!C200))),"",ROUND(AB200*historico_VU!C200,2))) | AD200: =IF(A200="","",posicao_contratual!E200) | AE200: =IF(A200="","",posicao_contratual!I200) | AF200: =IF(A200="","",posicao_contratual!M200) | AG200: =IF(A200="","",posicao_contratual!Q200) | AH200: =IF(A200="","",posicao_contratual!U200) | AI200: =IF(A200="","",posicao_contratual!G200) | AJ200: =IF(A200="","",posicao_contratual!K200) | AK200: =IF(A200="","",posicao_contratual!O200) | AL200: =IF(A200="","",posicao_contratual!S200) | AM200: =IF(A200="","",posicao_contratual!W200) | AN200: =IF(A200="","",posicao_contratual!X200) | AO200: =IF($A200="","",ROUND(SUMIFS(itens_Consumidos!$E$2:$E$200,itens_Consumidos!$A$2:$A$200,$A200),2)) | AP200: =IF(OR($A200="",AB200=""),"",ROUND(MAX(AB200-AO200,0),2)) | AQ200: =IF(OR($A200="",AB200="",MEMORIA_RESULTADOS!$I$258=""),"",ROUND(AB200*$C200*(MEMORIA_RESULTADOS!$I$258-1),2)) | AR200: =IF(OR($A200="",AP200="",MEMORIA_RESULTADOS!$I$258=""),"",ROUND(AP200*$C200*(parametros!$F$2-MEMORIA_RESULTADOS!$I$258),2)) | AS200: =IF($A200="","",ROUND(SUMIFS(itens_Consumidos!$G$2:$G$200,itens_Consumidos!$A$2:$A$200,$A200),2)) | AT200: =IF(OR($A200="",M200=""),"",ROUND(MAX(M200-AS200,0),2)) | AU200: =IF(OR($A200="",M200="",MEMORIA_RESULTADOS!$I$259=""),"",ROUND(M200*$C200*(MEMORIA_RESULTADOS!$I$259-1),2)) | AV200: =IF(OR($A200="",AT200="",MEMORIA_RESULTADOS!$I$259=""),"",ROUND(AT200*$C200*(parametros!$F$3-MEMORIA_RESULTADOS!$I$259),2)) | AW200: =IF($A200="","",ROUND(SUMIFS(itens_Consumidos!$I$2:$I$200,itens_Consumidos!$A$2:$A$200,$A200),2)) | AX200: =IF(OR($A200="",O200=""),"",ROUND(MAX(O200-AW200,0),2)) | AY200: =IF(OR($A200="",O200="",MEMORIA_RESULTADOS!$I$260=""),"",ROUND(O200*$C200*(MEMORIA_RESULTADOS!$I$260-1),2)) | AZ200: =IF(OR($A200="",AX200="",MEMORIA_RESULTADOS!$I$260=""),"",ROUND(AX200*$C200*(parametros!$F$4-MEMORIA_RESULTADOS!$I$260),2)) | BA200: =IF($A200="","",ROUND(SUMIFS(itens_Consumidos!$K$2:$K$200,itens_Consumidos!$A$2:$A$200,$A200),2)) | BB200: =IF(OR($A200="",Q200=""),"",ROUND(MAX(Q200-BA200,0),2)) | BC200: =IF(OR($A200="",Q200="",MEMORIA_RESULTADOS!$I$261=""),"",ROUND(Q200*$C200*(MEMORIA_RESULTADOS!$I$261-1),2)) | BD200: =IF(OR($A200="",BB200="",MEMORIA_RESULTADOS!$I$261=""),"",ROUND(BB200*$C200*(parametros!$F$5-MEMORIA_RESULTADOS!$I$261),2)) | BE200: =IF($A200="","",ROUND(SUMIFS(itens_Consumidos!$M$2:$M$200,itens_Consumidos!$A$2:$A$200,$A200),2)) | BF200: =IF(OR($A200="",S200=""),"",ROUND(MAX(S200-BE200,0),2)) | BG200: =IF(OR($A200="",S200="",MEMORIA_RESULTADOS!$I$262=""),"",ROUND(S200*$C200*(MEMORIA_RESULTADOS!$I$262-1),2)) | BH200: =IF(OR($A200="",BF200="",MEMORIA_RESULTADOS!$I$262=""),"",ROUND(BF200*$C200*(parametros!$F$6-MEMORIA_RESULTADOS!$I$262),2)) | BI200: =IF($A200="","",IF(posicao_contratual!$AL200="","",posicao_contratual!$AL200))
D201: =IF($A$200<>"",ROUND(SUMIF($A$2:$A$200,"<>",$D$2:$D$200),2),"") | F201: =IF($A$200<>"",IF(COUNT(F$2:F$200)=0,"",ROUND(SUMIF($A$2:$A$200,"<>",F$2:F$200),2)),"") | H201: =IF($A$200<>"",IF(COUNT(H$2:H$200)=0,"",ROUND(SUMIF($A$2:$A$200,"<>",H$2:H$200),2)),"") | J201: =IF($A$200<>"",IF(COUNT(J$2:J$200)=0,"",ROUND(SUMIF($A$2:$A$200,"<>",J$2:J$200),2)),"") | L201: =IF($A$200<>"",IF(COUNT(L$2:L$200)=0,"",ROUND(SUMIF($A$2:$A$200,"<>",L$2:L$200),2)),"") | N201: =IF($A$200<>"",IF(COUNT(N$2:N$200)=0,"",ROUND(SUMIF($A$2:$A$200,"<>",N$2:N$200),2)),"") | P201: =IF($A$200<>"",IF(COUNT(P$2:P$200)=0,"",ROUND(SUMIF($A$2:$A$200,"<>",P$2:P$200),2)),"") | R201: =IF($A$200<>"",IF(COUNT(R$2:R$200)=0,"",ROUND(SUMIF($A$2:$A$200,"<>",R$2:R$200),2)),"") | T201: =IF($A$200<>"",IF(COUNT(T$2:T$200)=0,"",ROUND(SUMIF($A$2:$A$200,"<>",T$2:T$200),2)),"") | U201: =IF($A$200<>"","TOTAL","") | AC201: =IF($A$200<>"",IF(COUNT(AC$2:AC$200)=0,"",ROUND(SUMIF($A$2:$A$200,"<>",AC$2:AC$200),2)),"")

Sheet itens_Consumidos
A1: ITEM | B1: QTD_CONTRATADA | C1: VU_ORIGINAL | D1: VALOR_TOTAL | E1: QTD_CONS_C0 | F1: VALOR_CONS_C0 | G1: QTD_CONS_C1 | H1: VALOR_CONS_C1 | I1: QTD_CONS_C2 | J1: VALOR_CONS_C2 | K1: QTD_CONS_C3 | L1: VALOR_CONS_C3 | M1: QTD_CONS_C4 | N1: VALOR_CONS_C4 | O1: CONS_QTD_TOTAL | P1: CONS_VALOR_TOTAL | Q1: CHECK | R1: CICLO | S1: COMPUTAR_NESTA_APURACAO | T1: FATOR_PROPRIO | U1: FATOR_ACUMULADO | V1: Remanescente atualizado (base) do item | X1: AJUSTE_CICLO | Y1: AJUSTE_VALOR_CALCULADO | Z1: AJUSTE_TIPO | AA1: AJUSTE_VALOR_INFORMADO | AB1: AJUSTE_VALOR_PAGO_CONSIDERADO | AC1: AJUSTE_GLOSA | AD1: AJUSTE_FATOR_NOVO | AE1: AJUSTE_VALOR_PAGO_ATUALIZADO | AF1: AJUSTE_RETROATIVO | AG1: AJUSTE_STATUS
D2: =IF(OR(A2="",B2="",C2=""),"",ROUND(B2*C2,2)) | F2: =IF(OR(A2="",E2="",C2="",NOT(ISNUMBER($U$2))),"",ROUND(E2*C2*$U$2,2)) | H2: =IF(OR(A2="",G2="",C2="",NOT(ISNUMBER($U$3))),"",ROUND(G2*C2*$U$3,2)) | J2: =IF(OR(A2="",I2="",C2="",NOT(ISNUMBER($U$4))),"",ROUND(I2*C2*$U$4,2)) | L2: =IF(OR(A2="",K2="",C2="",NOT(ISNUMBER($U$5))),"",ROUND(K2*C2*$U$5,2)) | N2: =IF(OR(A2="",M2="",C2="",NOT(ISNUMBER($U$6))),"",ROUND(M2*C2*$U$6,2)) | O2: =IF(A2="","",SUM(E2,G2,I2,K2,M2)) | P2: =IF(A2="","",SUM(F2,H2,J2,L2,N2)) | Q2: =IF(A2="","",IF(O2>B2,"DIVERGENCIA: CONSUMO MAIOR QUE CONTRATADO","OK")) | R2: C0 | S2: =parametros!$A$2 -> Nao | T2: =IF(ISNUMBER(parametros!$E$2),parametros!$E$2,"") | U2: =IF(ISNUMBER(parametros!$F$2),parametros!$F$2,"") -> 1 | V2: =IF(A2="","",IF(OR(NOT(ISNUMBER(B2)),NOT(ISNUMBER(O2)),NOT(ISNUMBER(C2)),Q2<>"OK"),"",ROUND(MAX(B2-O2,0)*C2,2))) | X2: C0 | Y2: =IF(COUNT($E$2:$E$200)=0,"",IF(OR(NOT(ISNUMBER(parametros!$F2)),NOT(ISNUMBER($AD2)),$AD2=0),"",ROUND(SUMPRODUCT($E$2:$E$200,$C$2:$C$200)*parametros!$F2/$AD2,2))) | AB2: =IF($AG2<>"AJUSTE APLICADO","",IF($Z2="Valor pago",ROUND($AA2,2),ROUND($Y2-$AA2,2))) | AC2: =IF($AG2<>"AJUSTE APLICADO","",ROUND($Y2-$AB2,2)) | AD2: =IF(ISNUMBER(parametros!$D11),parametros!$D11,"") -> 1 | AE2: =IF($AG2<>"AJUSTE APLICADO","",ROUND($AB2*$AD2,2)) | AF2: =IF($AG2<>"AJUSTE APLICADO","",ROUND($AE2-$AB2,2)) | AG2: =IF(AND($Z2="",$AA2=""),"",IF($Z2="","REVISAR: VALOR INFORMADO SEM TIPO DE AJUSTE",IF(AND($Z2<>"Valor pago",$Z2<>"Glosa"),"REVISAR: TIPO DE AJUSTE INVALIDO",IF($AA2="","REVISAR: TIPO DE AJUSTE SEM VALOR",IF(NOT(ISNUMBER($AA2)),"REVISAR: VALOR INFORMADO NAO NUMERICO",IF($AA2<0,IF($Z2="Glosa","REVISAR: GLOSA NEGATIVA","REVISAR: VALOR PAGO NEGATIVO"),IF(NOT(ISNUMBER($AD2)),"REVISAR: CICLO FORA DA APURACAO OU SEM FATOR NOVO",IF(NOT(ISNUMBER($Y2)),"REVISAR: SEM EXECUCAO CALCULADA NO CICLO",IF(ROUND($AA2,2)>ROUND($Y2,2),IF($Z2="Glosa","REVISAR: GLOSA MAIOR QUE O CALCULADO","REVISAR: VALOR PAGO MAIOR QUE O CALCULADO"),"AJUSTE APLICADO")))))))))
D3: =IF(OR(A3="",B3="",C3=""),"",ROUND(B3*C3,2)) | F3: =IF(OR(A3="",E3="",C3="",NOT(ISNUMBER($U$2))),"",ROUND(E3*C3*$U$2,2)) | H3: =IF(OR(A3="",G3="",C3="",NOT(ISNUMBER($U$3))),"",ROUND(G3*C3*$U$3,2)) | J3: =IF(OR(A3="",I3="",C3="",NOT(ISNUMBER($U$4))),"",ROUND(I3*C3*$U$4,2)) | L3: =IF(OR(A3="",K3="",C3="",NOT(ISNUMBER($U$5))),"",ROUND(K3*C3*$U$5,2)) | N3: =IF(OR(A3="",M3="",C3="",NOT(ISNUMBER($U$6))),"",ROUND(M3*C3*$U$6,2)) | O3: =IF(A3="","",SUM(E3,G3,I3,K3,M3)) | P3: =IF(A3="","",SUM(F3,H3,J3,L3,N3)) | Q3: =IF(A3="","",IF(O3>B3,"DIVERGENCIA: CONSUMO MAIOR QUE CONTRATADO","OK")) | R3: C1 | S3: =parametros!$A$3 -> Sim | T3: =IF(ISNUMBER(parametros!$E$3),parametros!$E$3,"") -> 0.0512 | U3: =IF(ISNUMBER(parametros!$F$3),parametros!$F$3,"") -> 1.0512 | V3: =IF(A3="","",IF(OR(NOT(ISNUMBER(B3)),NOT(ISNUMBER(O3)),NOT(ISNUMBER(C3)),Q3<>"OK"),"",ROUND(MAX(B3-O3,0)*C3,2))) | X3: C1 | Y3: =IF(COUNT($G$2:$G$200)=0,"",IF(OR(NOT(ISNUMBER(parametros!$F3)),NOT(ISNUMBER($AD3)),$AD3=0),"",ROUND(SUMPRODUCT($G$2:$G$200,$C$2:$C$200)*parametros!$F3/$AD3,2))) | AB3: =IF($AG3<>"AJUSTE APLICADO","",IF($Z3="Valor pago",ROUND($AA3,2),ROUND($Y3-$AA3,2))) | AC3: =IF($AG3<>"AJUSTE APLICADO","",ROUND($Y3-$AB3,2)) | AD3: =IF(ISNUMBER(parametros!$D12),parametros!$D12,"") -> 1.0512 | AE3: =IF($AG3<>"AJUSTE APLICADO","",ROUND($AB3*$AD3,2)) | AF3: =IF($AG3<>"AJUSTE APLICADO","",ROUND($AE3-$AB3,2)) | AG3: =IF(AND($Z3="",$AA3=""),"",IF($Z3="","REVISAR: VALOR INFORMADO SEM TIPO DE AJUSTE",IF(AND($Z3<>"Valor pago",$Z3<>"Glosa"),"REVISAR: TIPO DE AJUSTE INVALIDO",IF($AA3="","REVISAR: TIPO DE AJUSTE SEM VALOR",IF(NOT(ISNUMBER($AA3)),"REVISAR: VALOR INFORMADO NAO NUMERICO",IF($AA3<0,IF($Z3="Glosa","REVISAR: GLOSA NEGATIVA","REVISAR: VALOR PAGO NEGATIVO"),IF(NOT(ISNUMBER($AD3)),"REVISAR: CICLO FORA DA APURACAO OU SEM FATOR NOVO",IF(NOT(ISNUMBER($Y3)),"REVISAR: SEM EXECUCAO CALCULADA NO CICLO",IF(ROUND($AA3,2)>ROUND($Y3,2),IF($Z3="Glosa","REVISAR: GLOSA MAIOR QUE O CALCULADO","REVISAR: VALOR PAGO MAIOR QUE O CALCULADO"),"AJUSTE APLICADO")))))))))
D4: =IF(OR(A4="",B4="",C4=""),"",ROUND(B4*C4,2)) | F4: =IF(OR(A4="",E4="",C4="",NOT(ISNUMBER($U$2))),"",ROUND(E4*C4*$U$2,2)) | H4: =IF(OR(A4="",G4="",C4="",NOT(ISNUMBER($U$3))),"",ROUND(G4*C4*$U$3,2)) | J4: =IF(OR(A4="",I4="",C4="",NOT(ISNUMBER($U$4))),"",ROUND(I4*C4*$U$4,2)) | L4: =IF(OR(A4="",K4="",C4="",NOT(ISNUMBER($U$5))),"",ROUND(K4*C4*$U$5,2)) | N4: =IF(OR(A4="",M4="",C4="",NOT(ISNUMBER($U$6))),"",ROUND(M4*C4*$U$6,2)) | O4: =IF(A4="","",SUM(E4,G4,I4,K4,M4)) | P4: =IF(A4="","",SUM(F4,H4,J4,L4,N4)) | Q4: =IF(A4="","",IF(O4>B4,"DIVERGENCIA: CONSUMO MAIOR QUE CONTRATADO","OK")) | R4: C2 | S4: =parametros!$A$4 -> Nao | T4: =IF(ISNUMBER(parametros!$E$4),parametros!$E$4,"") -> 0.0374 | U4: =IF(ISNUMBER(parametros!$F$4),parametros!$F$4,"") -> 1.0905149 | V4: =IF(A4="","",IF(OR(NOT(ISNUMBER(B4)),NOT(ISNUMBER(O4)),NOT(ISNUMBER(C4)),Q4<>"OK"),"",ROUND(MAX(B4-O4,0)*C4,2))) | X4: C2 | Y4: =IF(COUNT($I$2:$I$200)=0,"",IF(OR(NOT(ISNUMBER(parametros!$F4)),NOT(ISNUMBER($AD4)),$AD4=0),"",ROUND(SUMPRODUCT($I$2:$I$200,$C$2:$C$200)*parametros!$F4/$AD4,2))) | AB4: =IF($AG4<>"AJUSTE APLICADO","",IF($Z4="Valor pago",ROUND($AA4,2),ROUND($Y4-$AA4,2))) | AC4: =IF($AG4<>"AJUSTE APLICADO","",ROUND($Y4-$AB4,2)) | AD4: =IF(ISNUMBER(parametros!$D13),parametros!$D13,"") | AE4: =IF($AG4<>"AJUSTE APLICADO","",ROUND($AB4*$AD4,2)) | AF4: =IF($AG4<>"AJUSTE APLICADO","",ROUND($AE4-$AB4,2)) | AG4: =IF(AND($Z4="",$AA4=""),"",IF($Z4="","REVISAR: VALOR INFORMADO SEM TIPO DE AJUSTE",IF(AND($Z4<>"Valor pago",$Z4<>"Glosa"),"REVISAR: TIPO DE AJUSTE INVALIDO",IF($AA4="","REVISAR: TIPO DE AJUSTE SEM VALOR",IF(NOT(ISNUMBER($AA4)),"REVISAR: VALOR INFORMADO NAO NUMERICO",IF($AA4<0,IF($Z4="Glosa","REVISAR: GLOSA NEGATIVA","REVISAR: VALOR PAGO NEGATIVO"),IF(NOT(ISNUMBER($AD4)),"REVISAR: CICLO FORA DA APURACAO OU SEM FATOR NOVO",IF(NOT(ISNUMBER($Y4)),"REVISAR: SEM EXECUCAO CALCULADA NO CICLO",IF(ROUND($AA4,2)>ROUND($Y4,2),IF($Z4="Glosa","REVISAR: GLOSA MAIOR QUE O CALCULADO","REVISAR: VALOR PAGO MAIOR QUE O CALCULADO"),"AJUSTE APLICADO")))))))))
D5: =IF(OR(A5="",B5="",C5=""),"",ROUND(B5*C5,2)) | F5: =IF(OR(A5="",E5="",C5="",NOT(ISNUMBER($U$2))),"",ROUND(E5*C5*$U$2,2)) | H5: =IF(OR(A5="",G5="",C5="",NOT(ISNUMBER($U$3))),"",ROUND(G5*C5*$U$3,2)) | J5: =IF(OR(A5="",I5="",C5="",NOT(ISNUMBER($U$4))),"",ROUND(I5*C5*$U$4,2)) | L5: =IF(OR(A5="",K5="",C5="",NOT(ISNUMBER($U$5))),"",ROUND(K5*C5*$U$5,2)) | N5: =IF(OR(A5="",M5="",C5="",NOT(ISNUMBER($U$6))),"",ROUND(M5*C5*$U$6,2)) | O5: =IF(A5="","",SUM(E5,G5,I5,K5,M5)) | P5: =IF(A5="","",SUM(F5,H5,J5,L5,N5)) | Q5: =IF(A5="","",IF(O5>B5,"DIVERGENCIA: CONSUMO MAIOR QUE CONTRATADO","OK")) | R5: C3 | S5: =parametros!$A$5 -> Nao | T5: =IF(ISNUMBER(parametros!$E$5),parametros!$E$5,"") -> 0.0289 | U5: =IF(ISNUMBER(parametros!$F$5),parametros!$F$5,"") -> 1.1220308 | V5: =IF(A5="","",IF(OR(NOT(ISNUMBER(B5)),NOT(ISNUMBER(O5)),NOT(ISNUMBER(C5)),Q5<>"OK"),"",ROUND(MAX(B5-O5,0)*C5,2))) | X5: C3 | Y5: =IF(COUNT($K$2:$K$200)=0,"",IF(OR(NOT(ISNUMBER(parametros!$F5)),NOT(ISNUMBER($AD5)),$AD5=0),"",ROUND(SUMPRODUCT($K$2:$K$200,$C$2:$C$200)*parametros!$F5/$AD5,2))) | AB5: =IF($AG5<>"AJUSTE APLICADO","",IF($Z5="Valor pago",ROUND($AA5,2),ROUND($Y5-$AA5,2))) | AC5: =IF($AG5<>"AJUSTE APLICADO","",ROUND($Y5-$AB5,2)) | AD5: =IF(ISNUMBER(parametros!$D14),parametros!$D14,"") | AE5: =IF($AG5<>"AJUSTE APLICADO","",ROUND($AB5*$AD5,2)) | AF5: =IF($AG5<>"AJUSTE APLICADO","",ROUND($AE5-$AB5,2)) | AG5: =IF(AND($Z5="",$AA5=""),"",IF($Z5="","REVISAR: VALOR INFORMADO SEM TIPO DE AJUSTE",IF(AND($Z5<>"Valor pago",$Z5<>"Glosa"),"REVISAR: TIPO DE AJUSTE INVALIDO",IF($AA5="","REVISAR: TIPO DE AJUSTE SEM VALOR",IF(NOT(ISNUMBER($AA5)),"REVISAR: VALOR INFORMADO NAO NUMERICO",IF($AA5<0,IF($Z5="Glosa","REVISAR: GLOSA NEGATIVA","REVISAR: VALOR PAGO NEGATIVO"),IF(NOT(ISNUMBER($AD5)),"REVISAR: CICLO FORA DA APURACAO OU SEM FATOR NOVO",IF(NOT(ISNUMBER($Y5)),"REVISAR: SEM EXECUCAO CALCULADA NO CICLO",IF(ROUND($AA5,2)>ROUND($Y5,2),IF($Z5="Glosa","REVISAR: GLOSA MAIOR QUE O CALCULADO","REVISAR: VALOR PAGO MAIOR QUE O CALCULADO"),"AJUSTE APLICADO")))))))))
D6: =IF(OR(A6="",B6="",C6=""),"",ROUND(B6*C6,2)) | F6: =IF(OR(A6="",E6="",C6="",NOT(ISNUMBER($U$2))),"",ROUND(E6*C6*$U$2,2)) | H6: =IF(OR(A6="",G6="",C6="",NOT(ISNUMBER($U$3))),"",ROUND(G6*C6*$U$3,2)) | J6: =IF(OR(A6="",I6="",C6="",NOT(ISNUMBER($U$4))),"",ROUND(I6*C6*$U$4,2)) | L6: =IF(OR(A6="",K6="",C6="",NOT(ISNUMBER($U$5))),"",ROUND(K6*C6*$U$5,2)) | N6: =IF(OR(A6="",M6="",C6="",NOT(ISNUMBER($U$6))),"",ROUND(M6*C6*$U$6,2)) | O6: =IF(A6="","",SUM(E6,G6,I6,K6,M6)) | P6: =IF(A6="","",SUM(F6,H6,J6,L6,N6)) | Q6: =IF(A6="","",IF(O6>B6,"DIVERGENCIA: CONSUMO MAIOR QUE CONTRATADO","OK")) | R6: C4 | S6: =parametros!$A$6 -> Nao | T6: =IF(ISNUMBER(parametros!$E$6),parametros!$E$6,"") | U6: =IF(ISNUMBER(parametros!$F$6),parametros!$F$6,"") | V6: =IF(A6="","",IF(OR(NOT(ISNUMBER(B6)),NOT(ISNUMBER(O6)),NOT(ISNUMBER(C6)),Q6<>"OK"),"",ROUND(MAX(B6-O6,0)*C6,2))) | X6: C4 | Y6: =IF(COUNT($M$2:$M$200)=0,"",IF(OR(NOT(ISNUMBER(parametros!$F6)),NOT(ISNUMBER($AD6)),$AD6=0),"",ROUND(SUMPRODUCT($M$2:$M$200,$C$2:$C$200)*parametros!$F6/$AD6,2))) | AB6: =IF($AG6<>"AJUSTE APLICADO","",IF($Z6="Valor pago",ROUND($AA6,2),ROUND($Y6-$AA6,2))) | AC6: =IF($AG6<>"AJUSTE APLICADO","",ROUND($Y6-$AB6,2)) | AD6: =IF(ISNUMBER(parametros!$D15),parametros!$D15,"") | AE6: =IF($AG6<>"AJUSTE APLICADO","",ROUND($AB6*$AD6,2)) | AF6: =IF($AG6<>"AJUSTE APLICADO","",ROUND($AE6-$AB6,2)) | AG6: =IF(AND($Z6="",$AA6=""),"",IF($Z6="","REVISAR: VALOR INFORMADO SEM TIPO DE AJUSTE",IF(AND($Z6<>"Valor pago",$Z6<>"Glosa"),"REVISAR: TIPO DE AJUSTE INVALIDO",IF($AA6="","REVISAR: TIPO DE AJUSTE SEM VALOR",IF(NOT(ISNUMBER($AA6)),"REVISAR: VALOR INFORMADO NAO NUMERICO",IF($AA6<0,IF($Z6="Glosa","REVISAR: GLOSA NEGATIVA","REVISAR: VALOR PAGO NEGATIVO"),IF(NOT(ISNUMBER($AD6)),"REVISAR: CICLO FORA DA APURACAO OU SEM FATOR NOVO",IF(NOT(ISNUMBER($Y6)),"REVISAR: SEM EXECUCAO CALCULADA NO CICLO",IF(ROUND($AA6,2)>ROUND($Y6,2),IF($Z6="Glosa","REVISAR: GLOSA MAIOR QUE O CALCULADO","REVISAR: VALOR PAGO MAIOR QUE O CALCULADO"),"AJUSTE APLICADO")))))))))
D7: =IF(OR(A7="",B7="",C7=""),"",ROUND(B7*C7,2)) | F7: =IF(OR(A7="",E7="",C7="",NOT(ISNUMBER($U$2))),"",ROUND(E7*C7*$U$2,2)) | H7: =IF(OR(A7="",G7="",C7="",NOT(ISNUMBER($U$3))),"",ROUND(G7*C7*$U$3,2)) | J7: =IF(OR(A7="",I7="",C7="",NOT(ISNUMBER($U$4))),"",ROUND(I7*C7*$U$4,2)) | L7: =IF(OR(A7="",K7="",C7="",NOT(ISNUMBER($U$5))),"",ROUND(K7*C7*$U$5,2)) | N7: =IF(OR(A7="",M7="",C7="",NOT(ISNUMBER($U$6))),"",ROUND(M7*C7*$U$6,2)) | O7: =IF(A7="","",SUM(E7,G7,I7,K7,M7)) | P7: =IF(A7="","",SUM(F7,H7,J7,L7,N7)) | Q7: =IF(A7="","",IF(O7>B7,"DIVERGENCIA: CONSUMO MAIOR QUE CONTRATADO","OK")) | V7: =IF(A7="","",IF(OR(NOT(ISNUMBER(B7)),NOT(ISNUMBER(O7)),NOT(ISNUMBER(C7)),Q7<>"OK"),"",ROUND(MAX(B7-O7,0)*C7,2)))
D8: =IF(OR(A8="",B8="",C8=""),"",ROUND(B8*C8,2)) | F8: =IF(OR(A8="",E8="",C8="",NOT(ISNUMBER($U$2))),"",ROUND(E8*C8*$U$2,2)) | H8: =IF(OR(A8="",G8="",C8="",NOT(ISNUMBER($U$3))),"",ROUND(G8*C8*$U$3,2)) | J8: =IF(OR(A8="",I8="",C8="",NOT(ISNUMBER($U$4))),"",ROUND(I8*C8*$U$4,2)) | L8: =IF(OR(A8="",K8="",C8="",NOT(ISNUMBER($U$5))),"",ROUND(K8*C8*$U$5,2)) | N8: =IF(OR(A8="",M8="",C8="",NOT(ISNUMBER($U$6))),"",ROUND(M8*C8*$U$6,2)) | O8: =IF(A8="","",SUM(E8,G8,I8,K8,M8)) | P8: =IF(A8="","",SUM(F8,H8,J8,L8,N8)) | Q8: =IF(A8="","",IF(O8>B8,"DIVERGENCIA: CONSUMO MAIOR QUE CONTRATADO","OK")) | V8: =IF(A8="","",IF(OR(NOT(ISNUMBER(B8)),NOT(ISNUMBER(O8)),NOT(ISNUMBER(C8)),Q8<>"OK"),"",ROUND(MAX(B8-O8,0)*C8,2))) | X8: AJUSTES DA EXECUCAO - VALOR PAGO / GLOSAS (OPCIONAL)
D9: =IF(OR(A9="",B9="",C9=""),"",ROUND(B9*C9,2)) | F9: =IF(OR(A9="",E9="",C9="",NOT(ISNUMBER($U$2))),"",ROUND(E9*C9*$U$2,2)) | H9: =IF(OR(A9="",G9="",C9="",NOT(ISNUMBER($U$3))),"",ROUND(G9*C9*$U$3,2)) | J9: =IF(OR(A9="",I9="",C9="",NOT(ISNUMBER($U$4))),"",ROUND(I9*C9*$U$4,2)) | L9: =IF(OR(A9="",K9="",C9="",NOT(ISNUMBER($U$5))),"",ROUND(K9*C9*$U$5,2)) | N9: =IF(OR(A9="",M9="",C9="",NOT(ISNUMBER($U$6))),"",ROUND(M9*C9*$U$6,2)) | O9: =IF(A9="","",SUM(E9,G9,I9,K9,M9)) | P9: =IF(A9="","",SUM(F9,H9,J9,L9,N9)) | Q9: =IF(A9="","",IF(O9>B9,"DIVERGENCIA: CONSUMO MAIOR QUE CONTRATADO","OK")) | V9: =IF(A9="","",IF(OR(NOT(ISNUMBER(B9)),NOT(ISNUMBER(O9)),NOT(ISNUMBER(C9)),Q9<>"OK"),"",ROUND(MAX(B9-O9,0)*C9,2))) | X9: Preencha somente quando o valor pago considerado na execucao do ciclo diferir do valor calculado pelos itens consumidos.
D10: =IF(OR(A10="",B10="",C10=""),"",ROUND(B10*C10,2)) | F10: =IF(OR(A10="",E10="",C10="",NOT(ISNUMBER($U$2))),"",ROUND(E10*C10*$U$2,2)) | H10: =IF(OR(A10="",G10="",C10="",NOT(ISNUMBER($U$3))),"",ROUND(G10*C10*$U$3,2)) | J10: =IF(OR(A10="",I10="",C10="",NOT(ISNUMBER($U$4))),"",ROUND(I10*C10*$U$4,2)) | L10: =IF(OR(A10="",K10="",C10="",NOT(ISNUMBER($U$5))),"",ROUND(K10*C10*$U$5,2)) | N10: =IF(OR(A10="",M10="",C10="",NOT(ISNUMBER($U$6))),"",ROUND(M10*C10*$U$6,2)) | O10: =IF(A10="","",SUM(E10,G10,I10,K10,M10)) | P10: =IF(A10="","",SUM(F10,H10,J10,L10,N10)) | Q10: =IF(A10="","",IF(O10>B10,"DIVERGENCIA: CONSUMO MAIOR QUE CONTRATADO","OK")) | V10: =IF(A10="","",IF(OR(NOT(ISNUMBER(B10)),NOT(ISNUMBER(O10)),NOT(ISNUMBER(C10)),Q10<>"OK"),"",ROUND(MAX(B10-O10,0)*C10,2))) | X10: AJUSTE_TIPO vazio = comportamento normal. Escolha 'Valor pago' para informar o valor bruto reconhecido apos a glosa, ou 'Glosa' para informar o total glosado no ciclo.
D11: =IF(OR(A11="",B11="",C11=""),"",ROUND(B11*C11,2)) | F11: =IF(OR(A11="",E11="",C11="",NOT(ISNUMBER($U$2))),"",ROUND(E11*C11*$U$2,2)) | H11: =IF(OR(A11="",G11="",C11="",NOT(ISNUMBER($U$3))),"",ROUND(G11*C11*$U$3,2)) | J11: =IF(OR(A11="",I11="",C11="",NOT(ISNUMBER($U$4))),"",ROUND(I11*C11*$U$4,2)) | L11: =IF(OR(A11="",K11="",C11="",NOT(ISNUMBER($U$5))),"",ROUND(K11*C11*$U$5,2)) | N11: =IF(OR(A11="",M11="",C11="",NOT(ISNUMBER($U$6))),"",ROUND(M11*C11*$U$6,2)) | O11: =IF(A11="","",SUM(E11,G11,I11,K11,M11)) | P11: =IF(A11="","",SUM(F11,H11,J11,L11,N11)) | Q11: =IF(A11="","",IF(O11>B11,"DIVERGENCIA: CONSUMO MAIOR QUE CONTRATADO","OK")) | V11: =IF(A11="","",IF(OR(NOT(ISNUMBER(B11)),NOT(ISNUMBER(O11)),NOT(ISNUMBER(C11)),Q11<>"OK"),"",ROUND(MAX(B11-O11,0)*C11,2))) | X11: Valor pago = valor bruto da execucao economicamente reconhecida, ANTES do reajuste que esta sendo apurado neste ciclo mas JA com os reajustes anteriores ja formalizados. Nao e valor liquido: IR, ISS, INSS e demais retencoes tributarias nao sao glosa.
D12: =IF(OR(A12="",B12="",C12=""),"",ROUND(B12*C12,2)) | F12: =IF(OR(A12="",E12="",C12="",NOT(ISNUMBER($U$2))),"",ROUND(E12*C12*$U$2,2)) | H12: =IF(OR(A12="",G12="",C12="",NOT(ISNUMBER($U$3))),"",ROUND(G12*C12*$U$3,2)) | J12: =IF(OR(A12="",I12="",C12="",NOT(ISNUMBER($U$4))),"",ROUND(I12*C12*$U$4,2)) | L12: =IF(OR(A12="",K12="",C12="",NOT(ISNUMBER($U$5))),"",ROUND(K12*C12*$U$5,2)) | N12: =IF(OR(A12="",M12="",C12="",NOT(ISNUMBER($U$6))),"",ROUND(M12*C12*$U$6,2)) | O12: =IF(A12="","",SUM(E12,G12,I12,K12,M12)) | P12: =IF(A12="","",SUM(F12,H12,J12,L12,N12)) | Q12: =IF(A12="","",IF(O12>B12,"DIVERGENCIA: CONSUMO MAIOR QUE CONTRATADO","OK")) | V12: =IF(A12="","",IF(OR(NOT(ISNUMBER(B12)),NOT(ISNUMBER(O12)),NOT(ISNUMBER(C12)),Q12<>"OK"),"",ROUND(MAX(B12-O12,0)*C12,2))) | X12: Compare sempre com AJUSTE_VALOR_CALCULADO: ele ja esta na mesma base monetaria do que se pagava no ciclo (QTD x VU_ORIGINAL x fator vigente anterior). AJUSTE_FATOR_NOVO e so o reajuste novo do ciclo - o acumulado nunca e reaplicado sobre um valor que ja o contem.
D13: =IF(OR(A13="",B13="",C13=""),"",ROUND(B13*C13,2)) | F13: =IF(OR(A13="",E13="",C13="",NOT(ISNUMBER($U$2))),"",ROUND(E13*C13*$U$2,2)) | H13: =IF(OR(A13="",G13="",C13="",NOT(ISNUMBER($U$3))),"",ROUND(G13*C13*$U$3,2)) | J13: =IF(OR(A13="",I13="",C13="",NOT(ISNUMBER($U$4))),"",ROUND(I13*C13*$U$4,2)) | L13: =IF(OR(A13="",K13="",C13="",NOT(ISNUMBER($U$5))),"",ROUND(K13*C13*$U$5,2)) | N13: =IF(OR(A13="",M13="",C13="",NOT(ISNUMBER($U$6))),"",ROUND(M13*C13*$U$6,2)) | O13: =IF(A13="","",SUM(E13,G13,I13,K13,M13)) | P13: =IF(A13="","",SUM(F13,H13,J13,L13,N13)) | Q13: =IF(A13="","",IF(O13>B13,"DIVERGENCIA: CONSUMO MAIOR QUE CONTRATADO","OK")) | V13: =IF(A13="","",IF(OR(NOT(ISNUMBER(B13)),NOT(ISNUMBER(O13)),NOT(ISNUMBER(C13)),Q13<>"OK"),"",ROUND(MAX(B13-O13,0)*C13,2))) | X13: A glosa e financeira: nao altera quantidade consumida nem devolve saldo ao remanescente. Uma glosa que alcance dois ciclos deve ser segregada entre eles.
D14: =IF(OR(A14="",B14="",C14=""),"",ROUND(B14*C14,2)) | F14: =IF(OR(A14="",E14="",C14="",NOT(ISNUMBER($U$2))),"",ROUND(E14*C14*$U$2,2)) | H14: =IF(OR(A14="",G14="",C14="",NOT(ISNUMBER($U$3))),"",ROUND(G14*C14*$U$3,2)) | J14: =IF(OR(A14="",I14="",C14="",NOT(ISNUMBER($U$4))),"",ROUND(I14*C14*$U$4,2)) | L14: =IF(OR(A14="",K14="",C14="",NOT(ISNUMBER($U$5))),"",ROUND(K14*C14*$U$5,2)) | N14: =IF(OR(A14="",M14="",C14="",NOT(ISNUMBER($U$6))),"",ROUND(M14*C14*$U$6,2)) | O14: =IF(A14="","",SUM(E14,G14,I14,K14,M14)) | P14: =IF(A14="","",SUM(F14,H14,J14,L14,N14)) | Q14: =IF(A14="","",IF(O14>B14,"DIVERGENCIA: CONSUMO MAIOR QUE CONTRATADO","OK")) | V14: =IF(A14="","",IF(OR(NOT(ISNUMBER(B14)),NOT(ISNUMBER(O14)),NOT(ISNUMBER(C14)),Q14<>"OK"),"",ROUND(MAX(B14-O14,0)*C14,2)))
D15: =IF(OR(A15="",B15="",C15=""),"",ROUND(B15*C15,2)) | F15: =IF(OR(A15="",E15="",C15="",NOT(ISNUMBER($U$2))),"",ROUND(E15*C15*$U$2,2)) | H15: =IF(OR(A15="",G15="",C15="",NOT(ISNUMBER($U$3))),"",ROUND(G15*C15*$U$3,2)) | J15: =IF(OR(A15="",I15="",C15="",NOT(ISNUMBER($U$4))),"",ROUND(I15*C15*$U$4,2)) | L15: =IF(OR(A15="",K15="",C15="",NOT(ISNUMBER($U$5))),"",ROUND(K15*C15*$U$5,2)) | N15: =IF(OR(A15="",M15="",C15="",NOT(ISNUMBER($U$6))),"",ROUND(M15*C15*$U$6,2)) | O15: =IF(A15="","",SUM(E15,G15,I15,K15,M15)) | P15: =IF(A15="","",SUM(F15,H15,J15,L15,N15)) | Q15: =IF(A15="","",IF(O15>B15,"DIVERGENCIA: CONSUMO MAIOR QUE CONTRATADO","OK")) | V15: =IF(A15="","",IF(OR(NOT(ISNUMBER(B15)),NOT(ISNUMBER(O15)),NOT(ISNUMBER(C15)),Q15<>"OK"),"",ROUND(MAX(B15-O15,0)*C15,2)))
D16: =IF(OR(A16="",B16="",C16=""),"",ROUND(B16*C16,2)) | F16: =IF(OR(A16="",E16="",C16="",NOT(ISNUMBER($U$2))),"",ROUND(E16*C16*$U$2,2)) | H16: =IF(OR(A16="",G16="",C16="",NOT(ISNUMBER($U$3))),"",ROUND(G16*C16*$U$3,2)) | J16: =IF(OR(A16="",I16="",C16="",NOT(ISNUMBER($U$4))),"",ROUND(I16*C16*$U$4,2)) | L16: =IF(OR(A16="",K16="",C16="",NOT(ISNUMBER($U$5))),"",ROUND(K16*C16*$U$5,2)) | N16: =IF(OR(A16="",M16="",C16="",NOT(ISNUMBER($U$6))),"",ROUND(M16*C16*$U$6,2)) | O16: =IF(A16="","",SUM(E16,G16,I16,K16,M16)) | P16: =IF(A16="","",SUM(F16,H16,J16,L16,N16)) | Q16: =IF(A16="","",IF(O16>B16,"DIVERGENCIA: CONSUMO MAIOR QUE CONTRATADO","OK")) | V16: =IF(A16="","",IF(OR(NOT(ISNUMBER(B16)),NOT(ISNUMBER(O16)),NOT(ISNUMBER(C16)),Q16<>"OK"),"",ROUND(MAX(B16-O16,0)*C16,2)))
D17: =IF(OR(A17="",B17="",C17=""),"",ROUND(B17*C17,2)) | F17: =IF(OR(A17="",E17="",C17="",NOT(ISNUMBER($U$2))),"",ROUND(E17*C17*$U$2,2)) | H17: =IF(OR(A17="",G17="",C17="",NOT(ISNUMBER($U$3))),"",ROUND(G17*C17*$U$3,2)) | J17: =IF(OR(A17="",I17="",C17="",NOT(ISNUMBER($U$4))),"",ROUND(I17*C17*$U$4,2)) | L17: =IF(OR(A17="",K17="",C17="",NOT(ISNUMBER($U$5))),"",ROUND(K17*C17*$U$5,2)) | N17: =IF(OR(A17="",M17="",C17="",NOT(ISNUMBER($U$6))),"",ROUND(M17*C17*$U$6,2)) | O17: =IF(A17="","",SUM(E17,G17,I17,K17,M17)) | P17: =IF(A17="","",SUM(F17,H17,J17,L17,N17)) | Q17: =IF(A17="","",IF(O17>B17,"DIVERGENCIA: CONSUMO MAIOR QUE CONTRATADO","OK")) | V17: =IF(A17="","",IF(OR(NOT(ISNUMBER(B17)),NOT(ISNUMBER(O17)),NOT(ISNUMBER(C17)),Q17<>"OK"),"",ROUND(MAX(B17-O17,0)*C17,2)))
D18: =IF(OR(A18="",B18="",C18=""),"",ROUND(B18*C18,2)) | F18: =IF(OR(A18="",E18="",C18="",NOT(ISNUMBER($U$2))),"",ROUND(E18*C18*$U$2,2)) | H18: =IF(OR(A18="",G18="",C18="",NOT(ISNUMBER($U$3))),"",ROUND(G18*C18*$U$3,2)) | J18: =IF(OR(A18="",I18="",C18="",NOT(ISNUMBER($U$4))),"",ROUND(I18*C18*$U$4,2)) | L18: =IF(OR(A18="",K18="",C18="",NOT(ISNUMBER($U$5))),"",ROUND(K18*C18*$U$5,2)) | N18: =IF(OR(A18="",M18="",C18="",NOT(ISNUMBER($U$6))),"",ROUND(M18*C18*$U$6,2)) | O18: =IF(A18="","",SUM(E18,G18,I18,K18,M18)) | P18: =IF(A18="","",SUM(F18,H18,J18,L18,N18)) | Q18: =IF(A18="","",IF(O18>B18,"DIVERGENCIA: CONSUMO MAIOR QUE CONTRATADO","OK")) | V18: =IF(A18="","",IF(OR(NOT(ISNUMBER(B18)),NOT(ISNUMBER(O18)),NOT(ISNUMBER(C18)),Q18<>"OK"),"",ROUND(MAX(B18-O18,0)*C18,2)))
D19: =IF(OR(A19="",B19="",C19=""),"",ROUND(B19*C19,2)) | F19: =IF(OR(A19="",E19="",C19="",NOT(ISNUMBER($U$2))),"",ROUND(E19*C19*$U$2,2)) | H19: =IF(OR(A19="",G19="",C19="",NOT(ISNUMBER($U$3))),"",ROUND(G19*C19*$U$3,2)) | J19: =IF(OR(A19="",I19="",C19="",NOT(ISNUMBER($U$4))),"",ROUND(I19*C19*$U$4,2)) | L19: =IF(OR(A19="",K19="",C19="",NOT(ISNUMBER($U$5))),"",ROUND(K19*C19*$U$5,2)) | N19: =IF(OR(A19="",M19="",C19="",NOT(ISNUMBER($U$6))),"",ROUND(M19*C19*$U$6,2)) | O19: =IF(A19="","",SUM(E19,G19,I19,K19,M19)) | P19: =IF(A19="","",SUM(F19,H19,J19,L19,N19)) | Q19: =IF(A19="","",IF(O19>B19,"DIVERGENCIA: CONSUMO MAIOR QUE CONTRATADO","OK")) | V19: =IF(A19="","",IF(OR(NOT(ISNUMBER(B19)),NOT(ISNUMBER(O19)),NOT(ISNUMBER(C19)),Q19<>"OK"),"",ROUND(MAX(B19-O19,0)*C19,2)))
D20: =IF(OR(A20="",B20="",C20=""),"",ROUND(B20*C20,2)) | F20: =IF(OR(A20="",E20="",C20="",NOT(ISNUMBER($U$2))),"",ROUND(E20*C20*$U$2,2)) | H20: =IF(OR(A20="",G20="",C20="",NOT(ISNUMBER($U$3))),"",ROUND(G20*C20*$U$3,2)) | J20: =IF(OR(A20="",I20="",C20="",NOT(ISNUMBER($U$4))),"",ROUND(I20*C20*$U$4,2)) | L20: =IF(OR(A20="",K20="",C20="",NOT(ISNUMBER($U$5))),"",ROUND(K20*C20*$U$5,2)) | N20: =IF(OR(A20="",M20="",C20="",NOT(ISNUMBER($U$6))),"",ROUND(M20*C20*$U$6,2)) | O20: =IF(A20="","",SUM(E20,G20,I20,K20,M20)) | P20: =IF(A20="","",SUM(F20,H20,J20,L20,N20)) | Q20: =IF(A20="","",IF(O20>B20,"DIVERGENCIA: CONSUMO MAIOR QUE CONTRATADO","OK")) | V20: =IF(A20="","",IF(OR(NOT(ISNUMBER(B20)),NOT(ISNUMBER(O20)),NOT(ISNUMBER(C20)),Q20<>"OK"),"",ROUND(MAX(B20-O20,0)*C20,2)))
D21: =IF(OR(A21="",B21="",C21=""),"",ROUND(B21*C21,2)) | F21: =IF(OR(A21="",E21="",C21="",NOT(ISNUMBER($U$2))),"",ROUND(E21*C21*$U$2,2)) | H21: =IF(OR(A21="",G21="",C21="",NOT(ISNUMBER($U$3))),"",ROUND(G21*C21*$U$3,2)) | J21: =IF(OR(A21="",I21="",C21="",NOT(ISNUMBER($U$4))),"",ROUND(I21*C21*$U$4,2)) | L21: =IF(OR(A21="",K21="",C21="",NOT(ISNUMBER($U$5))),"",ROUND(K21*C21*$U$5,2)) | N21: =IF(OR(A21="",M21="",C21="",NOT(ISNUMBER($U$6))),"",ROUND(M21*C21*$U$6,2)) | O21: =IF(A21="","",SUM(E21,G21,I21,K21,M21)) | P21: =IF(A21="","",SUM(F21,H21,J21,L21,N21)) | Q21: =IF(A21="","",IF(O21>B21,"DIVERGENCIA: CONSUMO MAIOR QUE CONTRATADO","OK")) | V21: =IF(A21="","",IF(OR(NOT(ISNUMBER(B21)),NOT(ISNUMBER(O21)),NOT(ISNUMBER(C21)),Q21<>"OK"),"",ROUND(MAX(B21-O21,0)*C21,2)))
D22: =IF(OR(A22="",B22="",C22=""),"",ROUND(B22*C22,2)) | F22: =IF(OR(A22="",E22="",C22="",NOT(ISNUMBER($U$2))),"",ROUND(E22*C22*$U$2,2)) | H22: =IF(OR(A22="",G22="",C22="",NOT(ISNUMBER($U$3))),"",ROUND(G22*C22*$U$3,2)) | J22: =IF(OR(A22="",I22="",C22="",NOT(ISNUMBER($U$4))),"",ROUND(I22*C22*$U$4,2)) | L22: =IF(OR(A22="",K22="",C22="",NOT(ISNUMBER($U$5))),"",ROUND(K22*C22*$U$5,2)) | N22: =IF(OR(A22="",M22="",C22="",NOT(ISNUMBER($U$6))),"",ROUND(M22*C22*$U$6,2)) | O22: =IF(A22="","",SUM(E22,G22,I22,K22,M22)) | P22: =IF(A22="","",SUM(F22,H22,J22,L22,N22)) | Q22: =IF(A22="","",IF(O22>B22,"DIVERGENCIA: CONSUMO MAIOR QUE CONTRATADO","OK")) | V22: =IF(A22="","",IF(OR(NOT(ISNUMBER(B22)),NOT(ISNUMBER(O22)),NOT(ISNUMBER(C22)),Q22<>"OK"),"",ROUND(MAX(B22-O22,0)*C22,2)))
D23: =IF(OR(A23="",B23="",C23=""),"",ROUND(B23*C23,2)) | F23: =IF(OR(A23="",E23="",C23="",NOT(ISNUMBER($U$2))),"",ROUND(E23*C23*$U$2,2)) | H23: =IF(OR(A23="",G23="",C23="",NOT(ISNUMBER($U$3))),"",ROUND(G23*C23*$U$3,2)) | J23: =IF(OR(A23="",I23="",C23="",NOT(ISNUMBER($U$4))),"",ROUND(I23*C23*$U$4,2)) | L23: =IF(OR(A23="",K23="",C23="",NOT(ISNUMBER($U$5))),"",ROUND(K23*C23*$U$5,2)) | N23: =IF(OR(A23="",M23="",C23="",NOT(ISNUMBER($U$6))),"",ROUND(M23*C23*$U$6,2)) | O23: =IF(A23="","",SUM(E23,G23,I23,K23,M23)) | P23: =IF(A23="","",SUM(F23,H23,J23,L23,N23)) | Q23: =IF(A23="","",IF(O23>B23,"DIVERGENCIA: CONSUMO MAIOR QUE CONTRATADO","OK")) | V23: =IF(A23="","",IF(OR(NOT(ISNUMBER(B23)),NOT(ISNUMBER(O23)),NOT(ISNUMBER(C23)),Q23<>"OK"),"",ROUND(MAX(B23-O23,0)*C23,2)))
D24: =IF(OR(A24="",B24="",C24=""),"",ROUND(B24*C24,2)) | F24: =IF(OR(A24="",E24="",C24="",NOT(ISNUMBER($U$2))),"",ROUND(E24*C24*$U$2,2)) | H24: =IF(OR(A24="",G24="",C24="",NOT(ISNUMBER($U$3))),"",ROUND(G24*C24*$U$3,2)) | J24: =IF(OR(A24="",I24="",C24="",NOT(ISNUMBER($U$4))),"",ROUND(I24*C24*$U$4,2)) | L24: =IF(OR(A24="",K24="",C24="",NOT(ISNUMBER($U$5))),"",ROUND(K24*C24*$U$5,2)) | N24: =IF(OR(A24="",M24="",C24="",NOT(ISNUMBER($U$6))),"",ROUND(M24*C24*$U$6,2)) | O24: =IF(A24="","",SUM(E24,G24,I24,K24,M24)) | P24: =IF(A24="","",SUM(F24,H24,J24,L24,N24)) | Q24: =IF(A24="","",IF(O24>B24,"DIVERGENCIA: CONSUMO MAIOR QUE CONTRATADO","OK")) | V24: =IF(A24="","",IF(OR(NOT(ISNUMBER(B24)),NOT(ISNUMBER(O24)),NOT(ISNUMBER(C24)),Q24<>"OK"),"",ROUND(MAX(B24-O24,0)*C24,2)))
D25: =IF(OR(A25="",B25="",C25=""),"",ROUND(B25*C25,2)) | F25: =IF(OR(A25="",E25="",C25="",NOT(ISNUMBER($U$2))),"",ROUND(E25*C25*$U$2,2)) | H25: =IF(OR(A25="",G25="",C25="",NOT(ISNUMBER($U$3))),"",ROUND(G25*C25*$U$3,2)) | J25: =IF(OR(A25="",I25="",C25="",NOT(ISNUMBER($U$4))),"",ROUND(I25*C25*$U$4,2)) | L25: =IF(OR(A25="",K25="",C25="",NOT(ISNUMBER($U$5))),"",ROUND(K25*C25*$U$5,2)) | N25: =IF(OR(A25="",M25="",C25="",NOT(ISNUMBER($U$6))),"",ROUND(M25*C25*$U$6,2)) | O25: =IF(A25="","",SUM(E25,G25,I25,K25,M25)) | P25: =IF(A25="","",SUM(F25,H25,J25,L25,N25)) | Q25: =IF(A25="","",IF(O25>B25,"DIVERGENCIA: CONSUMO MAIOR QUE CONTRATADO","OK")) | V25: =IF(A25="","",IF(OR(NOT(ISNUMBER(B25)),NOT(ISNUMBER(O25)),NOT(ISNUMBER(C25)),Q25<>"OK"),"",ROUND(MAX(B25-O25,0)*C25,2)))
... D200: =IF(OR(A200="",B200="",C200=""),"",ROUND(B200*C200,2)) | F200: =IF(OR(A200="",E200="",C200="",NOT(ISNUMBER($U$2))),"",ROUND(E200*C200*$U$2,2)) | H200: =IF(OR(A200="",G200="",C200="",NOT(ISNUMBER($U$3))),"",ROUND(G200*C200*$U$3,2)) | J200: =IF(OR(A200="",I200="",C200="",NOT(ISNUMBER($U$4))),"",ROUND(I200*C200*$U$4,2)) | L200: =IF(OR(A200="",K200="",C200="",NOT(ISNUMBER($U$5))),"",ROUND(K200*C200*$U$5,2)) | N200: =IF(OR(A200="",M200="",C200="",NOT(ISNUMBER($U$6))),"",ROUND(M200*C200*$U$6,2)) | O200: =IF(A200="","",SUM(E200,G200,I200,K200,M200)) | P200: =IF(A200="","",SUM(F200,H200,J200,L200,N200)) | Q200: =IF(A200="","",IF(O200>B200,"DIVERGENCIA: CONSUMO MAIOR QUE CONTRATADO","OK")) | V200: =IF(A200="","",IF(OR(NOT(ISNUMBER(B200)),NOT(ISNUMBER(O200)),NOT(ISNUMBER(C200)),Q200<>"OK"),"",ROUND(MAX(B200-O200,0)*C200,2)))

Sheet itens_PC
A1: NUMERO_PC | B1: DATA_PC | C1: CICLO_PC | D1: VALOR_PC | E1: FATOR_ACUMULADO | F1: VALOR_ATUALIZADO | G1: PC_PAGO_A_CONTRATADA | H1: RETROATIVO RECONHECIDO | I1: VALOR_ATUALIZADO_EM_ANALISE | J1: RETROATIVO POTENCIAL | K1: CHECK_PC_FINANCEIRO | L1: EFEITO_FINANCEIRO_PC | M1: TODOS OS PCs CADASTRADOS POR CICLO | U1: VALOR_CONSIDERADO | V1: COMPUTA_VTA | W1: TIPO_PARCELA | X1: ORIGEM_DADO | Y1: TIPO_FINANCEIRO | Z1: FONTE_PARCELA | AA1: JA_REFLETIDO_EM | AB1: STATUS_CONSOLIDACAO | AC1: JUSTIFICATIVA_VTA
A2: PC-2024-001 | B2: 45337 | C2: =IF(B2="","",IF(NOT(ISNUMBER(B2)),"DATA_PC invalida",IF(NOT(ISNUMBER(parametros!$C$2)),"Fora dos ciclos",IF(OR(B2<parametros!$C$2,(YEAR(B2)-YEAR(parametros!$C$2))*12+MONTH(B2)-MONTH(parametros!$C$2)>59),"Fora dos ciclos","C"&INT(((YEAR(B2)-YEAR(parametros!$C$2))*12+MONTH(B2)-MONTH(parametros!$C$2))/12))))) -> C1 | D2: 180000 | E2: =IF(C2="","",IFERROR(VLOOKUP(C2,parametros!$A$11:$E$15,5,0),"")) -> 1.0512 | F2: =IF(OR(D2="",E2=""),"",ROUND(D2*E2,2)) -> 189216 | G2: Sim | H2: =IF(G2="Sim",IF(OR(F2="",D2="",L2=""),"",IF(L2="Sim",ROUND(F2-D2,2),0)),0) -> 9216 | I2: =IF(G2="Sim",0,IF(OR(F2="",L2=""),"",F2)) -> 0 | J2: =IF(G2="Sim",0,IF(OR(F2="",D2="",L2=""),"",IF(L2="Sim",ROUND(F2-D2,2),0))) -> 0 | K2: =IF(AND(A2="",B2="",D2="",G2=""),"",IF(AND(A2<>"",COUNTIF($A$2:$A$5001,A2)>1),"NUMERO_PC duplicado",IF(B2="","DATA_PC vazia",IF(NOT(ISNUMBER(B2)),"DATA_PC invalida",IF(OR(C2="",C2="Fora dos ciclos"),"CICLO_PC nao identificado",IF(OR(D2="",D2=0),"VALOR_PC vazio ou zero",IF(AND(G2<>"Sim",G2<>"Nao",G2<>""),"PC_PAGO_A_CONTRATADA invalido",IF(AND(C2<>"C0",IFERROR(INDEX(parametros!$A$2:$A$6,MATCH(C2,parametros!$B$2:$B$6,0)),"")="Sim",IFERROR(INDEX(parametros!$H$2:$H$6,MATCH(C2,parametros!$B$2:$B$6,0)),"")=""),"INICIO_EFEITO ausente: PC "&A2&" - "&C2,IF(L2="","EFEITO_PC nao calculado: PC "&A2&" - "&C2,"OK"))))))))) -> OK | L2: =IF(AND(A2="",B2="",D2="",G2=""),"",IF(OR(B2="",NOT(ISNUMBER(B2)),C2="",C2="Fora dos ciclos"),"",IF(C2="C0","Nao",IF(IFERROR(INDEX(parametros!$A$2:$A$6,MATCH(C2,parametros!$B$2:$B$6,0)),"")<>"Sim","Nao",IF(IFERROR(INDEX(parametros!$H$2:$H$6,MATCH(C2,parametros!$B$2:$B$6,0)),"")="","",IF(B2>=IFERROR(INDEX(parametros!$H$2:$H$6,MATCH(C2,parametros!$B$2:$B$6,0)),""),"Sim","Nao")))))) -> Sim | M2: CICLO | N2: QTD. DE PCs | O2: VALOR ORIGINAL TOTAL | P2: VALOR DOS PCs COM FATOR DO CICLO | Q2: RETROATIVO RECONHECIDO | R2: VALOR EM ANÁLISE - NÃO PAGOS (ÁREA GEST.) | S2: RETROATIVO POTENCIAL | T2: QTD. COM ALERTA | U2: =IF(OR($D2="",$H2=""),"",ROUND($D2+$H2,2)) -> 189216 | V2: Nao | W2: PC em analise | X2: Pedido de Compra | Y2: Impacto Potencial | Z2: PC | AA2: Nao | AB2: NAO_COMPUTADO | AC2: Estrutura Fase 1: sem impacto no VTA oficial
A3: PC-2024-002 | B3: 45432 | C3: =IF(B3="","",IF(NOT(ISNUMBER(B3)),"DATA_PC invalida",IF(NOT(ISNUMBER(parametros!$C$2)),"Fora dos ciclos",IF(OR(B3<parametros!$C$2,(YEAR(B3)-YEAR(parametros!$C$2))*12+MONTH(B3)-MONTH(parametros!$C$2)>59),"Fora dos ciclos","C"&INT(((YEAR(B3)-YEAR(parametros!$C$2))*12+MONTH(B3)-MONTH(parametros!$C$2))/12))))) -> C1 | D3: 96500 | E3: =IF(C3="","",IFERROR(VLOOKUP(C3,parametros!$A$11:$E$15,5,0),"")) -> 1.0512 | F3: =IF(OR(D3="",E3=""),"",ROUND(D3*E3,2)) -> 101440.8 | G3: Sim | H3: =IF(G3="Sim",IF(OR(F3="",D3="",L3=""),"",IF(L3="Sim",ROUND(F3-D3,2),0)),0) -> 4940.8 | I3: =IF(G3="Sim",0,IF(OR(F3="",L3=""),"",F3)) -> 0 | J3: =IF(G3="Sim",0,IF(OR(F3="",D3="",L3=""),"",IF(L3="Sim",ROUND(F3-D3,2),0))) -> 0 | K3: =IF(AND(A3="",B3="",D3="",G3=""),"",IF(AND(A3<>"",COUNTIF($A$2:$A$5001,A3)>1),"NUMERO_PC duplicado",IF(B3="","DATA_PC vazia",IF(NOT(ISNUMBER(B3)),"DATA_PC invalida",IF(OR(C3="",C3="Fora dos ciclos"),"CICLO_PC nao identificado",IF(OR(D3="",D3=0),"VALOR_PC vazio ou zero",IF(AND(G3<>"Sim",G3<>"Nao",G3<>""),"PC_PAGO_A_CONTRATADA invalido",IF(AND(C3<>"C0",IFERROR(INDEX(parametros!$A$2:$A$6,MATCH(C3,parametros!$B$2:$B$6,0)),"")="Sim",IFERROR(INDEX(parametros!$H$2:$H$6,MATCH(C3,parametros!$B$2:$B$6,0)),"")=""),"INICIO_EFEITO ausente: PC "&A3&" - "&C3,IF(L3="","EFEITO_PC nao calculado: PC "&A3&" - "&C3,"OK"))))))))) -> OK | L3: =IF(AND(A3="",B3="",D3="",G3=""),"",IF(OR(B3="",NOT(ISNUMBER(B3)),C3="",C3="Fora dos ciclos"),"",IF(C3="C0","Nao",IF(IFERROR(INDEX(parametros!$A$2:$A$6,MATCH(C3,parametros!$B$2:$B$6,0)),"")<>"Sim","Nao",IF(IFERROR(INDEX(parametros!$H$2:$H$6,MATCH(C3,parametros!$B$2:$B$6,0)),"")="","",IF(B3>=IFERROR(INDEX(parametros!$H$2:$H$6,MATCH(C3,parametros!$B$2:$B$6,0)),""),"Sim","Nao")))))) -> Sim | M3: C0 | N3: =COUNTIF($C$2:$C$5001,M3) -> 0 | O3: =SUMIF($C$2:$C$5001,M3,$D$2:$D$5001) -> 0 | P3: =SUMIF($C$2:$C$5001,M3,$F$2:$F$5001) -> 0 | Q3: =SUMIF($C$2:$C$5001,M3,$H$2:$H$5001) -> 0 | R3: =SUMIF($C$2:$C$5001,M3,$I$2:$I$5001) -> 0 | S3: =SUMIF($C$2:$C$5001,M3,$J$2:$J$5001) -> 0 | T3: =COUNTIFS($C$2:$C$5001,M3,$K$2:$K$5001,"<>OK",$K$2:$K$5001,"<>") -> 0 | U3: =IF(OR($D3="",$H3=""),"",ROUND($D3+$H3,2)) -> 101440.8 | V3: Nao | W3: PC em analise | X3: Pedido de Compra | Y3: Impacto Potencial | Z3: PC | AA3: Nao | AB3: NAO_COMPUTADO | AC3: Estrutura Fase 1: sem impacto no VTA oficial
A4: PC-2024-003 | B4: 45565 | C4: =IF(B4="","",IF(NOT(ISNUMBER(B4)),"DATA_PC invalida",IF(NOT(ISNUMBER(parametros!$C$2)),"Fora dos ciclos",IF(OR(B4<parametros!$C$2,(YEAR(B4)-YEAR(parametros!$C$2))*12+MONTH(B4)-MONTH(parametros!$C$2)>59),"Fora dos ciclos","C"&INT(((YEAR(B4)-YEAR(parametros!$C$2))*12+MONTH(B4)-MONTH(parametros!$C$2))/12))))) -> C1 | D4: 145250 | E4: =IF(C4="","",IFERROR(VLOOKUP(C4,parametros!$A$11:$E$15,5,0),"")) -> 1.0512 | F4: =IF(OR(D4="",E4=""),"",ROUND(D4*E4,2)) -> 152686.8 | G4: Nao | H4: =IF(G4="Sim",IF(OR(F4="",D4="",L4=""),"",IF(L4="Sim",ROUND(F4-D4,2),0)),0) -> 0 | I4: =IF(G4="Sim",0,IF(OR(F4="",L4=""),"",F4)) -> 152686.8 | J4: =IF(G4="Sim",0,IF(OR(F4="",D4="",L4=""),"",IF(L4="Sim",ROUND(F4-D4,2),0))) -> 7436.8 | K4: =IF(AND(A4="",B4="",D4="",G4=""),"",IF(AND(A4<>"",COUNTIF($A$2:$A$5001,A4)>1),"NUMERO_PC duplicado",IF(B4="","DATA_PC vazia",IF(NOT(ISNUMBER(B4)),"DATA_PC invalida",IF(OR(C4="",C4="Fora dos ciclos"),"CICLO_PC nao identificado",IF(OR(D4="",D4=0),"VALOR_PC vazio ou zero",IF(AND(G4<>"Sim",G4<>"Nao",G4<>""),"PC_PAGO_A_CONTRATADA invalido",IF(AND(C4<>"C0",IFERROR(INDEX(parametros!$A$2:$A$6,MATCH(C4,parametros!$B$2:$B$6,0)),"")="Sim",IFERROR(INDEX(parametros!$H$2:$H$6,MATCH(C4,parametros!$B$2:$B$6,0)),"")=""),"INICIO_EFEITO ausente: PC "&A4&" - "&C4,IF(L4="","EFEITO_PC nao calculado: PC "&A4&" - "&C4,"OK"))))))))) -> OK | L4: =IF(AND(A4="",B4="",D4="",G4=""),"",IF(OR(B4="",NOT(ISNUMBER(B4)),C4="",C4="Fora dos ciclos"),"",IF(C4="C0","Nao",IF(IFERROR(INDEX(parametros!$A$2:$A$6,MATCH(C4,parametros!$B$2:$B$6,0)),"")<>"Sim","Nao",IF(IFERROR(INDEX(parametros!$H$2:$H$6,MATCH(C4,parametros!$B$2:$B$6,0)),"")="","",IF(B4>=IFERROR(INDEX(parametros!$H$2:$H$6,MATCH(C4,parametros!$B$2:$B$6,0)),""),"Sim","Nao")))))) -> Sim | M4: C1 | N4: =COUNTIF($C$2:$C$5001,M4) -> 3 | O4: =SUMIF($C$2:$C$5001,M4,$D$2:$D$5001) -> 421750 | P4: =SUMIF($C$2:$C$5001,M4,$F$2:$F$5001) -> 443343.6 | Q4: =SUMIF($C$2:$C$5001,M4,$H$2:$H$5001) -> 14156.8 | R4: =SUMIF($C$2:$C$5001,M4,$I$2:$I$5001) -> 152686.8 | S4: =SUMIF($C$2:$C$5001,M4,$J$2:$J$5001) -> 7436.8 | T4: =COUNTIFS($C$2:$C$5001,M4,$K$2:$K$5001,"<>OK",$K$2:$K$5001,"<>") -> 0 | U4: =IF(OR($D4="",$H4=""),"",ROUND($D4+$H4,2)) -> 145250 | V4: Nao | W4: PC em analise | X4: Pedido de Compra | Y4: Impacto Potencial | Z4: PC | AA4: Nao | AB4: NAO_COMPUTADO | AC4: Estrutura Fase 1: sem impacto no VTA oficial
C5: =IF(B5="","",IF(NOT(ISNUMBER(B5)),"DATA_PC invalida",IF(NOT(ISNUMBER(parametros!$C$2)),"Fora dos ciclos",IF(OR(B5<parametros!$C$2,(YEAR(B5)-YEAR(parametros!$C$2))*12+MONTH(B5)-MONTH(parametros!$C$2)>59),"Fora dos ciclos","C"&INT(((YEAR(B5)-YEAR(parametros!$C$2))*12+MONTH(B5)-MONTH(parametros!$C$2))/12))))) | E5: =IF(C5="","",IFERROR(VLOOKUP(C5,parametros!$A$11:$E$15,5,0),"")) | F5: =IF(OR(D5="",E5=""),"",ROUND(D5*E5,2)) | H5: =IF(G5="Sim",IF(OR(F5="",D5="",L5=""),"",IF(L5="Sim",ROUND(F5-D5,2),0)),0) -> 0 | I5: =IF(G5="Sim",0,IF(OR(F5="",L5=""),"",F5)) | J5: =IF(G5="Sim",0,IF(OR(F5="",D5="",L5=""),"",IF(L5="Sim",ROUND(F5-D5,2),0))) | K5: =IF(AND(A5="",B5="",D5="",G5=""),"",IF(AND(A5<>"",COUNTIF($A$2:$A$5001,A5)>1),"NUMERO_PC duplicado",IF(B5="","DATA_PC vazia",IF(NOT(ISNUMBER(B5)),"DATA_PC invalida",IF(OR(C5="",C5="Fora dos ciclos"),"CICLO_PC nao identificado",IF(OR(D5="",D5=0),"VALOR_PC vazio ou zero",IF(AND(G5<>"Sim",G5<>"Nao",G5<>""),"PC_PAGO_A_CONTRATADA invalido",IF(AND(C5<>"C0",IFERROR(INDEX(parametros!$A$2:$A$6,MATCH(C5,parametros!$B$2:$B$6,0)),"")="Sim",IFERROR(INDEX(parametros!$H$2:$H$6,MATCH(C5,parametros!$B$2:$B$6,0)),"")=""),"INICIO_EFEITO ausente: PC "&A5&" - "&C5,IF(L5="","EFEITO_PC nao calculado: PC "&A5&" - "&C5,"OK"))))))))) | L5: =IF(AND(A5="",B5="",D5="",G5=""),"",IF(OR(B5="",NOT(ISNUMBER(B5)),C5="",C5="Fora dos ciclos"),"",IF(C5="C0","Nao",IF(IFERROR(INDEX(parametros!$A$2:$A$6,MATCH(C5,parametros!$B$2:$B$6,0)),"")<>"Sim","Nao",IF(IFERROR(INDEX(parametros!$H$2:$H$6,MATCH(C5,parametros!$B$2:$B$6,0)),"")="","",IF(B5>=IFERROR(INDEX(parametros!$H$2:$H$6,MATCH(C5,parametros!$B$2:$B$6,0)),""),"Sim","Nao")))))) | M5: C2 | N5: =COUNTIF($C$2:$C$5001,M5) -> 0 | O5: =SUMIF($C$2:$C$5001,M5,$D$2:$D$5001) -> 0 | P5: =SUMIF($C$2:$C$5001,M5,$F$2:$F$5001) -> 0 | Q5: =SUMIF($C$2:$C$5001,M5,$H$2:$H$5001) -> 0 | R5: =SUMIF($C$2:$C$5001,M5,$I$2:$I$5001) -> 0 | S5: =SUMIF($C$2:$C$5001,M5,$J$2:$J$5001) -> 0 | T5: =COUNTIFS($C$2:$C$5001,M5,$K$2:$K$5001,"<>OK",$K$2:$K$5001,"<>") -> 0 | U5: =IF(OR($D5="",$H5=""),"",ROUND($D5+$H5,2)) | V5: Nao | W5: PC em analise | X5: Pedido de Compra | Y5: Impacto Potencial | Z5: PC | AA5: Nao | AB5: NAO_COMPUTADO | AC5: Estrutura Fase 1: sem impacto no VTA oficial
C6: =IF(B6="","",IF(NOT(ISNUMBER(B6)),"DATA_PC invalida",IF(NOT(ISNUMBER(parametros!$C$2)),"Fora dos ciclos",IF(OR(B6<parametros!$C$2,(YEAR(B6)-YEAR(parametros!$C$2))*12+MONTH(B6)-MONTH(parametros!$C$2)>59),"Fora dos ciclos","C"&INT(((YEAR(B6)-YEAR(parametros!$C$2))*12+MONTH(B6)-MONTH(parametros!$C$2))/12))))) | E6: =IF(C6="","",IFERROR(VLOOKUP(C6,parametros!$A$11:$E$15,5,0),"")) | F6: =IF(OR(D6="",E6=""),"",ROUND(D6*E6,2)) | H6: =IF(G6="Sim",IF(OR(F6="",D6="",L6=""),"",IF(L6="Sim",ROUND(F6-D6,2),0)),0) -> 0 | I6: =IF(G6="Sim",0,IF(OR(F6="",L6=""),"",F6)) | J6: =IF(G6="Sim",0,IF(OR(F6="",D6="",L6=""),"",IF(L6="Sim",ROUND(F6-D6,2),0))) | K6: =IF(AND(A6="",B6="",D6="",G6=""),"",IF(AND(A6<>"",COUNTIF($A$2:$A$5001,A6)>1),"NUMERO_PC duplicado",IF(B6="","DATA_PC vazia",IF(NOT(ISNUMBER(B6)),"DATA_PC invalida",IF(OR(C6="",C6="Fora dos ciclos"),"CICLO_PC nao identificado",IF(OR(D6="",D6=0),"VALOR_PC vazio ou zero",IF(AND(G6<>"Sim",G6<>"Nao",G6<>""),"PC_PAGO_A_CONTRATADA invalido",IF(AND(C6<>"C0",IFERROR(INDEX(parametros!$A$2:$A$6,MATCH(C6,parametros!$B$2:$B$6,0)),"")="Sim",IFERROR(INDEX(parametros!$H$2:$H$6,MATCH(C6,parametros!$B$2:$B$6,0)),"")=""),"INICIO_EFEITO ausente: PC "&A6&" - "&C6,IF(L6="","EFEITO_PC nao calculado: PC "&A6&" - "&C6,"OK"))))))))) | L6: =IF(AND(A6="",B6="",D6="",G6=""),"",IF(OR(B6="",NOT(ISNUMBER(B6)),C6="",C6="Fora dos ciclos"),"",IF(C6="C0","Nao",IF(IFERROR(INDEX(parametros!$A$2:$A$6,MATCH(C6,parametros!$B$2:$B$6,0)),"")<>"Sim","Nao",IF(IFERROR(INDEX(parametros!$H$2:$H$6,MATCH(C6,parametros!$B$2:$B$6,0)),"")="","",IF(B6>=IFERROR(INDEX(parametros!$H$2:$H$6,MATCH(C6,parametros!$B$2:$B$6,0)),""),"Sim","Nao")))))) | M6: C3 | N6: =COUNTIF($C$2:$C$5001,M6) -> 0 | O6: =SUMIF($C$2:$C$5001,M6,$D$2:$D$5001) -> 0 | P6: =SUMIF($C$2:$C$5001,M6,$F$2:$F$5001) -> 0 | Q6: =SUMIF($C$2:$C$5001,M6,$H$2:$H$5001) -> 0 | R6: =SUMIF($C$2:$C$5001,M6,$I$2:$I$5001) -> 0 | S6: =SUMIF($C$2:$C$5001,M6,$J$2:$J$5001) -> 0 | T6: =COUNTIFS($C$2:$C$5001,M6,$K$2:$K$5001,"<>OK",$K$2:$K$5001,"<>") -> 0 | U6: =IF(OR($D6="",$H6=""),"",ROUND($D6+$H6,2)) | V6: Nao | W6: PC em analise | X6: Pedido de Compra | Y6: Impacto Potencial | Z6: PC | AA6: Nao | AB6: NAO_COMPUTADO | AC6: Estrutura Fase 1: sem impacto no VTA oficial
C7: =IF(B7="","",IF(NOT(ISNUMBER(B7)),"DATA_PC invalida",IF(NOT(ISNUMBER(parametros!$C$2)),"Fora dos ciclos",IF(OR(B7<parametros!$C$2,(YEAR(B7)-YEAR(parametros!$C$2))*12+MONTH(B7)-MONTH(parametros!$C$2)>59),"Fora dos ciclos","C"&INT(((YEAR(B7)-YEAR(parametros!$C$2))*12+MONTH(B7)-MONTH(parametros!$C$2))/12))))) | E7: =IF(C7="","",IFERROR(VLOOKUP(C7,parametros!$A$11:$E$15,5,0),"")) | F7: =IF(OR(D7="",E7=""),"",ROUND(D7*E7,2)) | H7: =IF(G7="Sim",IF(OR(F7="",D7="",L7=""),"",IF(L7="Sim",ROUND(F7-D7,2),0)),0) -> 0 | I7: =IF(G7="Sim",0,IF(OR(F7="",L7=""),"",F7)) | J7: =IF(G7="Sim",0,IF(OR(F7="",D7="",L7=""),"",IF(L7="Sim",ROUND(F7-D7,2),0))) | K7: =IF(AND(A7="",B7="",D7="",G7=""),"",IF(AND(A7<>"",COUNTIF($A$2:$A$5001,A7)>1),"NUMERO_PC duplicado",IF(B7="","DATA_PC vazia",IF(NOT(ISNUMBER(B7)),"DATA_PC invalida",IF(OR(C7="",C7="Fora dos ciclos"),"CICLO_PC nao identificado",IF(OR(D7="",D7=0),"VALOR_PC vazio ou zero",IF(AND(G7<>"Sim",G7<>"Nao",G7<>""),"PC_PAGO_A_CONTRATADA invalido",IF(AND(C7<>"C0",IFERROR(INDEX(parametros!$A$2:$A$6,MATCH(C7,parametros!$B$2:$B$6,0)),"")="Sim",IFERROR(INDEX(parametros!$H$2:$H$6,MATCH(C7,parametros!$B$2:$B$6,0)),"")=""),"INICIO_EFEITO ausente: PC "&A7&" - "&C7,IF(L7="","EFEITO_PC nao calculado: PC "&A7&" - "&C7,"OK"))))))))) | L7: =IF(AND(A7="",B7="",D7="",G7=""),"",IF(OR(B7="",NOT(ISNUMBER(B7)),C7="",C7="Fora dos ciclos"),"",IF(C7="C0","Nao",IF(IFERROR(INDEX(parametros!$A$2:$A$6,MATCH(C7,parametros!$B$2:$B$6,0)),"")<>"Sim","Nao",IF(IFERROR(INDEX(parametros!$H$2:$H$6,MATCH(C7,parametros!$B$2:$B$6,0)),"")="","",IF(B7>=IFERROR(INDEX(parametros!$H$2:$H$6,MATCH(C7,parametros!$B$2:$B$6,0)),""),"Sim","Nao")))))) | M7: C4 | N7: =COUNTIF($C$2:$C$5001,M7) -> 0 | O7: =SUMIF($C$2:$C$5001,M7,$D$2:$D$5001) -> 0 | P7: =SUMIF($C$2:$C$5001,M7,$F$2:$F$5001) -> 0 | Q7: =SUMIF($C$2:$C$5001,M7,$H$2:$H$5001) -> 0 | R7: =SUMIF($C$2:$C$5001,M7,$I$2:$I$5001) -> 0 | S7: =SUMIF($C$2:$C$5001,M7,$J$2:$J$5001) -> 0 | T7: =COUNTIFS($C$2:$C$5001,M7,$K$2:$K$5001,"<>OK",$K$2:$K$5001,"<>") -> 0 | U7: =IF(OR($D7="",$H7=""),"",ROUND($D7+$H7,2)) | V7: Nao | W7: PC em analise | X7: Pedido de Compra | Y7: Impacto Potencial | Z7: PC | AA7: Nao | AB7: NAO_COMPUTADO | AC7: Estrutura Fase 1: sem impacto no VTA oficial
C8: =IF(B8="","",IF(NOT(ISNUMBER(B8)),"DATA_PC invalida",IF(NOT(ISNUMBER(parametros!$C$2)),"Fora dos ciclos",IF(OR(B8<parametros!$C$2,(YEAR(B8)-YEAR(parametros!$C$2))*12+MONTH(B8)-MONTH(parametros!$C$2)>59),"Fora dos ciclos","C"&INT(((YEAR(B8)-YEAR(parametros!$C$2))*12+MONTH(B8)-MONTH(parametros!$C$2))/12))))) | E8: =IF(C8="","",IFERROR(VLOOKUP(C8,parametros!$A$11:$E$15,5,0),"")) | F8: =IF(OR(D8="",E8=""),"",ROUND(D8*E8,2)) | H8: =IF(G8="Sim",IF(OR(F8="",D8="",L8=""),"",IF(L8="Sim",ROUND(F8-D8,2),0)),0) -> 0 | I8: =IF(G8="Sim",0,IF(OR(F8="",L8=""),"",F8)) | J8: =IF(G8="Sim",0,IF(OR(F8="",D8="",L8=""),"",IF(L8="Sim",ROUND(F8-D8,2),0))) | K8: =IF(AND(A8="",B8="",D8="",G8=""),"",IF(AND(A8<>"",COUNTIF($A$2:$A$5001,A8)>1),"NUMERO_PC duplicado",IF(B8="","DATA_PC vazia",IF(NOT(ISNUMBER(B8)),"DATA_PC invalida",IF(OR(C8="",C8="Fora dos ciclos"),"CICLO_PC nao identificado",IF(OR(D8="",D8=0),"VALOR_PC vazio ou zero",IF(AND(G8<>"Sim",G8<>"Nao",G8<>""),"PC_PAGO_A_CONTRATADA invalido",IF(AND(C8<>"C0",IFERROR(INDEX(parametros!$A$2:$A$6,MATCH(C8,parametros!$B$2:$B$6,0)),"")="Sim",IFERROR(INDEX(parametros!$H$2:$H$6,MATCH(C8,parametros!$B$2:$B$6,0)),"")=""),"INICIO_EFEITO ausente: PC "&A8&" - "&C8,IF(L8="","EFEITO_PC nao calculado: PC "&A8&" - "&C8,"OK"))))))))) | L8: =IF(AND(A8="",B8="",D8="",G8=""),"",IF(OR(B8="",NOT(ISNUMBER(B8)),C8="",C8="Fora dos ciclos"),"",IF(C8="C0","Nao",IF(IFERROR(INDEX(parametros!$A$2:$A$6,MATCH(C8,parametros!$B$2:$B$6,0)),"")<>"Sim","Nao",IF(IFERROR(INDEX(parametros!$H$2:$H$6,MATCH(C8,parametros!$B$2:$B$6,0)),"")="","",IF(B8>=IFERROR(INDEX(parametros!$H$2:$H$6,MATCH(C8,parametros!$B$2:$B$6,0)),""),"Sim","Nao")))))) | M8: Outras situações / fora dos ciclos | N8: =COUNTIF($A$2:$A$5001,"<>")-SUM(N3:N7) -> 0 | O8: =SUM($D$2:$D$5001)-SUM(O3:O7) -> 0 | P8: =SUM($F$2:$F$5001)-SUM(P3:P7) -> 0 | Q8: =SUM($H$2:$H$5001)-SUM(Q3:Q7) -> 0 | R8: =SUM($I$2:$I$5001)-SUM(R3:R7) -> 0 | S8: =SUM($J$2:$J$5001)-SUM(S3:S7) -> 0 | T8: =COUNTIFS($A$2:$A$5001,"<>",$K$2:$K$5001,"<>OK",$K$2:$K$5001,"<>")-SUM(T3:T7) -> 0 | U8: =IF(OR($D8="",$H8=""),"",ROUND($D8+$H8,2)) | V8: Nao | W8: PC em analise | X8: Pedido de Compra | Y8: Impacto Potencial | Z8: PC | AA8: Nao | AB8: NAO_COMPUTADO | AC8: Estrutura Fase 1: sem impacto no VTA oficial
C9: =IF(B9="","",IF(NOT(ISNUMBER(B9)),"DATA_PC invalida",IF(NOT(ISNUMBER(parametros!$C$2)),"Fora dos ciclos",IF(OR(B9<parametros!$C$2,(YEAR(B9)-YEAR(parametros!$C$2))*12+MONTH(B9)-MONTH(parametros!$C$2)>59),"Fora dos ciclos","C"&INT(((YEAR(B9)-YEAR(parametros!$C$2))*12+MONTH(B9)-MONTH(parametros!$C$2))/12))))) | E9: =IF(C9="","",IFERROR(VLOOKUP(C9,parametros!$A$11:$E$15,5,0),"")) | F9: =IF(OR(D9="",E9=""),"",ROUND(D9*E9,2)) | H9: =IF(G9="Sim",IF(OR(F9="",D9="",L9=""),"",IF(L9="Sim",ROUND(F9-D9,2),0)),0) -> 0 | I9: =IF(G9="Sim",0,IF(OR(F9="",L9=""),"",F9)) | J9: =IF(G9="Sim",0,IF(OR(F9="",D9="",L9=""),"",IF(L9="Sim",ROUND(F9-D9,2),0))) | K9: =IF(AND(A9="",B9="",D9="",G9=""),"",IF(AND(A9<>"",COUNTIF($A$2:$A$5001,A9)>1),"NUMERO_PC duplicado",IF(B9="","DATA_PC vazia",IF(NOT(ISNUMBER(B9)),"DATA_PC invalida",IF(OR(C9="",C9="Fora dos ciclos"),"CICLO_PC nao identificado",IF(OR(D9="",D9=0),"VALOR_PC vazio ou zero",IF(AND(G9<>"Sim",G9<>"Nao",G9<>""),"PC_PAGO_A_CONTRATADA invalido",IF(AND(C9<>"C0",IFERROR(INDEX(parametros!$A$2:$A$6,MATCH(C9,parametros!$B$2:$B$6,0)),"")="Sim",IFERROR(INDEX(parametros!$H$2:$H$6,MATCH(C9,parametros!$B$2:$B$6,0)),"")=""),"INICIO_EFEITO ausente: PC "&A9&" - "&C9,IF(L9="","EFEITO_PC nao calculado: PC "&A9&" - "&C9,"OK"))))))))) | L9: =IF(AND(A9="",B9="",D9="",G9=""),"",IF(OR(B9="",NOT(ISNUMBER(B9)),C9="",C9="Fora dos ciclos"),"",IF(C9="C0","Nao",IF(IFERROR(INDEX(parametros!$A$2:$A$6,MATCH(C9,parametros!$B$2:$B$6,0)),"")<>"Sim","Nao",IF(IFERROR(INDEX(parametros!$H$2:$H$6,MATCH(C9,parametros!$B$2:$B$6,0)),"")="","",IF(B9>=IFERROR(INDEX(parametros!$H$2:$H$6,MATCH(C9,parametros!$B$2:$B$6,0)),""),"Sim","Nao")))))) | M9: TOTAL | N9: =SUM(N3:N8) -> 3 | O9: =SUM(O3:O8) -> 421750 | P9: =SUM(P3:P8) -> 443343.6 | Q9: =SUM(Q3:Q8) -> 14156.8 | R9: =SUM(R3:R8) -> 152686.8 | S9: =SUM(S3:S8) -> 7436.8 | T9: =SUM(T3:T8) -> 0 | U9: =IF(OR($D9="",$H9=""),"",ROUND($D9+$H9,2)) | V9: Nao | W9: PC em analise | X9: Pedido de Compra | Y9: Impacto Potencial | Z9: PC | AA9: Nao | AB9: NAO_COMPUTADO | AC9: Estrutura Fase 1: sem impacto no VTA oficial
