Workbook
Name AJUSTE_MANUAL_VTA: RESULTADOS!B24
Name JUSTIFICATIVA_RETRO: RESULTADOS!D5
Name METODO_RETROATIVO: RESULTADOS!B4
Name QTD_REM_OFICIAL: RESULTADOS!B35
Name REM_ATUALIZADO_OFICIAL: RESULTADOS!D35
Name REM_BASE_OFICIAL: RESULTADOS!C35
Name RETRO_FIN: RESULTADOS!B15
Name RETRO_ITENS: RESULTADOS!D15
Name RETRO_OFICIAL: RESULTADOS!B16
Name RETRO_PC: RESULTADOS!C15
Name TOLERANCIA_DIVERGENCIA: RESULTADOS!D4
Name VALOR_MANUAL_RETRO: RESULTADOS!B5
Name VTA_CALCULADO: RESULTADOS!B23
Name VTA_FINAL: RESULTADOS!B26
Name VTA_MANUAL_OFICIAL: RESULTADOS!B25

Sheet CONTROLE
A1: MODO DE LEITURA | B1: Principal | C1: Principal = pago + remanescente | D = consumo por ciclo
A2: Ciclo vigente (em execução) | B2: C1
A3: Data de corte (única p/ contrato) | B3: 45657
A4: C0 e ciclos fora da analise | B4: Preencher FINANCEIRO: coluna B com o nome do ciclo (ex: c0, c1), coluna C com o valor efetivamente pago. Se vazio, o sistema usa calculo por itens/estoque.
A6: RESUMO DO REAJUSTE | B6: VALOR
A7: Índice utilizado | B7: IST (Anatel)
A8: Data-base original | B8: 44927
A9: Quantidade de ciclos desta análise | B9: =COUNTIF(parametros!A2:A6,"Sim") -> 1
A10: Variação acumulada final | B10: =IFERROR(IF(ISNUMBER(parametros!F6),parametros!F6-1,IF(ISNUMBER(parametros!F5),parametros!F5-1,IF(ISNUMBER(parametros!F4),parametros!F4-1,IF(ISNUMBER(parametros!F3),parametros!F3-1,IF(ISNUMBER(parametros!F2),parametros!F2-1,""))))),"") -> 0.12203076
A11: Fator acumulado total | B11: =IFERROR(IF(ISNUMBER(parametros!F6),parametros!F6,IF(ISNUMBER(parametros!F5),parametros!F5,IF(ISNUMBER(parametros!F4),parametros!F4,IF(ISNUMBER(parametros!F3),parametros!F3,IF(ISNUMBER(parametros!F2),parametros!F2,""))))),"") -> 1.1220308
A12: Último ciclo considerado nesta apuração | B12: =IFERROR(IF(parametros!A6="Sim",parametros!B6,IF(parametros!A5="Sim",parametros!B5,IF(parametros!A4="Sim",parametros!B4,IF(parametros!A3="Sim",parametros!B3,IF(parametros!A2="Sim",parametros!B2,"Nenhum"))))),"Nenhum") -> C1
A13: Início do último ciclo considerado | B13: =IFERROR(IF(parametros!A6="Sim",parametros!C6,IF(parametros!A5="Sim",parametros!C5,IF(parametros!A4="Sim",parametros!C4,IF(parametros!A3="Sim",parametros!C3,IF(parametros!A2="Sim",parametros!C2,""))))),"") -> 45292
A14: Data de geracao do arquivo | B14: =NOW() -> 46295.82

Sheet parametros
A1: COMPUTAR_NESTA_APURACAO | B1: CICLO | C1: DATA_INICIO | D1: DATA_FIM | E1: PERCENTUAL_DO_CICLO | F1: FATOR_ACUMULADO | G1: SITUACAO
A2: Nao | B2: C0 | C2: 44927 | D2: 45291 | E2: 0 | F2: =1 -> 1 | G2: Base
A3: Sim | B3: C1 | C3: 45292 | D3: 45657 | E3: 0.0512 | F3: =IF(E3="","",IF(NOT(ISNUMBER(E3)),"",IF(NOT(ISNUMBER(F2)),"",F2*(1+E3)))) -> 1.0512 | G3: TEMPESTIVO
A4: Nao | B4: C2 | C4: 45658 | D4: 46022 | E4: 0.0374 | F4: =IF(E4="","",IF(NOT(ISNUMBER(E4)),"",IF(NOT(ISNUMBER(F3)),"",F3*(1+E4)))) -> 1.0905149 | G4: TEMPESTIVO
A5: Nao | B5: C3 | C5: 46023 | D5: 46387 | E5: 0.0289 | F5: =IF(E5="","",IF(NOT(ISNUMBER(E5)),"",IF(NOT(ISNUMBER(F4)),"",F4*(1+E5)))) -> 1.1220308 | G5: TEMPESTIVO
A6: Nao | B6: C4 | C6: 46388 | D6: 46752 | F6: =IF(E6="","",IF(NOT(ISNUMBER(E6)),"",IF(NOT(ISNUMBER(F5)),"",F5*(1+E6))))
A9: MEMORIA DO FATOR APLICAVEL A APURACAO
A10: CICLO | B10: COMPUTA? | C10: PERCENTUAL | D10: FATOR | E10: FATOR_ACUMULADO_APURACAO | F10: STATUS
A11: C0 | B11: =A2 -> Nao | C11: =IF(B11="Sim",E2,"") | D11: =1 -> 1 | E11: =1 -> 1 | F11: Base
A12: C1 | B12: =A3 -> Sim | C12: =IF(B12="Sim",E3,"") -> 0.0512 | D12: =IF(C12="","",1+C12) -> 1.0512 | E12: =IF(B12="Sim",E11*D12,E11) -> 1.0512 | F12: =IF(B12="Sim","Aplicado","Fora da apuracao") -> Aplicado
A13: C2 | B13: =A4 -> Nao | C13: =IF(B13="Sim",E4,"") | D13: =IF(C13="","",1+C13) | E13: =IF(B13="Sim",E12*D13,E12) -> 1.0512 | F13: =IF(B13="Sim","Aplicado","Fora da apuracao") -> Fora da apuracao
A14: C3 | B14: =A5 -> Nao | C14: =IF(B14="Sim",E5,"") | D14: =IF(C14="","",1+C14) | E14: =IF(B14="Sim",E13*D14,E13) -> 1.0512 | F14: =IF(B14="Sim","Aplicado","Fora da apuracao") -> Fora da apuracao
A15: C4 | B15: =A6 -> Nao | C15: =IF(B15="Sim",E6,"") | D15: =IF(C15="","",1+C15) | E15: =IF(B15="Sim",E14*D15,E14) -> 1.0512 | F15: =IF(B15="Sim","Aplicado","Fora da apuracao") -> Fora da apuracao
A16: TOTAL APURACAO | D16: =E15 -> 1.0512 | E16: =E15 -> 1.0512 | F16: =E16-1 -> 0.0512

Sheet financeiro
A1: COMPETENCIA | B1: CICLO | C1: VALOR_PAGO | D1: FATOR_APLICAVEL | E1: VALOR_ATUALIZADO | F1: DELTA | G1: EFEITO_FINANCEIRO
A2: 44927 | B2: =IF(A2="","",IF(OR(A2<MIN(parametros!$C$2:$C$6),A2>MAX(parametros!$D$2:$D$6)),"Fora dos ciclos",LOWER(LOOKUP(A2,parametros!$C$2:$C$6,parametros!$B$2:$B$6)))) -> c0 | C2: 42500 | D2: =IF(B2="","",IF(B2="c0",1,IF(B2="c1",IF(parametros!$A$3<>"Sim","",IF(NOT(ISNUMBER(parametros!$E$3)),"",1+parametros!$E$3)),IF(B2="c2",IF(parametros!$A$4<>"Sim","",IF(NOT(ISNUMBER(parametros!$E$4)),"",IF(parametros!$A$3="Sim",1+parametros!$E$3,1)*(1+parametros!$E$4))),IF(B2="c3",IF(parametros!$A$5<>"Sim","",IF(NOT(ISNUMBER(parametros!$E$5)),"",IF(parametros!$A$3="Sim",1+parametros!$E$3,1)*IF(parametros!$A$4="Sim",1+parametros!$E$4,1)*(1+parametros!$E$5))),IF(B2="c4",IF(parametros!$A$6<>"Sim","",IF(NOT(ISNUMBER(parametros!$E$6)),"",IF(parametros!$A$3="Sim",1+parametros!$E$3,1)*IF(parametros!$A$4="Sim",1+parametros!$E$4,1)*IF(parametros!$A$5="Sim",1+parametros!$E$5,1)*(1+parametros!$E$6))),"")))))) -> 1 | E2: =IF(OR(C2="",NOT(ISNUMBER(D2))),"",ROUND(C2*D2,2)) -> 42500 | F2: =IF(OR(C2="",E2=""),"",IF(G2<>"Sim",0,ROUND(E2-C2,2))) -> 0 | G2: Sim
A3: 44958 | B3: =IF(A3="","",IF(OR(A3<MIN(parametros!$C$2:$C$6),A3>MAX(parametros!$D$2:$D$6)),"Fora dos ciclos",LOWER(LOOKUP(A3,parametros!$C$2:$C$6,parametros!$B$2:$B$6)))) -> c0 | C3: 42500 | D3: =IF(B3="","",IF(B3="c0",1,IF(B3="c1",IF(parametros!$A$3<>"Sim","",IF(NOT(ISNUMBER(parametros!$E$3)),"",1+parametros!$E$3)),IF(B3="c2",IF(parametros!$A$4<>"Sim","",IF(NOT(ISNUMBER(parametros!$E$4)),"",IF(parametros!$A$3="Sim",1+parametros!$E$3,1)*(1+parametros!$E$4))),IF(B3="c3",IF(parametros!$A$5<>"Sim","",IF(NOT(ISNUMBER(parametros!$E$5)),"",IF(parametros!$A$3="Sim",1+parametros!$E$3,1)*IF(parametros!$A$4="Sim",1+parametros!$E$4,1)*(1+parametros!$E$5))),IF(B3="c4",IF(parametros!$A$6<>"Sim","",IF(NOT(ISNUMBER(parametros!$E$6)),"",IF(parametros!$A$3="Sim",1+parametros!$E$3,1)*IF(parametros!$A$4="Sim",1+parametros!$E$4,1)*IF(parametros!$A$5="Sim",1+parametros!$E$5,1)*(1+parametros!$E$6))),"")))))) -> 1 | E3: =IF(OR(C3="",NOT(ISNUMBER(D3))),"",ROUND(C3*D3,2)) -> 42500 | F3: =IF(OR(C3="",E3=""),"",IF(G3<>"Sim",0,ROUND(E3-C3,2))) -> 0 | G3: Sim
A4: 44986 | B4: =IF(A4="","",IF(OR(A4<MIN(parametros!$C$2:$C$6),A4>MAX(parametros!$D$2:$D$6)),"Fora dos ciclos",LOWER(LOOKUP(A4,parametros!$C$2:$C$6,parametros!$B$2:$B$6)))) -> c0 | C4: 42500 | D4: =IF(B4="","",IF(B4="c0",1,IF(B4="c1",IF(parametros!$A$3<>"Sim","",IF(NOT(ISNUMBER(parametros!$E$3)),"",1+parametros!$E$3)),IF(B4="c2",IF(parametros!$A$4<>"Sim","",IF(NOT(ISNUMBER(parametros!$E$4)),"",IF(parametros!$A$3="Sim",1+parametros!$E$3,1)*(1+parametros!$E$4))),IF(B4="c3",IF(parametros!$A$5<>"Sim","",IF(NOT(ISNUMBER(parametros!$E$5)),"",IF(parametros!$A$3="Sim",1+parametros!$E$3,1)*IF(parametros!$A$4="Sim",1+parametros!$E$4,1)*(1+parametros!$E$5))),IF(B4="c4",IF(parametros!$A$6<>"Sim","",IF(NOT(ISNUMBER(parametros!$E$6)),"",IF(parametros!$A$3="Sim",1+parametros!$E$3,1)*IF(parametros!$A$4="Sim",1+parametros!$E$4,1)*IF(parametros!$A$5="Sim",1+parametros!$E$5,1)*(1+parametros!$E$6))),"")))))) -> 1 | E4: =IF(OR(C4="",NOT(ISNUMBER(D4))),"",ROUND(C4*D4,2)) -> 42500 | F4: =IF(OR(C4="",E4=""),"",IF(G4<>"Sim",0,ROUND(E4-C4,2))) -> 0 | G4: Sim
A5: 45017 | B5: =IF(A5="","",IF(OR(A5<MIN(parametros!$C$2:$C$6),A5>MAX(parametros!$D$2:$D$6)),"Fora dos ciclos",LOWER(LOOKUP(A5,parametros!$C$2:$C$6,parametros!$B$2:$B$6)))) -> c0 | C5: 42500 | D5: =IF(B5="","",IF(B5="c0",1,IF(B5="c1",IF(parametros!$A$3<>"Sim","",IF(NOT(ISNUMBER(parametros!$E$3)),"",1+parametros!$E$3)),IF(B5="c2",IF(parametros!$A$4<>"Sim","",IF(NOT(ISNUMBER(parametros!$E$4)),"",IF(parametros!$A$3="Sim",1+parametros!$E$3,1)*(1+parametros!$E$4))),IF(B5="c3",IF(parametros!$A$5<>"Sim","",IF(NOT(ISNUMBER(parametros!$E$5)),"",IF(parametros!$A$3="Sim",1+parametros!$E$3,1)*IF(parametros!$A$4="Sim",1+parametros!$E$4,1)*(1+parametros!$E$5))),IF(B5="c4",IF(parametros!$A$6<>"Sim","",IF(NOT(ISNUMBER(parametros!$E$6)),"",IF(parametros!$A$3="Sim",1+parametros!$E$3,1)*IF(parametros!$A$4="Sim",1+parametros!$E$4,1)*IF(parametros!$A$5="Sim",1+parametros!$E$5,1)*(1+parametros!$E$6))),"")))))) -> 1 | E5: =IF(OR(C5="",NOT(ISNUMBER(D5))),"",ROUND(C5*D5,2)) -> 42500 | F5: =IF(OR(C5="",E5=""),"",IF(G5<>"Sim",0,ROUND(E5-C5,2))) -> 0 | G5: Sim
A6: 45047 | B6: =IF(A6="","",IF(OR(A6<MIN(parametros!$C$2:$C$6),A6>MAX(parametros!$D$2:$D$6)),"Fora dos ciclos",LOWER(LOOKUP(A6,parametros!$C$2:$C$6,parametros!$B$2:$B$6)))) -> c0 | C6: 42500 | D6: =IF(B6="","",IF(B6="c0",1,IF(B6="c1",IF(parametros!$A$3<>"Sim","",IF(NOT(ISNUMBER(parametros!$E$3)),"",1+parametros!$E$3)),IF(B6="c2",IF(parametros!$A$4<>"Sim","",IF(NOT(ISNUMBER(parametros!$E$4)),"",IF(parametros!$A$3="Sim",1+parametros!$E$3,1)*(1+parametros!$E$4))),IF(B6="c3",IF(parametros!$A$5<>"Sim","",IF(NOT(ISNUMBER(parametros!$E$5)),"",IF(parametros!$A$3="Sim",1+parametros!$E$3,1)*IF(parametros!$A$4="Sim",1+parametros!$E$4,1)*(1+parametros!$E$5))),IF(B6="c4",IF(parametros!$A$6<>"Sim","",IF(NOT(ISNUMBER(parametros!$E$6)),"",IF(parametros!$A$3="Sim",1+parametros!$E$3,1)*IF(parametros!$A$4="Sim",1+parametros!$E$4,1)*IF(parametros!$A$5="Sim",1+parametros!$E$5,1)*(1+parametros!$E$6))),"")))))) -> 1 | E6: =IF(OR(C6="",NOT(ISNUMBER(D6))),"",ROUND(C6*D6,2)) -> 42500 | F6: =IF(OR(C6="",E6=""),"",IF(G6<>"Sim",0,ROUND(E6-C6,2))) -> 0 | G6: Sim
A7: 45078 | B7: =IF(A7="","",IF(OR(A7<MIN(parametros!$C$2:$C$6),A7>MAX(parametros!$D$2:$D$6)),"Fora dos ciclos",LOWER(LOOKUP(A7,parametros!$C$2:$C$6,parametros!$B$2:$B$6)))) -> c0 | C7: 42500 | D7: =IF(B7="","",IF(B7="c0",1,IF(B7="c1",IF(parametros!$A$3<>"Sim","",IF(NOT(ISNUMBER(parametros!$E$3)),"",1+parametros!$E$3)),IF(B7="c2",IF(parametros!$A$4<>"Sim","",IF(NOT(ISNUMBER(parametros!$E$4)),"",IF(parametros!$A$3="Sim",1+parametros!$E$3,1)*(1+parametros!$E$4))),IF(B7="c3",IF(parametros!$A$5<>"Sim","",IF(NOT(ISNUMBER(parametros!$E$5)),"",IF(parametros!$A$3="Sim",1+parametros!$E$3,1)*IF(parametros!$A$4="Sim",1+parametros!$E$4,1)*(1+parametros!$E$5))),IF(B7="c4",IF(parametros!$A$6<>"Sim","",IF(NOT(ISNUMBER(parametros!$E$6)),"",IF(parametros!$A$3="Sim",1+parametros!$E$3,1)*IF(parametros!$A$4="Sim",1+parametros!$E$4,1)*IF(parametros!$A$5="Sim",1+parametros!$E$5,1)*(1+parametros!$E$6))),"")))))) -> 1 | E7: =IF(OR(C7="",NOT(ISNUMBER(D7))),"",ROUND(C7*D7,2)) -> 42500 | F7: =IF(OR(C7="",E7=""),"",IF(G7<>"Sim",0,ROUND(E7-C7,2))) -> 0 | G7: Sim
A8: 45108 | B8: =IF(A8="","",IF(OR(A8<MIN(parametros!$C$2:$C$6),A8>MAX(parametros!$D$2:$D$6)),"Fora dos ciclos",LOWER(LOOKUP(A8,parametros!$C$2:$C$6,parametros!$B$2:$B$6)))) -> c0 | C8: 42500 | D8: =IF(B8="","",IF(B8="c0",1,IF(B8="c1",IF(parametros!$A$3<>"Sim","",IF(NOT(ISNUMBER(parametros!$E$3)),"",1+parametros!$E$3)),IF(B8="c2",IF(parametros!$A$4<>"Sim","",IF(NOT(ISNUMBER(parametros!$E$4)),"",IF(parametros!$A$3="Sim",1+parametros!$E$3,1)*(1+parametros!$E$4))),IF(B8="c3",IF(parametros!$A$5<>"Sim","",IF(NOT(ISNUMBER(parametros!$E$5)),"",IF(parametros!$A$3="Sim",1+parametros!$E$3,1)*IF(parametros!$A$4="Sim",1+parametros!$E$4,1)*(1+parametros!$E$5))),IF(B8="c4",IF(parametros!$A$6<>"Sim","",IF(NOT(ISNUMBER(parametros!$E$6)),"",IF(parametros!$A$3="Sim",1+parametros!$E$3,1)*IF(parametros!$A$4="Sim",1+parametros!$E$4,1)*IF(parametros!$A$5="Sim",1+parametros!$E$5,1)*(1+parametros!$E$6))),"")))))) -> 1 | E8: =IF(OR(C8="",NOT(ISNUMBER(D8))),"",ROUND(C8*D8,2)) -> 42500 | F8: =IF(OR(C8="",E8=""),"",IF(G8<>"Sim",0,ROUND(E8-C8,2))) -> 0 | G8: Sim
A9: 45139 | B9: =IF(A9="","",IF(OR(A9<MIN(parametros!$C$2:$C$6),A9>MAX(parametros!$D$2:$D$6)),"Fora dos ciclos",LOWER(LOOKUP(A9,parametros!$C$2:$C$6,parametros!$B$2:$B$6)))) -> c0 | C9: 42500 | D9: =IF(B9="","",IF(B9="c0",1,IF(B9="c1",IF(parametros!$A$3<>"Sim","",IF(NOT(ISNUMBER(parametros!$E$3)),"",1+parametros!$E$3)),IF(B9="c2",IF(parametros!$A$4<>"Sim","",IF(NOT(ISNUMBER(parametros!$E$4)),"",IF(parametros!$A$3="Sim",1+parametros!$E$3,1)*(1+parametros!$E$4))),IF(B9="c3",IF(parametros!$A$5<>"Sim","",IF(NOT(ISNUMBER(parametros!$E$5)),"",IF(parametros!$A$3="Sim",1+parametros!$E$3,1)*IF(parametros!$A$4="Sim",1+parametros!$E$4,1)*(1+parametros!$E$5))),IF(B9="c4",IF(parametros!$A$6<>"Sim","",IF(NOT(ISNUMBER(parametros!$E$6)),"",IF(parametros!$A$3="Sim",1+parametros!$E$3,1)*IF(parametros!$A$4="Sim",1+parametros!$E$4,1)*IF(parametros!$A$5="Sim",1+parametros!$E$5,1)*(1+parametros!$E$6))),"")))))) -> 1 | E9: =IF(OR(C9="",NOT(ISNUMBER(D9))),"",ROUND(C9*D9,2)) -> 42500 | F9: =IF(OR(C9="",E9=""),"",IF(G9<>"Sim",0,ROUND(E9-C9,2))) -> 0 | G9: Sim
A10: 45170 | B10: =IF(A10="","",IF(OR(A10<MIN(parametros!$C$2:$C$6),A10>MAX(parametros!$D$2:$D$6)),"Fora dos ciclos",LOWER(LOOKUP(A10,parametros!$C$2:$C$6,parametros!$B$2:$B$6)))) -> c0 | C10: 42500 | D10: =IF(B10="","",IF(B10="c0",1,IF(B10="c1",IF(parametros!$A$3<>"Sim","",IF(NOT(ISNUMBER(parametros!$E$3)),"",1+parametros!$E$3)),IF(B10="c2",IF(parametros!$A$4<>"Sim","",IF(NOT(ISNUMBER(parametros!$E$4)),"",IF(parametros!$A$3="Sim",1+parametros!$E$3,1)*(1+parametros!$E$4))),IF(B10="c3",IF(parametros!$A$5<>"Sim","",IF(NOT(ISNUMBER(parametros!$E$5)),"",IF(parametros!$A$3="Sim",1+parametros!$E$3,1)*IF(parametros!$A$4="Sim",1+parametros!$E$4,1)*(1+parametros!$E$5))),IF(B10="c4",IF(parametros!$A$6<>"Sim","",IF(NOT(ISNUMBER(parametros!$E$6)),"",IF(parametros!$A$3="Sim",1+parametros!$E$3,1)*IF(parametros!$A$4="Sim",1+parametros!$E$4,1)*IF(parametros!$A$5="Sim",1+parametros!$E$5,1)*(1+parametros!$E$6))),"")))))) -> 1 | E10: =IF(OR(C10="",NOT(ISNUMBER(D10))),"",ROUND(C10*D10,2)) -> 42500 | F10: =IF(OR(C10="",E10=""),"",IF(G10<>"Sim",0,ROUND(E10-C10,2))) -> 0 | G10: Sim
A11: 45200 | B11: =IF(A11="","",IF(OR(A11<MIN(parametros!$C$2:$C$6),A11>MAX(parametros!$D$2:$D$6)),"Fora dos ciclos",LOWER(LOOKUP(A11,parametros!$C$2:$C$6,parametros!$B$2:$B$6)))) -> c0 | C11: 42500 | D11: =IF(B11="","",IF(B11="c0",1,IF(B11="c1",IF(parametros!$A$3<>"Sim","",IF(NOT(ISNUMBER(parametros!$E$3)),"",1+parametros!$E$3)),IF(B11="c2",IF(parametros!$A$4<>"Sim","",IF(NOT(ISNUMBER(parametros!$E$4)),"",IF(parametros!$A$3="Sim",1+parametros!$E$3,1)*(1+parametros!$E$4))),IF(B11="c3",IF(parametros!$A$5<>"Sim","",IF(NOT(ISNUMBER(parametros!$E$5)),"",IF(parametros!$A$3="Sim",1+parametros!$E$3,1)*IF(parametros!$A$4="Sim",1+parametros!$E$4,1)*(1+parametros!$E$5))),IF(B11="c4",IF(parametros!$A$6<>"Sim","",IF(NOT(ISNUMBER(parametros!$E$6)),"",IF(parametros!$A$3="Sim",1+parametros!$E$3,1)*IF(parametros!$A$4="Sim",1+parametros!$E$4,1)*IF(parametros!$A$5="Sim",1+parametros!$E$5,1)*(1+parametros!$E$6))),"")))))) -> 1 | E11: =IF(OR(C11="",NOT(ISNUMBER(D11))),"",ROUND(C11*D11,2)) -> 42500 | F11: =IF(OR(C11="",E11=""),"",IF(G11<>"Sim",0,ROUND(E11-C11,2))) -> 0 | G11: Sim
A12: 45231 | B12: =IF(A12="","",IF(OR(A12<MIN(parametros!$C$2:$C$6),A12>MAX(parametros!$D$2:$D$6)),"Fora dos ciclos",LOWER(LOOKUP(A12,parametros!$C$2:$C$6,parametros!$B$2:$B$6)))) -> c0 | C12: 42500 | D12: =IF(B12="","",IF(B12="c0",1,IF(B12="c1",IF(parametros!$A$3<>"Sim","",IF(NOT(ISNUMBER(parametros!$E$3)),"",1+parametros!$E$3)),IF(B12="c2",IF(parametros!$A$4<>"Sim","",IF(NOT(ISNUMBER(parametros!$E$4)),"",IF(parametros!$A$3="Sim",1+parametros!$E$3,1)*(1+parametros!$E$4))),IF(B12="c3",IF(parametros!$A$5<>"Sim","",IF(NOT(ISNUMBER(parametros!$E$5)),"",IF(parametros!$A$3="Sim",1+parametros!$E$3,1)*IF(parametros!$A$4="Sim",1+parametros!$E$4,1)*(1+parametros!$E$5))),IF(B12="c4",IF(parametros!$A$6<>"Sim","",IF(NOT(ISNUMBER(parametros!$E$6)),"",IF(parametros!$A$3="Sim",1+parametros!$E$3,1)*IF(parametros!$A$4="Sim",1+parametros!$E$4,1)*IF(parametros!$A$5="Sim",1+parametros!$E$5,1)*(1+parametros!$E$6))),"")))))) -> 1 | E12: =IF(OR(C12="",NOT(ISNUMBER(D12))),"",ROUND(C12*D12,2)) -> 42500 | F12: =IF(OR(C12="",E12=""),"",IF(G12<>"Sim",0,ROUND(E12-C12,2))) -> 0 | G12: Sim
A13: 45261 | B13: =IF(A13="","",IF(OR(A13<MIN(parametros!$C$2:$C$6),A13>MAX(parametros!$D$2:$D$6)),"Fora dos ciclos",LOWER(LOOKUP(A13,parametros!$C$2:$C$6,parametros!$B$2:$B$6)))) -> c0 | C13: 42500 | D13: =IF(B13="","",IF(B13="c0",1,IF(B13="c1",IF(parametros!$A$3<>"Sim","",IF(NOT(ISNUMBER(parametros!$E$3)),"",1+parametros!$E$3)),IF(B13="c2",IF(parametros!$A$4<>"Sim","",IF(NOT(ISNUMBER(parametros!$E$4)),"",IF(parametros!$A$3="Sim",1+parametros!$E$3,1)*(1+parametros!$E$4))),IF(B13="c3",IF(parametros!$A$5<>"Sim","",IF(NOT(ISNUMBER(parametros!$E$5)),"",IF(parametros!$A$3="Sim",1+parametros!$E$3,1)*IF(parametros!$A$4="Sim",1+parametros!$E$4,1)*(1+parametros!$E$5))),IF(B13="c4",IF(parametros!$A$6<>"Sim","",IF(NOT(ISNUMBER(parametros!$E$6)),"",IF(parametros!$A$3="Sim",1+parametros!$E$3,1)*IF(parametros!$A$4="Sim",1+parametros!$E$4,1)*IF(parametros!$A$5="Sim",1+parametros!$E$5,1)*(1+parametros!$E$6))),"")))))) -> 1 | E13: =IF(OR(C13="",NOT(ISNUMBER(D13))),"",ROUND(C13*D13,2)) -> 42500 | F13: =IF(OR(C13="",E13=""),"",IF(G13<>"Sim",0,ROUND(E13-C13,2))) -> 0 | G13: Sim
... A25: 45627 | B25: =IF(A25="","",IF(OR(A25<MIN(parametros!$C$2:$C$6),A25>MAX(parametros!$D$2:$D$6)),"Fora dos ciclos",LOWER(LOOKUP(A25,parametros!$C$2:$C$6,parametros!$B$2:$B$6)))) -> c1 | C25: 42500 | D25: =IF(B25="","",IF(B25="c0",1,IF(B25="c1",IF(parametros!$A$3<>"Sim","",IF(NOT(ISNUMBER(parametros!$E$3)),"",1+parametros!$E$3)),IF(B25="c2",IF(parametros!$A$4<>"Sim","",IF(NOT(ISNUMBER(parametros!$E$4)),"",IF(parametros!$A$3="Sim",1+parametros!$E$3,1)*(1+parametros!$E$4))),IF(B25="c3",IF(parametros!$A$5<>"Sim","",IF(NOT(ISNUMBER(parametros!$E$5)),"",IF(parametros!$A$3="Sim",1+parametros!$E$3,1)*IF(parametros!$A$4="Sim",1+parametros!$E$4,1)*(1+parametros!$E$5))),IF(B25="c4",IF(parametros!$A$6<>"Sim","",IF(NOT(ISNUMBER(parametros!$E$6)),"",IF(parametros!$A$3="Sim",1+parametros!$E$3,1)*IF(parametros!$A$4="Sim",1+parametros!$E$4,1)*IF(parametros!$A$5="Sim",1+parametros!$E$5,1)*(1+parametros!$E$6))),"")))))) -> 1.0512 | E25: =IF(OR(C25="",NOT(ISNUMBER(D25))),"",ROUND(C25*D25,2)) -> 44676 | F25: =IF(OR(C25="",E25=""),"",IF(G25<>"Sim",0,ROUND(E25-C25,2))) -> 2176 | G25: Sim
B26: =IF(A26="","",IF(OR(A26<MIN(parametros!$C$2:$C$6),A26>MAX(parametros!$D$2:$D$6)),"Fora dos ciclos",LOWER(LOOKUP(A26,parametros!$C$2:$C$6,parametros!$B$2:$B$6)))) | D26: =IF(B26="","",IF(B26="c0",1,IF(B26="c1",IF(parametros!$A$3<>"Sim","",IF(NOT(ISNUMBER(parametros!$E$3)),"",1+parametros!$E$3)),IF(B26="c2",IF(parametros!$A$4<>"Sim","",IF(NOT(ISNUMBER(parametros!$E$4)),"",IF(parametros!$A$3="Sim",1+parametros!$E$3,1)*(1+parametros!$E$4))),IF(B26="c3",IF(parametros!$A$5<>"Sim","",IF(NOT(ISNUMBER(parametros!$E$5)),"",IF(parametros!$A$3="Sim",1+parametros!$E$3,1)*IF(parametros!$A$4="Sim",1+parametros!$E$4,1)*(1+parametros!$E$5))),IF(B26="c4",IF(parametros!$A$6<>"Sim","",IF(NOT(ISNUMBER(parametros!$E$6)),"",IF(parametros!$A$3="Sim",1+parametros!$E$3,1)*IF(parametros!$A$4="Sim",1+parametros!$E$4,1)*IF(parametros!$A$5="Sim",1+parametros!$E$5,1)*(1+parametros!$E$6))),"")))))) | E26: =IF(OR(C26="",NOT(ISNUMBER(D26))),"",ROUND(C26*D26,2)) | F26: =IF(OR(C26="",E26=""),"",IF(G26<>"Sim",0,ROUND(E26-C26,2)))
B27: =IF(A27="","",IF(OR(A27<MIN(parametros!$C$2:$C$6),A27>MAX(parametros!$D$2:$D$6)),"Fora dos ciclos",LOWER(LOOKUP(A27,parametros!$C$2:$C$6,parametros!$B$2:$B$6)))) | D27: =IF(B27="","",IF(B27="c0",1,IF(B27="c1",IF(parametros!$A$3<>"Sim","",IF(NOT(ISNUMBER(parametros!$E$3)),"",1+parametros!$E$3)),IF(B27="c2",IF(parametros!$A$4<>"Sim","",IF(NOT(ISNUMBER(parametros!$E$4)),"",IF(parametros!$A$3="Sim",1+parametros!$E$3,1)*(1+parametros!$E$4))),IF(B27="c3",IF(parametros!$A$5<>"Sim","",IF(NOT(ISNUMBER(parametros!$E$5)),"",IF(parametros!$A$3="Sim",1+parametros!$E$3,1)*IF(parametros!$A$4="Sim",1+parametros!$E$4,1)*(1+parametros!$E$5))),IF(B27="c4",IF(parametros!$A$6<>"Sim","",IF(NOT(ISNUMBER(parametros!$E$6)),"",IF(parametros!$A$3="Sim",1+parametros!$E$3,1)*IF(parametros!$A$4="Sim",1+parametros!$E$4,1)*IF(parametros!$A$5="Sim",1+parametros!$E$5,1)*(1+parametros!$E$6))),"")))))) | E27: =IF(OR(C27="",NOT(ISNUMBER(D27))),"",ROUND(C27*D27,2)) | F27: =IF(OR(C27="",E27=""),"",IF(G27<>"Sim",0,ROUND(E27-C27,2)))
B28: =IF(A28="","",IF(OR(A28<MIN(parametros!$C$2:$C$6),A28>MAX(parametros!$D$2:$D$6)),"Fora dos ciclos",LOWER(LOOKUP(A28,parametros!$C$2:$C$6,parametros!$B$2:$B$6)))) | D28: =IF(B28="","",IF(B28="c0",1,IF(B28="c1",IF(parametros!$A$3<>"Sim","",IF(NOT(ISNUMBER(parametros!$E$3)),"",1+parametros!$E$3)),IF(B28="c2",IF(parametros!$A$4<>"Sim","",IF(NOT(ISNUMBER(parametros!$E$4)),"",IF(parametros!$A$3="Sim",1+parametros!$E$3,1)*(1+parametros!$E$4))),IF(B28="c3",IF(parametros!$A$5<>"Sim","",IF(NOT(ISNUMBER(parametros!$E$5)),"",IF(parametros!$A$3="Sim",1+parametros!$E$3,1)*IF(parametros!$A$4="Sim",1+parametros!$E$4,1)*(1+parametros!$E$5))),IF(B28="c4",IF(parametros!$A$6<>"Sim","",IF(NOT(ISNUMBER(parametros!$E$6)),"",IF(parametros!$A$3="Sim",1+parametros!$E$3,1)*IF(parametros!$A$4="Sim",1+parametros!$E$4,1)*IF(parametros!$A$5="Sim",1+parametros!$E$5,1)*(1+parametros!$E$6))),"")))))) | E28: =IF(OR(C28="",NOT(ISNUMBER(D28))),"",ROUND(C28*D28,2)) | F28: =IF(OR(C28="",E28=""),"",IF(G28<>"Sim",0,ROUND(E28-C28,2)))
B29: =IF(A29="","",IF(OR(A29<MIN(parametros!$C$2:$C$6),A29>MAX(parametros!$D$2:$D$6)),"Fora dos ciclos",LOWER(LOOKUP(A29,parametros!$C$2:$C$6,parametros!$B$2:$B$6)))) | D29: =IF(B29="","",IF(B29="c0",1,IF(B29="c1",IF(parametros!$A$3<>"Sim","",IF(NOT(ISNUMBER(parametros!$E$3)),"",1+parametros!$E$3)),IF(B29="c2",IF(parametros!$A$4<>"Sim","",IF(NOT(ISNUMBER(parametros!$E$4)),"",IF(parametros!$A$3="Sim",1+parametros!$E$3,1)*(1+parametros!$E$4))),IF(B29="c3",IF(parametros!$A$5<>"Sim","",IF(NOT(ISNUMBER(parametros!$E$5)),"",IF(parametros!$A$3="Sim",1+parametros!$E$3,1)*IF(parametros!$A$4="Sim",1+parametros!$E$4,1)*(1+parametros!$E$5))),IF(B29="c4",IF(parametros!$A$6<>"Sim","",IF(NOT(ISNUMBER(parametros!$E$6)),"",IF(parametros!$A$3="Sim",1+parametros!$E$3,1)*IF(parametros!$A$4="Sim",1+parametros!$E$4,1)*IF(parametros!$A$5="Sim",1+parametros!$E$5,1)*(1+parametros!$E$6))),"")))))) | E29: =IF(OR(C29="",NOT(ISNUMBER(D29))),"",ROUND(C29*D29,2)) | F29: =IF(OR(C29="",E29=""),"",IF(G29<>"Sim",0,ROUND(E29-C29,2)))
B30: =IF(A30="","",IF(OR(A30<MIN(parametros!$C$2:$C$6),A30>MAX(parametros!$D$2:$D$6)),"Fora dos ciclos",LOWER(LOOKUP(A30,parametros!$C$2:$C$6,parametros!$B$2:$B$6)))) | D30: =IF(B30="","",IF(B30="c0",1,IF(B30="c1",IF(parametros!$A$3<>"Sim","",IF(NOT(ISNUMBER(parametros!$E$3)),"",1+parametros!$E$3)),IF(B30="c2",IF(parametros!$A$4<>"Sim","",IF(NOT(ISNUMBER(parametros!$E$4)),"",IF(parametros!$A$3="Sim",1+parametros!$E$3,1)*(1+parametros!$E$4))),IF(B30="c3",IF(parametros!$A$5<>"Sim","",IF(NOT(ISNUMBER(parametros!$E$5)),"",IF(parametros!$A$3="Sim",1+parametros!$E$3,1)*IF(parametros!$A$4="Sim",1+parametros!$E$4,1)*(1+parametros!$E$5))),IF(B30="c4",IF(parametros!$A$6<>"Sim","",IF(NOT(ISNUMBER(parametros!$E$6)),"",IF(parametros!$A$3="Sim",1+parametros!$E$3,1)*IF(parametros!$A$4="Sim",1+parametros!$E$4,1)*IF(parametros!$A$5="Sim",1+parametros!$E$5,1)*(1+parametros!$E$6))),"")))))) | E30: =IF(OR(C30="",NOT(ISNUMBER(D30))),"",ROUND(C30*D30,2)) | F30: =IF(OR(C30="",E30=""),"",IF(G30<>"Sim",0,ROUND(E30-C30,2)))
B31: =IF(A31="","",IF(OR(A31<MIN(parametros!$C$2:$C$6),A31>MAX(parametros!$D$2:$D$6)),"Fora dos ciclos",LOWER(LOOKUP(A31,parametros!$C$2:$C$6,parametros!$B$2:$B$6)))) | D31: =IF(B31="","",IF(B31="c0",1,IF(B31="c1",IF(parametros!$A$3<>"Sim","",IF(NOT(ISNUMBER(parametros!$E$3)),"",1+parametros!$E$3)),IF(B31="c2",IF(parametros!$A$4<>"Sim","",IF(NOT(ISNUMBER(parametros!$E$4)),"",IF(parametros!$A$3="Sim",1+parametros!$E$3,1)*(1+parametros!$E$4))),IF(B31="c3",IF(parametros!$A$5<>"Sim","",IF(NOT(ISNUMBER(parametros!$E$5)),"",IF(parametros!$A$3="Sim",1+parametros!$E$3,1)*IF(parametros!$A$4="Sim",1+parametros!$E$4,1)*(1+parametros!$E$5))),IF(B31="c4",IF(parametros!$A$6<>"Sim","",IF(NOT(ISNUMBER(parametros!$E$6)),"",IF(parametros!$A$3="Sim",1+parametros!$E$3,1)*IF(parametros!$A$4="Sim",1+parametros!$E$4,1)*IF(parametros!$A$5="Sim",1+parametros!$E$5,1)*(1+parametros!$E$6))),"")))))) | E31: =IF(OR(C31="",NOT(ISNUMBER(D31))),"",ROUND(C31*D31,2)) | F31: =IF(OR(C31="",E31=""),"",IF(G31<>"Sim",0,ROUND(E31-C31,2)))
B32: =IF(A32="","",IF(OR(A32<MIN(parametros!$C$2:$C$6),A32>MAX(parametros!$D$2:$D$6)),"Fora dos ciclos",LOWER(LOOKUP(A32,parametros!$C$2:$C$6,parametros!$B$2:$B$6)))) | D32: =IF(B32="","",IF(B32="c0",1,IF(B32="c1",IF(parametros!$A$3<>"Sim","",IF(NOT(ISNUMBER(parametros!$E$3)),"",1+parametros!$E$3)),IF(B32="c2",IF(parametros!$A$4<>"Sim","",IF(NOT(ISNUMBER(parametros!$E$4)),"",IF(parametros!$A$3="Sim",1+parametros!$E$3,1)*(1+parametros!$E$4))),IF(B32="c3",IF(parametros!$A$5<>"Sim","",IF(NOT(ISNUMBER(parametros!$E$5)),"",IF(parametros!$A$3="Sim",1+parametros!$E$3,1)*IF(parametros!$A$4="Sim",1+parametros!$E$4,1)*(1+parametros!$E$5))),IF(B32="c4",IF(parametros!$A$6<>"Sim","",IF(NOT(ISNUMBER(parametros!$E$6)),"",IF(parametros!$A$3="Sim",1+parametros!$E$3,1)*IF(parametros!$A$4="Sim",1+parametros!$E$4,1)*IF(parametros!$A$5="Sim",1+parametros!$E$5,1)*(1+parametros!$E$6))),"")))))) | E32: =IF(OR(C32="",NOT(ISNUMBER(D32))),"",ROUND(C32*D32,2)) | F32: =IF(OR(C32="",E32=""),"",IF(G32<>"Sim",0,ROUND(E32-C32,2)))
B33: =IF(A33="","",IF(OR(A33<MIN(parametros!$C$2:$C$6),A33>MAX(parametros!$D$2:$D$6)),"Fora dos ciclos",LOWER(LOOKUP(A33,parametros!$C$2:$C$6,parametros!$B$2:$B$6)))) | D33: =IF(B33="","",IF(B33="c0",1,IF(B33="c1",IF(parametros!$A$3<>"Sim","",IF(NOT(ISNUMBER(parametros!$E$3)),"",1+parametros!$E$3)),IF(B33="c2",IF(parametros!$A$4<>"Sim","",IF(NOT(ISNUMBER(parametros!$E$4)),"",IF(parametros!$A$3="Sim",1+parametros!$E$3,1)*(1+parametros!$E$4))),IF(B33="c3",IF(parametros!$A$5<>"Sim","",IF(NOT(ISNUMBER(parametros!$E$5)),"",IF(parametros!$A$3="Sim",1+parametros!$E$3,1)*IF(parametros!$A$4="Sim",1+parametros!$E$4,1)*(1+parametros!$E$5))),IF(B33="c4",IF(parametros!$A$6<>"Sim","",IF(NOT(ISNUMBER(parametros!$E$6)),"",IF(parametros!$A$3="Sim",1+parametros!$E$3,1)*IF(parametros!$A$4="Sim",1+parametros!$E$4,1)*IF(parametros!$A$5="Sim",1+parametros!$E$5,1)*(1+parametros!$E$6))),"")))))) | E33: =IF(OR(C33="",NOT(ISNUMBER(D33))),"",ROUND(C33*D33,2)) | F33: =IF(OR(C33="",E33=""),"",IF(G33<>"Sim",0,ROUND(E33-C33,2)))
B34: =IF(A34="","",IF(OR(A34<MIN(parametros!$C$2:$C$6),A34>MAX(parametros!$D$2:$D$6)),"Fora dos ciclos",LOWER(LOOKUP(A34,parametros!$C$2:$C$6,parametros!$B$2:$B$6)))) | D34: =IF(B34="","",IF(B34="c0",1,IF(B34="c1",IF(parametros!$A$3<>"Sim","",IF(NOT(ISNUMBER(parametros!$E$3)),"",1+parametros!$E$3)),IF(B34="c2",IF(parametros!$A$4<>"Sim","",IF(NOT(ISNUMBER(parametros!$E$4)),"",IF(parametros!$A$3="Sim",1+parametros!$E$3,1)*(1+parametros!$E$4))),IF(B34="c3",IF(parametros!$A$5<>"Sim","",IF(NOT(ISNUMBER(parametros!$E$5)),"",IF(parametros!$A$3="Sim",1+parametros!$E$3,1)*IF(parametros!$A$4="Sim",1+parametros!$E$4,1)*(1+parametros!$E$5))),IF(B34="c4",IF(parametros!$A$6<>"Sim","",IF(NOT(ISNUMBER(parametros!$E$6)),"",IF(parametros!$A$3="Sim",1+parametros!$E$3,1)*IF(parametros!$A$4="Sim",1+parametros!$E$4,1)*IF(parametros!$A$5="Sim",1+parametros!$E$5,1)*(1+parametros!$E$6))),"")))))) | E34: =IF(OR(C34="",NOT(ISNUMBER(D34))),"",ROUND(C34*D34,2)) | F34: =IF(OR(C34="",E34=""),"",IF(G34<>"Sim",0,ROUND(E34-C34,2)))
B35: =IF(A35="","",IF(OR(A35<MIN(parametros!$C$2:$C$6),A35>MAX(parametros!$D$2:$D$6)),"Fora dos ciclos",LOWER(LOOKUP(A35,parametros!$C$2:$C$6,parametros!$B$2:$B$6)))) | D35: =IF(B35="","",IF(B35="c0",1,IF(B35="c1",IF(parametros!$A$3<>"Sim","",IF(NOT(ISNUMBER(parametros!$E$3)),"",1+parametros!$E$3)),IF(B35="c2",IF(parametros!$A$4<>"Sim","",IF(NOT(ISNUMBER(parametros!$E$4)),"",IF(parametros!$A$3="Sim",1+parametros!$E$3,1)*(1+parametros!$E$4))),IF(B35="c3",IF(parametros!$A$5<>"Sim","",IF(NOT(ISNUMBER(parametros!$E$5)),"",IF(parametros!$A$3="Sim",1+parametros!$E$3,1)*IF(parametros!$A$4="Sim",1+parametros!$E$4,1)*(1+parametros!$E$5))),IF(B35="c4",IF(parametros!$A$6<>"Sim","",IF(NOT(ISNUMBER(parametros!$E$6)),"",IF(parametros!$A$3="Sim",1+parametros!$E$3,1)*IF(parametros!$A$4="Sim",1+parametros!$E$4,1)*IF(parametros!$A$5="Sim",1+parametros!$E$5,1)*(1+parametros!$E$6))),"")))))) | E35: =IF(OR(C35="",NOT(ISNUMBER(D35))),"",ROUND(C35*D35,2)) | F35: =IF(OR(C35="",E35=""),"",IF(G35<>"Sim",0,ROUND(E35-C35,2)))
B36: =IF(A36="","",IF(OR(A36<MIN(parametros!$C$2:$C$6),A36>MAX(parametros!$D$2:$D$6)),"Fora dos ciclos",LOWER(LOOKUP(A36,parametros!$C$2:$C$6,parametros!$B$2:$B$6)))) | D36: =IF(B36="","",IF(B36="c0",1,IF(B36="c1",IF(parametros!$A$3<>"Sim","",IF(NOT(ISNUMBER(parametros!$E$3)),"",1+parametros!$E$3)),IF(B36="c2",IF(parametros!$A$4<>"Sim","",IF(NOT(ISNUMBER(parametros!$E$4)),"",IF(parametros!$A$3="Sim",1+parametros!$E$3,1)*(1+parametros!$E$4))),IF(B36="c3",IF(parametros!$A$5<>"Sim","",IF(NOT(ISNUMBER(parametros!$E$5)),"",IF(parametros!$A$3="Sim",1+parametros!$E$3,1)*IF(parametros!$A$4="Sim",1+parametros!$E$4,1)*(1+parametros!$E$5))),IF(B36="c4",IF(parametros!$A$6<>"Sim","",IF(NOT(ISNUMBER(parametros!$E$6)),"",IF(parametros!$A$3="Sim",1+parametros!$E$3,1)*IF(parametros!$A$4="Sim",1+parametros!$E$4,1)*IF(parametros!$A$5="Sim",1+parametros!$E$5,1)*(1+parametros!$E$6))),"")))))) | E36: =IF(OR(C36="",NOT(ISNUMBER(D36))),"",ROUND(C36*D36,2)) | F36: =IF(OR(C36="",E36=""),"",IF(G36<>"Sim",0,ROUND(E36-C36,2)))
B37: =IF(A37="","",IF(OR(A37<MIN(parametros!$C$2:$C$6),A37>MAX(parametros!$D$2:$D$6)),"Fora dos ciclos",LOWER(LOOKUP(A37,parametros!$C$2:$C$6,parametros!$B$2:$B$6)))) | D37: =IF(B37="","",IF(B37="c0",1,IF(B37="c1",IF(parametros!$A$3<>"Sim","",IF(NOT(ISNUMBER(parametros!$E$3)),"",1+parametros!$E$3)),IF(B37="c2",IF(parametros!$A$4<>"Sim","",IF(NOT(ISNUMBER(parametros!$E$4)),"",IF(parametros!$A$3="Sim",1+parametros!$E$3,1)*(1+parametros!$E$4))),IF(B37="c3",IF(parametros!$A$5<>"Sim","",IF(NOT(ISNUMBER(parametros!$E$5)),"",IF(parametros!$A$3="Sim",1+parametros!$E$3,1)*IF(parametros!$A$4="Sim",1+parametros!$E$4,1)*(1+parametros!$E$5))),IF(B37="c4",IF(parametros!$A$6<>"Sim","",IF(NOT(ISNUMBER(parametros!$E$6)),"",IF(parametros!$A$3="Sim",1+parametros!$E$3,1)*IF(parametros!$A$4="Sim",1+parametros!$E$4,1)*IF(parametros!$A$5="Sim",1+parametros!$E$5,1)*(1+parametros!$E$6))),"")))))) | E37: =IF(OR(C37="",NOT(ISNUMBER(D37))),"",ROUND(C37*D37,2)) | F37: =IF(OR(C37="",E37=""),"",IF(G37<>"Sim",0,ROUND(E37-C37,2)))
... B73: =IF(A73="","",IF(OR(A73<MIN(parametros!$C$2:$C$6),A73>MAX(parametros!$D$2:$D$6)),"Fora dos ciclos",LOWER(LOOKUP(A73,parametros!$C$2:$C$6,parametros!$B$2:$B$6)))) | D73: =IF(B73="","",IF(B73="c0",1,IF(B73="c1",IF(parametros!$A$3<>"Sim","",IF(NOT(ISNUMBER(parametros!$E$3)),"",1+parametros!$E$3)),IF(B73="c2",IF(parametros!$A$4<>"Sim","",IF(NOT(ISNUMBER(parametros!$E$4)),"",IF(parametros!$A$3="Sim",1+parametros!$E$3,1)*(1+parametros!$E$4))),IF(B73="c3",IF(parametros!$A$5<>"Sim","",IF(NOT(ISNUMBER(parametros!$E$5)),"",IF(parametros!$A$3="Sim",1+parametros!$E$3,1)*IF(parametros!$A$4="Sim",1+parametros!$E$4,1)*(1+parametros!$E$5))),IF(B73="c4",IF(parametros!$A$6<>"Sim","",IF(NOT(ISNUMBER(parametros!$E$6)),"",IF(parametros!$A$3="Sim",1+parametros!$E$3,1)*IF(parametros!$A$4="Sim",1+parametros!$E$4,1)*IF(parametros!$A$5="Sim",1+parametros!$E$5,1)*(1+parametros!$E$6))),"")))))) | E73: =IF(OR(C73="",NOT(ISNUMBER(D73))),"",ROUND(C73*D73,2)) | F73: =IF(OR(C73="",E73=""),"",IF(G73<>"Sim",0,ROUND(E73-C73,2)))

Sheet itens_Remanesc
A1: ITEM | B1: QTD_BASE_ORIGINAL (0 PARA NOVO ITEM FORMALIZADO) | C1: VU_ORIGINAL | D1: VALOR_TOTAL | E1: =IF(parametros!$C$3="","QTD_REM_BASE_C1","QTD_REM_BASE_C1"&CHAR(10)&"Inicio: "&RIGHT("0"&DAY(parametros!$C$3),2)&"/"&RIGHT("0"&MONTH(parametros!$C$3),2)&"/"&YEAR(parametros!$C$3)) -> QTD_REM_BASE_C1 Inicio: 01/01/2024 | F1: =IF(parametros!$C$3="","VALOR_REM_INICIO_C1","VALOR_REM_INICIO_C1"&CHAR(10)&"Inicio: "&RIGHT("0"&DAY(parametros!$C$3),2)&"/"&RIGHT("0"&MONTH(parametros!$C$3),2)&"/"&YEAR(parametros!$C$3)) -> VALOR_REM_INICIO_C1 Inicio: 01/01/2024 | G1: =IF(parametros!$C$4="","QTD_REM_BASE_C2","QTD_REM_BASE_C2"&CHAR(10)&"Inicio: "&RIGHT("0"&DAY(parametros!$C$4),2)&"/"&RIGHT("0"&MONTH(parametros!$C$4),2)&"/"&YEAR(parametros!$C$4)) -> QTD_REM_BASE_C2 Inicio: 01/01/2025 | H1: =IF(parametros!$C$4="","VALOR_REM_INICIO_C2","VALOR_REM_INICIO_C2"&CHAR(10)&"Inicio: "&RIGHT("0"&DAY(parametros!$C$4),2)&"/"&RIGHT("0"&MONTH(parametros!$C$4),2)&"/"&YEAR(parametros!$C$4)) -> VALOR_REM_INICIO_C2 Inicio: 01/01/2025 | I1: =IF(parametros!$C$5="","QTD_REM_BASE_C3","QTD_REM_BASE_C3"&CHAR(10)&"Inicio: "&RIGHT("0"&DAY(parametros!$C$5),2)&"/"&RIGHT("0"&MONTH(parametros!$C$5),2)&"/"&YEAR(parametros!$C$5)) -> QTD_REM_BASE_C3 Inicio: 01/01/2026 | J1: =IF(parametros!$C$5="","VALOR_REM_INICIO_C3","VALOR_REM_INICIO_C3"&CHAR(10)&"Inicio: "&RIGHT("0"&DAY(parametros!$C$5),2)&"/"&RIGHT("0"&MONTH(parametros!$C$5),2)&"/"&YEAR(parametros!$C$5)) -> VALOR_REM_INICIO_C3 Inicio: 01/01/2026 | K1: =IF(parametros!$C$6="","QTD_REM_BASE_C4","QTD_REM_BASE_C4"&CHAR(10)&"Inicio: "&RIGHT("0"&DAY(parametros!$C$6),2)&"/"&RIGHT("0"&MONTH(parametros!$C$6),2)&"/"&YEAR(parametros!$C$6)) -> QTD_REM_BASE_C4 Inicio: 01/01/2027 | L1: =IF(parametros!$C$6="","VALOR_REM_INICIO_C4","VALOR_REM_INICIO_C4"&CHAR(10)&"Inicio: "&RIGHT("0"&DAY(parametros!$C$6),2)&"/"&RIGHT("0"&MONTH(parametros!$C$6),2)&"/"&YEAR(parametros!$C$6)) -> VALOR_REM_INICIO_C4 Inicio: 01/01/2027 | M1: =IF(parametros!$C$3="","QTD_EXECUTADA_C1","QTD_EXECUTADA_C1"&CHAR(10)&"Inicio: "&RIGHT("0"&DAY(parametros!$C$3),2)&"/"&RIGHT("0"&MONTH(parametros!$C$3),2)&"/"&YEAR(parametros!$C$3)) -> QTD_EXECUTADA_C1 Inicio: 01/01/2024 | N1: =IF(parametros!$C$3="","VALOR_EXECUTADO_C1","VALOR_EXECUTADO_C1"&CHAR(10)&"Inicio: "&RIGHT("0"&DAY(parametros!$C$3),2)&"/"&RIGHT("0"&MONTH(parametros!$C$3),2)&"/"&YEAR(parametros!$C$3)) -> VALOR_EXECUTADO_C1 Inicio: 01/01/2024 | O1: =IF(parametros!$C$4="","QTD_EXECUTADA_C2","QTD_EXECUTADA_C2"&CHAR(10)&"Inicio: "&RIGHT("0"&DAY(parametros!$C$4),2)&"/"&RIGHT("0"&MONTH(parametros!$C$4),2)&"/"&YEAR(parametros!$C$4)) -> QTD_EXECUTADA_C2 Inicio: 01/01/2025 | P1: =IF(parametros!$C$4="","VALOR_EXECUTADO_C2","VALOR_EXECUTADO_C2"&CHAR(10)&"Inicio: "&RIGHT("0"&DAY(parametros!$C$4),2)&"/"&RIGHT("0"&MONTH(parametros!$C$4),2)&"/"&YEAR(parametros!$C$4)) -> VALOR_EXECUTADO_C2 Inicio: 01/01/2025 | Q1: =IF(parametros!$C$5="","QTD_EXECUTADA_C3","QTD_EXECUTADA_C3"&CHAR(10)&"Inicio: "&RIGHT("0"&DAY(parametros!$C$5),2)&"/"&RIGHT("0"&MONTH(parametros!$C$5),2)&"/"&YEAR(parametros!$C$5)) -> QTD_EXECUTADA_C3 Inicio: 01/01/2026 | R1: =IF(parametros!$C$5="","VALOR_EXECUTADO_C3","VALOR_EXECUTADO_C3"&CHAR(10)&"Inicio: "&RIGHT("0"&DAY(parametros!$C$5),2)&"/"&RIGHT("0"&MONTH(parametros!$C$5),2)&"/"&YEAR(parametros!$C$5)) -> VALOR_EXECUTADO_C3 Inicio: 01/01/2026 | S1: =IF(parametros!$C$6="","QTD_EXECUTADA_C4","QTD_EXECUTADA_C4"&CHAR(10)&"Inicio: "&RIGHT("0"&DAY(parametros!$C$6),2)&"/"&RIGHT("0"&MONTH(parametros!$C$6),2)&"/"&YEAR(parametros!$C$6)) -> QTD_EXECUTADA_C4 Inicio: 01/01/2027 | T1: =IF(parametros!$C$6="","VALOR_EXECUTADO_C4","VALOR_EXECUTADO_C4"&CHAR(10)&"Inicio: "&RIGHT("0"&DAY(parametros!$C$6),2)&"/"&RIGHT("0"&MONTH(parametros!$C$6),2)&"/"&YEAR(parametros!$C$6)) -> VALOR_EXECUTADO_C4 Inicio: 01/01/2027 | U1: CHECK | V1: CHECK_QTD | W1: CICLO | X1: COMPUTAR_NESTA_APURACAO | Y1: FATOR_PROPRIO | Z1: FATOR_ACUMULADO | AA1: EXECUÇÃO IMPLÍCITA C0 — INFORMATIVO | AB1: QTD_EXECUTADA_C0 | AC1: VALOR_EXECUTADO_C0 | AD1: QTD_CONTRATADA_VIGENTE_C0 | AE1: QTD_CONTRATADA_VIGENTE_C1 | AF1: QTD_CONTRATADA_VIGENTE_C2 | AG1: QTD_CONTRATADA_VIGENTE_C3 | AH1: QTD_CONTRATADA_VIGENTE_C4 | AI1: QTD_REM_AJUSTADA_C0 | AJ1: QTD_REM_AJUSTADA_C1 | AK1: QTD_REM_AJUSTADA_C2 | AL1: QTD_REM_AJUSTADA_C3 | AM1: QTD_REM_AJUSTADA_C4 | AN1: CHECK_POSICAO_CONTRATUAL
A2: ITEM-001 | B2: 120 | C2: 250 | D2: =IF(FALSE,ROUND(SUMIF($A1:A$2,"<>",$D1:D$2),2),IF(OR(A2="",B2="",C2=""),"",ROUND(B2*C2,2))) -> 30000 | E2: 120 | F2: =IF(FALSE,ROUND(SUMIF($A1:A$2,"<>",$F1:F$2),2),IF(OR(A2="",posicao_contratual!K2="",C2="",NOT(ISNUMBER($Z$3))),"",ROUND(posicao_contratual!K2*C2*$Z$3,2))) -> 31536 | G2: 120 | H2: =IF(FALSE,ROUND(SUMIF($A1:A$2,"<>",$H1:H$2),2),IF(OR(A2="",posicao_contratual!O2="",C2="",NOT(ISNUMBER($Z$4))),"",ROUND(posicao_contratual!O2*C2*$Z$4,2))) -> 32715.45 | I2: 120 | J2: =IF(FALSE,ROUND(SUMIF($A1:A$2,"<>",$J1:J$2),2),IF(OR(A2="",posicao_contratual!S2="",C2="",NOT(ISNUMBER($Z$5))),"",ROUND(posicao_contratual!S2*C2*$Z$5,2))) -> 33660.92 | K2: 120 | L2: =IF(FALSE,ROUND(SUMIF($A1:A$2,"<>",$L1:L$2),2),IF(OR(A2="",posicao_contratual!W2="",C2="",NOT(ISNUMBER($Z$6))),"",ROUND(posicao_contratual!W2*C2*$Z$6,2))) | M2: 120 | N2: =IF(FALSE,ROUND(SUMIF($A1:A$2,"<>",$N1:N$2),2),IF(OR(M2="",C2="",NOT(ISNUMBER($Z$3))),"",ROUND(M2*C2*$Z$3,2))) -> 31536 | O2: =IF(OR(posicao_contratual!N2="",posicao_contratual!R2=""),"",ROUND(MAX(posicao_contratual!N2+posicao_contratual!L2-posicao_contratual!R2,0),2)) -> 0 | P2: =IF(FALSE,ROUND(SUMIF($A1:A$2,"<>",$P1:P$2),2),IF(OR(O2="",C2="",NOT(ISNUMBER($Z$4))),"",ROUND(O2*C2*$Z$4,2))) -> 0 | Q2: =IF(OR(posicao_contratual!R2="",posicao_contratual!V2=""),"",ROUND(MAX(posicao_contratual!R2+posicao_contratual!P2-posicao_contratual!V2,0),2)) -> 0 | R2: =IF(FALSE,ROUND(SUMIF($A1:A$2,"<>",$R1:R$2),2),IF(OR(Q2="",C2="",NOT(ISNUMBER($Z$5))),"",ROUND(Q2*C2*$Z$5,2))) -> 0 | U2: =IF(A2="","",posicao_contratual!X2) -> OK | V2: =IF(A2="","",posicao_contratual!X2) -> OK | W2: C0 | X2: =parametros!$A$2 -> Nao | Y2: =IF(ISNUMBER(parametros!$E$2),parametros!$E$2,"") -> 0 | Z2: =IF(ISNUMBER(parametros!$F$2),parametros!$F$2,"") -> 1 | AB2: =IF(OR(A2="",posicao_contratual!E2="",posicao_contratual!J2=""),"",ROUND(MAX(posicao_contratual!E2-posicao_contratual!J2,0),2)) -> 0 | AC2: =IF(FALSE,ROUND(SUMIF($A1:A$2,"<>",$AC1:AC$2),2),IF(OR(AB2="",C2="",NOT(ISNUMBER($Z$2))),"",ROUND(AB2*C2*$Z$2,2))) -> 0 | AD2: =IF(A2="","",posicao_contratual!E2) -> 120 | AE2: =IF(A2="","",posicao_contratual!I2) -> 130 | AF2: =IF(A2="","",posicao_contratual!M2) -> 130 | AG2: =IF(A2="","",posicao_contratual!Q2) -> 130 | AH2: =IF(A2="","",posicao_contratual!U2) -> 130 | AI2: =IF(A2="","",posicao_contratual!G2) -> 120 | AJ2: =IF(A2="","",posicao_contratual!K2) -> 120 | AK2: =IF(A2="","",posicao_contratual!O2) -> 120 | AL2: =IF(A2="","",posicao_contratual!S2) -> 120 | AM2: =IF(A2="","",posicao_contratual!W2) -> 120 | AN2: =IF(A2="","",posicao_contratual!X2) -> OK
A3: ITEM-002 | B3: 80 | C3: 1500 | D3: =IF(AND(A3="",A2<>"",COUNTIF(A4:$A$200,"<>")=0),ROUND(SUMIF($A$2:A2,"<>",$D$2:D2),2),IF(OR(A3="",B3="",C3=""),"",ROUND(B3*C3,2))) -> 120000 | E3: 80 | F3: =IF(AND(A3="",A2<>"",COUNTIF(A4:$A$200,"<>")=0),ROUND(SUMIF($A$2:A2,"<>",$F$2:F2),2),IF(OR(A3="",posicao_contratual!K3="",C3="",NOT(ISNUMBER($Z$3))),"",ROUND(posicao_contratual!K3*C3*$Z$3,2))) -> 126144 | G3: 80 | H3: =IF(AND(A3="",A2<>"",COUNTIF(A4:$A$200,"<>")=0),ROUND(SUMIF($A$2:A2,"<>",$H$2:H2),2),IF(OR(A3="",posicao_contratual!O3="",C3="",NOT(ISNUMBER($Z$4))),"",ROUND(posicao_contratual!O3*C3*$Z$4,2))) -> 130861.79 | I3: 80 | J3: =IF(AND(A3="",A2<>"",COUNTIF(A4:$A$200,"<>")=0),ROUND(SUMIF($A$2:A2,"<>",$J$2:J2),2),IF(OR(A3="",posicao_contratual!S3="",C3="",NOT(ISNUMBER($Z$5))),"",ROUND(posicao_contratual!S3*C3*$Z$5,2))) -> 134643.69 | K3: 80 | L3: =IF(AND(A3="",A2<>"",COUNTIF(A4:$A$200,"<>")=0),ROUND(SUMIF($A$2:A2,"<>",$L$2:L2),2),IF(OR(A3="",posicao_contratual!W3="",C3="",NOT(ISNUMBER($Z$6))),"",ROUND(posicao_contratual!W3*C3*$Z$6,2))) | M3: 80 | N3: =IF(AND(A3="",A2<>"",COUNTIF(A4:$A$200,"<>")=0),ROUND(SUMIF($A$2:A2,"<>",$N$2:N2),2),IF(OR(M3="",C3="",NOT(ISNUMBER($Z$3))),"",ROUND(M3*C3*$Z$3,2))) -> 126144 | O3: =IF(OR(posicao_contratual!N3="",posicao_contratual!R3=""),"",ROUND(MAX(posicao_contratual!N3+posicao_contratual!L3-posicao_contratual!R3,0),2)) -> 0 | P3: =IF(AND(A3="",A2<>"",COUNTIF(A4:$A$200,"<>")=0),ROUND(SUMIF($A$2:A2,"<>",$P$2:P2),2),IF(OR(O3="",C3="",NOT(ISNUMBER($Z$4))),"",ROUND(O3*C3*$Z$4,2))) -> 0 | Q3: =IF(OR(posicao_contratual!R3="",posicao_contratual!V3=""),"",ROUND(MAX(posicao_contratual!R3+posicao_contratual!P3-posicao_contratual!V3,0),2)) -> 0 | R3: =IF(AND(A3="",A2<>"",COUNTIF(A4:$A$200,"<>")=0),ROUND(SUMIF($A$2:A2,"<>",$R$2:R2),2),IF(OR(Q3="",C3="",NOT(ISNUMBER($Z$5))),"",ROUND(Q3*C3*$Z$5,2))) -> 0 | U3: =IF(AND(A3="",A2<>"",COUNTIF(A4:$A$200,"<>")=0),"TOTAL",IF(A3="","",posicao_contratual!X3)) -> OK | V3: =IF(A3="","",posicao_contratual!X3) -> OK | W3: C1 | X3: =parametros!$A$3 -> Sim | Y3: =IF(ISNUMBER(parametros!$E$3),parametros!$E$3,"") -> 0.0512 | Z3: =IF(ISNUMBER(parametros!$F$3),parametros!$F$3,"") -> 1.0512 | AB3: =IF(OR(A3="",posicao_contratual!E3="",posicao_contratual!J3=""),"",ROUND(MAX(posicao_contratual!E3-posicao_contratual!J3,0),2)) -> 0 | AC3: =IF(AND(A3="",A2<>"",COUNTIF(A4:$A$200,"<>")=0),ROUND(SUMIF($A$2:A2,"<>",$AC$2:AC2),2),IF(OR(AB3="",C3="",NOT(ISNUMBER($Z$2))),"",ROUND(AB3*C3*$Z$2,2))) -> 0 | AD3: =IF(A3="","",posicao_contratual!E3) -> 80 | AE3: =IF(A3="","",posicao_contratual!I3) -> 80 | AF3: =IF(A3="","",posicao_contratual!M3) -> 80 | AG3: =IF(A3="","",posicao_contratual!Q3) -> 80 | AH3: =IF(A3="","",posicao_contratual!U3) -> 80 | AI3: =IF(A3="","",posicao_contratual!G3) -> 80 | AJ3: =IF(A3="","",posicao_contratual!K3) -> 80 | AK3: =IF(A3="","",posicao_contratual!O3) -> 80 | AL3: =IF(A3="","",posicao_contratual!S3) -> 80 | AM3: =IF(A3="","",posicao_contratual!W3) -> 80 | AN3: =IF(A3="","",posicao_contratual!X3) -> OK
A4: ITEM-003 | B4: 40 | C4: 3200 | D4: =IF(AND(A4="",A3<>"",COUNTIF(A5:$A$200,"<>")=0),ROUND(SUMIF($A$2:A3,"<>",$D$2:D3),2),IF(OR(A4="",B4="",C4=""),"",ROUND(B4*C4,2))) -> 128000 | E4: 40 | F4: =IF(AND(A4="",A3<>"",COUNTIF(A5:$A$200,"<>")=0),ROUND(SUMIF($A$2:A3,"<>",$F$2:F3),2),IF(OR(A4="",posicao_contratual!K4="",C4="",NOT(ISNUMBER($Z$3))),"",ROUND(posicao_contratual!K4*C4*$Z$3,2))) -> 134553.6 | G4: 40 | H4: =IF(AND(A4="",A3<>"",COUNTIF(A5:$A$200,"<>")=0),ROUND(SUMIF($A$2:A3,"<>",$H$2:H3),2),IF(OR(A4="",posicao_contratual!O4="",C4="",NOT(ISNUMBER($Z$4))),"",ROUND(posicao_contratual!O4*C4*$Z$4,2))) -> 139585.9 | I4: 40 | J4: =IF(AND(A4="",A3<>"",COUNTIF(A5:$A$200,"<>")=0),ROUND(SUMIF($A$2:A3,"<>",$J$2:J3),2),IF(OR(A4="",posicao_contratual!S4="",C4="",NOT(ISNUMBER($Z$5))),"",ROUND(posicao_contratual!S4*C4*$Z$5,2))) -> 143619.94 | K4: 40 | L4: =IF(AND(A4="",A3<>"",COUNTIF(A5:$A$200,"<>")=0),ROUND(SUMIF($A$2:A3,"<>",$L$2:L3),2),IF(OR(A4="",posicao_contratual!W4="",C4="",NOT(ISNUMBER($Z$6))),"",ROUND(posicao_contratual!W4*C4*$Z$6,2))) | M4: 40 | N4: =IF(AND(A4="",A3<>"",COUNTIF(A5:$A$200,"<>")=0),ROUND(SUMIF($A$2:A3,"<>",$N$2:N3),2),IF(OR(M4="",C4="",NOT(ISNUMBER($Z$3))),"",ROUND(M4*C4*$Z$3,2))) -> 134553.6 | O4: =IF(OR(posicao_contratual!N4="",posicao_contratual!R4=""),"",ROUND(MAX(posicao_contratual!N4+posicao_contratual!L4-posicao_contratual!R4,0),2)) -> 0 | P4: =IF(AND(A4="",A3<>"",COUNTIF(A5:$A$200,"<>")=0),ROUND(SUMIF($A$2:A3,"<>",$P$2:P3),2),IF(OR(O4="",C4="",NOT(ISNUMBER($Z$4))),"",ROUND(O4*C4*$Z$4,2))) -> 0 | Q4: =IF(OR(posicao_contratual!R4="",posicao_contratual!V4=""),"",ROUND(MAX(posicao_contratual!R4+posicao_contratual!P4-posicao_contratual!V4,0),2)) -> 0 | R4: =IF(AND(A4="",A3<>"",COUNTIF(A5:$A$200,"<>")=0),ROUND(SUMIF($A$2:A3,"<>",$R$2:R3),2),IF(OR(Q4="",C4="",NOT(ISNUMBER($Z$5))),"",ROUND(Q4*C4*$Z$5,2))) -> 0 | U4: =IF(AND(A4="",A3<>"",COUNTIF(A5:$A$200,"<>")=0),"TOTAL",IF(A4="","",posicao_contratual!X4)) -> OK | V4: =IF(A4="","",posicao_contratual!X4) -> OK | W4: C2 | X4: =parametros!$A$4 -> Nao | Y4: =IF(ISNUMBER(parametros!$E$4),parametros!$E$4,"") -> 0.0374 | Z4: =IF(ISNUMBER(parametros!$F$4),parametros!$F$4,"") -> 1.0905149 | AB4: =IF(OR(A4="",posicao_contratual!E4="",posicao_contratual!J4=""),"",ROUND(MAX(posicao_contratual!E4-posicao_contratual!J4,0),2)) -> 0 | AC4: =IF(AND(A4="",A3<>"",COUNTIF(A5:$A$200,"<>")=0),ROUND(SUMIF($A$2:A3,"<>",$AC$2:AC3),2),IF(OR(AB4="",C4="",NOT(ISNUMBER($Z$2))),"",ROUND(AB4*C4*$Z$2,2))) -> 0 | AD4: =IF(A4="","",posicao_contratual!E4) -> 40 | AE4: =IF(A4="","",posicao_contratual!I4) -> 40 | AF4: =IF(A4="","",posicao_contratual!M4) -> 40 | AG4: =IF(A4="","",posicao_contratual!Q4) -> 40 | AH4: =IF(A4="","",posicao_contratual!U4) -> 40 | AI4: =IF(A4="","",posicao_contratual!G4) -> 40 | AJ4: =IF(A4="","",posicao_contratual!K4) -> 40 | AK4: =IF(A4="","",posicao_contratual!O4) -> 40 | AL4: =IF(A4="","",posicao_contratual!S4) -> 40 | AM4: =IF(A4="","",posicao_contratual!W4) -> 40 | AN4: =IF(A4="","",posicao_contratual!X4) -> OK
D5: =IF(AND(A5="",A4<>"",COUNTIF(A6:$A$200,"<>")=0),ROUND(SUMIF($A$2:A4,"<>",$D$2:D4),2),IF(OR(A5="",B5="",C5=""),"",ROUND(B5*C5,2))) -> 278000 | F5: =IF(AND(A5="",A4<>"",COUNTIF(A6:$A$200,"<>")=0),ROUND(SUMIF($A$2:A4,"<>",$F$2:F4),2),IF(OR(A5="",posicao_contratual!K5="",C5="",NOT(ISNUMBER($Z$3))),"",ROUND(posicao_contratual!K5*C5*$Z$3,2))) -> 292233.6 | H5: =IF(AND(A5="",A4<>"",COUNTIF(A6:$A$200,"<>")=0),ROUND(SUMIF($A$2:A4,"<>",$H$2:H4),2),IF(OR(A5="",posicao_contratual!O5="",C5="",NOT(ISNUMBER($Z$4))),"",ROUND(posicao_contratual!O5*C5*$Z$4,2))) -> 303163.14 | J5: =IF(AND(A5="",A4<>"",COUNTIF(A6:$A$200,"<>")=0),ROUND(SUMIF($A$2:A4,"<>",$J$2:J4),2),IF(OR(A5="",posicao_contratual!S5="",C5="",NOT(ISNUMBER($Z$5))),"",ROUND(posicao_contratual!S5*C5*$Z$5,2))) -> 311924.55 | L5: =IF(AND(A5="",A4<>"",COUNTIF(A6:$A$200,"<>")=0),ROUND(SUMIF($A$2:A4,"<>",$L$2:L4),2),IF(OR(A5="",posicao_contratual!W5="",C5="",NOT(ISNUMBER($Z$6))),"",ROUND(posicao_contratual!W5*C5*$Z$6,2))) -> 0 | M5: =IF(OR(posicao_contratual!J5="",posicao_contratual!N5=""),"",ROUND(MAX(posicao_contratual!J5+posicao_contratual!H5-posicao_contratual!N5,0),2)) | N5: =IF(AND(A5="",A4<>"",COUNTIF(A6:$A$200,"<>")=0),ROUND(SUMIF($A$2:A4,"<>",$N$2:N4),2),IF(OR(M5="",C5="",NOT(ISNUMBER($Z$3))),"",ROUND(M5*C5*$Z$3,2))) -> 292233.6 | O5: =IF(OR(posicao_contratual!N5="",posicao_contratual!R5=""),"",ROUND(MAX(posicao_contratual!N5+posicao_contratual!L5-posicao_contratual!R5,0),2)) | P5: =IF(AND(A5="",A4<>"",COUNTIF(A6:$A$200,"<>")=0),ROUND(SUMIF($A$2:A4,"<>",$P$2:P4),2),IF(OR(O5="",C5="",NOT(ISNUMBER($Z$4))),"",ROUND(O5*C5*$Z$4,2))) -> 0 | Q5: =IF(OR(posicao_contratual!R5="",posicao_contratual!V5=""),"",ROUND(MAX(posicao_contratual!R5+posicao_contratual!P5-posicao_contratual!V5,0),2)) | R5: =IF(AND(A5="",A4<>"",COUNTIF(A6:$A$200,"<>")=0),ROUND(SUMIF($A$2:A4,"<>",$R$2:R4),2),IF(OR(Q5="",C5="",NOT(ISNUMBER($Z$5))),"",ROUND(Q5*C5*$Z$5,2))) -> 0 | U5: =IF(AND(A5="",A4<>"",COUNTIF(A6:$A$200,"<>")=0),"TOTAL",IF(A5="","",posicao_contratual!X5)) -> TOTAL | V5: =IF(A5="","",posicao_contratual!X5) | W5: C3 | X5: =parametros!$A$5 -> Nao | Y5: =IF(ISNUMBER(parametros!$E$5),parametros!$E$5,"") -> 0.0289 | Z5: =IF(ISNUMBER(parametros!$F$5),parametros!$F$5,"") -> 1.1220308 | AB5: =IF(OR(A5="",posicao_contratual!E5="",posicao_contratual!J5=""),"",ROUND(MAX(posicao_contratual!E5-posicao_contratual!J5,0),2)) | AC5: =IF(AND(A5="",A4<>"",COUNTIF(A6:$A$200,"<>")=0),ROUND(SUMIF($A$2:A4,"<>",$AC$2:AC4),2),IF(OR(AB5="",C5="",NOT(ISNUMBER($Z$2))),"",ROUND(AB5*C5*$Z$2,2))) -> 0 | AD5: =IF(A5="","",posicao_contratual!E5) | AE5: =IF(A5="","",posicao_contratual!I5) | AF5: =IF(A5="","",posicao_contratual!M5) | AG5: =IF(A5="","",posicao_contratual!Q5) | AH5: =IF(A5="","",posicao_contratual!U5) | AI5: =IF(A5="","",posicao_contratual!G5) | AJ5: =IF(A5="","",posicao_contratual!K5) | AK5: =IF(A5="","",posicao_contratual!O5) | AL5: =IF(A5="","",posicao_contratual!S5) | AM5: =IF(A5="","",posicao_contratual!W5) | AN5: =IF(A5="","",posicao_contratual!X5)
D6: =IF(AND(A6="",A5<>"",COUNTIF(A7:$A$200,"<>")=0),ROUND(SUMIF($A$2:A5,"<>",$D$2:D5),2),IF(OR(A6="",B6="",C6=""),"",ROUND(B6*C6,2))) | F6: =IF(AND(A6="",A5<>"",COUNTIF(A7:$A$200,"<>")=0),ROUND(SUMIF($A$2:A5,"<>",$F$2:F5),2),IF(OR(A6="",posicao_contratual!K6="",C6="",NOT(ISNUMBER($Z$3))),"",ROUND(posicao_contratual!K6*C6*$Z$3,2))) | H6: =IF(AND(A6="",A5<>"",COUNTIF(A7:$A$200,"<>")=0),ROUND(SUMIF($A$2:A5,"<>",$H$2:H5),2),IF(OR(A6="",posicao_contratual!O6="",C6="",NOT(ISNUMBER($Z$4))),"",ROUND(posicao_contratual!O6*C6*$Z$4,2))) | J6: =IF(AND(A6="",A5<>"",COUNTIF(A7:$A$200,"<>")=0),ROUND(SUMIF($A$2:A5,"<>",$J$2:J5),2),IF(OR(A6="",posicao_contratual!S6="",C6="",NOT(ISNUMBER($Z$5))),"",ROUND(posicao_contratual!S6*C6*$Z$5,2))) | L6: =IF(AND(A6="",A5<>"",COUNTIF(A7:$A$200,"<>")=0),ROUND(SUMIF($A$2:A5,"<>",$L$2:L5),2),IF(OR(A6="",posicao_contratual!W6="",C6="",NOT(ISNUMBER($Z$6))),"",ROUND(posicao_contratual!W6*C6*$Z$6,2))) | M6: =IF(OR(posicao_contratual!J6="",posicao_contratual!N6=""),"",ROUND(MAX(posicao_contratual!J6+posicao_contratual!H6-posicao_contratual!N6,0),2)) | N6: =IF(AND(A6="",A5<>"",COUNTIF(A7:$A$200,"<>")=0),ROUND(SUMIF($A$2:A5,"<>",$N$2:N5),2),IF(OR(M6="",C6="",NOT(ISNUMBER($Z$3))),"",ROUND(M6*C6*$Z$3,2))) | O6: =IF(OR(posicao_contratual!N6="",posicao_contratual!R6=""),"",ROUND(MAX(posicao_contratual!N6+posicao_contratual!L6-posicao_contratual!R6,0),2)) | P6: =IF(AND(A6="",A5<>"",COUNTIF(A7:$A$200,"<>")=0),ROUND(SUMIF($A$2:A5,"<>",$P$2:P5),2),IF(OR(O6="",C6="",NOT(ISNUMBER($Z$4))),"",ROUND(O6*C6*$Z$4,2))) | Q6: =IF(OR(posicao_contratual!R6="",posicao_contratual!V6=""),"",ROUND(MAX(posicao_contratual!R6+posicao_contratual!P6-posicao_contratual!V6,0),2)) | R6: =IF(AND(A6="",A5<>"",COUNTIF(A7:$A$200,"<>")=0),ROUND(SUMIF($A$2:A5,"<>",$R$2:R5),2),IF(OR(Q6="",C6="",NOT(ISNUMBER($Z$5))),"",ROUND(Q6*C6*$Z$5,2))) | U6: =IF(AND(A6="",A5<>"",COUNTIF(A7:$A$200,"<>")=0),"TOTAL",IF(A6="","",posicao_contratual!X6)) | V6: =IF(A6="","",posicao_contratual!X6) | W6: C4 | X6: =parametros!$A$6 -> Nao | Y6: =IF(ISNUMBER(parametros!$E$6),parametros!$E$6,"") | Z6: =IF(ISNUMBER(parametros!$F$6),parametros!$F$6,"") | AB6: =IF(OR(A6="",posicao_contratual!E6="",posicao_contratual!J6=""),"",ROUND(MAX(posicao_contratual!E6-posicao_contratual!J6,0),2)) | AC6: =IF(AND(A6="",A5<>"",COUNTIF(A7:$A$200,"<>")=0),ROUND(SUMIF($A$2:A5,"<>",$AC$2:AC5),2),IF(OR(AB6="",C6="",NOT(ISNUMBER($Z$2))),"",ROUND(AB6*C6*$Z$2,2))) | AD6: =IF(A6="","",posicao_contratual!E6) | AE6: =IF(A6="","",posicao_contratual!I6) | AF6: =IF(A6="","",posicao_contratual!M6) | AG6: =IF(A6="","",posicao_contratual!Q6) | AH6: =IF(A6="","",posicao_contratual!U6) | AI6: =IF(A6="","",posicao_contratual!G6) | AJ6: =IF(A6="","",posicao_contratual!K6) | AK6: =IF(A6="","",posicao_contratual!O6) | AL6: =IF(A6="","",posicao_contratual!S6) | AM6: =IF(A6="","",posicao_contratual!W6) | AN6: =IF(A6="","",posicao_contratual!X6)
D7: =IF(AND(A7="",A6<>"",COUNTIF(A8:$A$200,"<>")=0),ROUND(SUMIF($A$2:A6,"<>",$D$2:D6),2),IF(OR(A7="",B7="",C7=""),"",ROUND(B7*C7,2))) | F7: =IF(AND(A7="",A6<>"",COUNTIF(A8:$A$200,"<>")=0),ROUND(SUMIF($A$2:A6,"<>",$F$2:F6),2),IF(OR(A7="",posicao_contratual!K7="",C7="",NOT(ISNUMBER($Z$3))),"",ROUND(posicao_contratual!K7*C7*$Z$3,2))) | H7: =IF(AND(A7="",A6<>"",COUNTIF(A8:$A$200,"<>")=0),ROUND(SUMIF($A$2:A6,"<>",$H$2:H6),2),IF(OR(A7="",posicao_contratual!O7="",C7="",NOT(ISNUMBER($Z$4))),"",ROUND(posicao_contratual!O7*C7*$Z$4,2))) | J7: =IF(AND(A7="",A6<>"",COUNTIF(A8:$A$200,"<>")=0),ROUND(SUMIF($A$2:A6,"<>",$J$2:J6),2),IF(OR(A7="",posicao_contratual!S7="",C7="",NOT(ISNUMBER($Z$5))),"",ROUND(posicao_contratual!S7*C7*$Z$5,2))) | L7: =IF(AND(A7="",A6<>"",COUNTIF(A8:$A$200,"<>")=0),ROUND(SUMIF($A$2:A6,"<>",$L$2:L6),2),IF(OR(A7="",posicao_contratual!W7="",C7="",NOT(ISNUMBER($Z$6))),"",ROUND(posicao_contratual!W7*C7*$Z$6,2))) | M7: =IF(OR(posicao_contratual!J7="",posicao_contratual!N7=""),"",ROUND(MAX(posicao_contratual!J7+posicao_contratual!H7-posicao_contratual!N7,0),2)) | N7: =IF(AND(A7="",A6<>"",COUNTIF(A8:$A$200,"<>")=0),ROUND(SUMIF($A$2:A6,"<>",$N$2:N6),2),IF(OR(M7="",C7="",NOT(ISNUMBER($Z$3))),"",ROUND(M7*C7*$Z$3,2))) | O7: =IF(OR(posicao_contratual!N7="",posicao_contratual!R7=""),"",ROUND(MAX(posicao_contratual!N7+posicao_contratual!L7-posicao_contratual!R7,0),2)) | P7: =IF(AND(A7="",A6<>"",COUNTIF(A8:$A$200,"<>")=0),ROUND(SUMIF($A$2:A6,"<>",$P$2:P6),2),IF(OR(O7="",C7="",NOT(ISNUMBER($Z$4))),"",ROUND(O7*C7*$Z$4,2))) | Q7: =IF(OR(posicao_contratual!R7="",posicao_contratual!V7=""),"",ROUND(MAX(posicao_contratual!R7+posicao_contratual!P7-posicao_contratual!V7,0),2)) | R7: =IF(AND(A7="",A6<>"",COUNTIF(A8:$A$200,"<>")=0),ROUND(SUMIF($A$2:A6,"<>",$R$2:R6),2),IF(OR(Q7="",C7="",NOT(ISNUMBER($Z$5))),"",ROUND(Q7*C7*$Z$5,2))) | U7: =IF(AND(A7="",A6<>"",COUNTIF(A8:$A$200,"<>")=0),"TOTAL",IF(A7="","",posicao_contratual!X7)) | V7: =IF(A7="","",posicao_contratual!X7) | AB7: =IF(OR(A7="",posicao_contratual!E7="",posicao_contratual!J7=""),"",ROUND(MAX(posicao_contratual!E7-posicao_contratual!J7,0),2)) | AC7: =IF(AND(A7="",A6<>"",COUNTIF(A8:$A$200,"<>")=0),ROUND(SUMIF($A$2:A6,"<>",$AC$2:AC6),2),IF(OR(AB7="",C7="",NOT(ISNUMBER($Z$2))),"",ROUND(AB7*C7*$Z$2,2))) | AD7: =IF(A7="","",posicao_contratual!E7) | AE7: =IF(A7="","",posicao_contratual!I7) | AF7: =IF(A7="","",posicao_contratual!M7) | AG7: =IF(A7="","",posicao_contratual!Q7) | AH7: =IF(A7="","",posicao_contratual!U7) | AI7: =IF(A7="","",posicao_contratual!G7) | AJ7: =IF(A7="","",posicao_contratual!K7) | AK7: =IF(A7="","",posicao_contratual!O7) | AL7: =IF(A7="","",posicao_contratual!S7) | AM7: =IF(A7="","",posicao_contratual!W7) | AN7: =IF(A7="","",posicao_contratual!X7)
D8: =IF(AND(A8="",A7<>"",COUNTIF(A9:$A$200,"<>")=0),ROUND(SUMIF($A$2:A7,"<>",$D$2:D7),2),IF(OR(A8="",B8="",C8=""),"",ROUND(B8*C8,2))) | F8: =IF(AND(A8="",A7<>"",COUNTIF(A9:$A$200,"<>")=0),ROUND(SUMIF($A$2:A7,"<>",$F$2:F7),2),IF(OR(A8="",posicao_contratual!K8="",C8="",NOT(ISNUMBER($Z$3))),"",ROUND(posicao_contratual!K8*C8*$Z$3,2))) | H8: =IF(AND(A8="",A7<>"",COUNTIF(A9:$A$200,"<>")=0),ROUND(SUMIF($A$2:A7,"<>",$H$2:H7),2),IF(OR(A8="",posicao_contratual!O8="",C8="",NOT(ISNUMBER($Z$4))),"",ROUND(posicao_contratual!O8*C8*$Z$4,2))) | J8: =IF(AND(A8="",A7<>"",COUNTIF(A9:$A$200,"<>")=0),ROUND(SUMIF($A$2:A7,"<>",$J$2:J7),2),IF(OR(A8="",posicao_contratual!S8="",C8="",NOT(ISNUMBER($Z$5))),"",ROUND(posicao_contratual!S8*C8*$Z$5,2))) | L8: =IF(AND(A8="",A7<>"",COUNTIF(A9:$A$200,"<>")=0),ROUND(SUMIF($A$2:A7,"<>",$L$2:L7),2),IF(OR(A8="",posicao_contratual!W8="",C8="",NOT(ISNUMBER($Z$6))),"",ROUND(posicao_contratual!W8*C8*$Z$6,2))) | M8: =IF(OR(posicao_contratual!J8="",posicao_contratual!N8=""),"",ROUND(MAX(posicao_contratual!J8+posicao_contratual!H8-posicao_contratual!N8,0),2)) | N8: =IF(AND(A8="",A7<>"",COUNTIF(A9:$A$200,"<>")=0),ROUND(SUMIF($A$2:A7,"<>",$N$2:N7),2),IF(OR(M8="",C8="",NOT(ISNUMBER($Z$3))),"",ROUND(M8*C8*$Z$3,2))) | O8: =IF(OR(posicao_contratual!N8="",posicao_contratual!R8=""),"",ROUND(MAX(posicao_contratual!N8+posicao_contratual!L8-posicao_contratual!R8,0),2)) | P8: =IF(AND(A8="",A7<>"",COUNTIF(A9:$A$200,"<>")=0),ROUND(SUMIF($A$2:A7,"<>",$P$2:P7),2),IF(OR(O8="",C8="",NOT(ISNUMBER($Z$4))),"",ROUND(O8*C8*$Z$4,2))) | Q8: =IF(OR(posicao_contratual!R8="",posicao_contratual!V8=""),"",ROUND(MAX(posicao_contratual!R8+posicao_contratual!P8-posicao_contratual!V8,0),2)) | R8: =IF(AND(A8="",A7<>"",COUNTIF(A9:$A$200,"<>")=0),ROUND(SUMIF($A$2:A7,"<>",$R$2:R7),2),IF(OR(Q8="",C8="",NOT(ISNUMBER($Z$5))),"",ROUND(Q8*C8*$Z$5,2))) | U8: =IF(AND(A8="",A7<>"",COUNTIF(A9:$A$200,"<>")=0),"TOTAL",IF(A8="","",posicao_contratual!X8)) | V8: =IF(A8="","",posicao_contratual!X8) | AB8: =IF(OR(A8="",posicao_contratual!E8="",posicao_contratual!J8=""),"",ROUND(MAX(posicao_contratual!E8-posicao_contratual!J8,0),2)) | AC8: =IF(AND(A8="",A7<>"",COUNTIF(A9:$A$200,"<>")=0),ROUND(SUMIF($A$2:A7,"<>",$AC$2:AC7),2),IF(OR(AB8="",C8="",NOT(ISNUMBER($Z$2))),"",ROUND(AB8*C8*$Z$2,2))) | AD8: =IF(A8="","",posicao_contratual!E8) | AE8: =IF(A8="","",posicao_contratual!I8) | AF8: =IF(A8="","",posicao_contratual!M8) | AG8: =IF(A8="","",posicao_contratual!Q8) | AH8: =IF(A8="","",posicao_contratual!U8) | AI8: =IF(A8="","",posicao_contratual!G8) | AJ8: =IF(A8="","",posicao_contratual!K8) | AK8: =IF(A8="","",posicao_contratual!O8) | AL8: =IF(A8="","",posicao_contratual!S8) | AM8: =IF(A8="","",posicao_contratual!W8) | AN8: =IF(A8="","",posicao_contratual!X8)
D9: =IF(AND(A9="",A8<>"",COUNTIF(A10:$A$200,"<>")=0),ROUND(SUMIF($A$2:A8,"<>",$D$2:D8),2),IF(OR(A9="",B9="",C9=""),"",ROUND(B9*C9,2))) | F9: =IF(AND(A9="",A8<>"",COUNTIF(A10:$A$200,"<>")=0),ROUND(SUMIF($A$2:A8,"<>",$F$2:F8),2),IF(OR(A9="",posicao_contratual!K9="",C9="",NOT(ISNUMBER($Z$3))),"",ROUND(posicao_contratual!K9*C9*$Z$3,2))) | H9: =IF(AND(A9="",A8<>"",COUNTIF(A10:$A$200,"<>")=0),ROUND(SUMIF($A$2:A8,"<>",$H$2:H8),2),IF(OR(A9="",posicao_contratual!O9="",C9="",NOT(ISNUMBER($Z$4))),"",ROUND(posicao_contratual!O9*C9*$Z$4,2))) | J9: =IF(AND(A9="",A8<>"",COUNTIF(A10:$A$200,"<>")=0),ROUND(SUMIF($A$2:A8,"<>",$J$2:J8),2),IF(OR(A9="",posicao_contratual!S9="",C9="",NOT(ISNUMBER($Z$5))),"",ROUND(posicao_contratual!S9*C9*$Z$5,2))) | L9: =IF(AND(A9="",A8<>"",COUNTIF(A10:$A$200,"<>")=0),ROUND(SUMIF($A$2:A8,"<>",$L$2:L8),2),IF(OR(A9="",posicao_contratual!W9="",C9="",NOT(ISNUMBER($Z$6))),"",ROUND(posicao_contratual!W9*C9*$Z$6,2))) | M9: =IF(OR(posicao_contratual!J9="",posicao_contratual!N9=""),"",ROUND(MAX(posicao_contratual!J9+posicao_contratual!H9-posicao_contratual!N9,0),2)) | N9: =IF(AND(A9="",A8<>"",COUNTIF(A10:$A$200,"<>")=0),ROUND(SUMIF($A$2:A8,"<>",$N$2:N8),2),IF(OR(M9="",C9="",NOT(ISNUMBER($Z$3))),"",ROUND(M9*C9*$Z$3,2))) | O9: =IF(OR(posicao_contratual!N9="",posicao_contratual!R9=""),"",ROUND(MAX(posicao_contratual!N9+posicao_contratual!L9-posicao_contratual!R9,0),2)) | P9: =IF(AND(A9="",A8<>"",COUNTIF(A10:$A$200,"<>")=0),ROUND(SUMIF($A$2:A8,"<>",$P$2:P8),2),IF(OR(O9="",C9="",NOT(ISNUMBER($Z$4))),"",ROUND(O9*C9*$Z$4,2))) | Q9: =IF(OR(posicao_contratual!R9="",posicao_contratual!V9=""),"",ROUND(MAX(posicao_contratual!R9+posicao_contratual!P9-posicao_contratual!V9,0),2)) | R9: =IF(AND(A9="",A8<>"",COUNTIF(A10:$A$200,"<>")=0),ROUND(SUMIF($A$2:A8,"<>",$R$2:R8),2),IF(OR(Q9="",C9="",NOT(ISNUMBER($Z$5))),"",ROUND(Q9*C9*$Z$5,2))) | U9: =IF(AND(A9="",A8<>"",COUNTIF(A10:$A$200,"<>")=0),"TOTAL",IF(A9="","",posicao_contratual!X9)) | V9: =IF(A9="","",posicao_contratual!X9) | AB9: =IF(OR(A9="",posicao_contratual!E9="",posicao_contratual!J9=""),"",ROUND(MAX(posicao_contratual!E9-posicao_contratual!J9,0),2)) | AC9: =IF(AND(A9="",A8<>"",COUNTIF(A10:$A$200,"<>")=0),ROUND(SUMIF($A$2:A8,"<>",$AC$2:AC8),2),IF(OR(AB9="",C9="",NOT(ISNUMBER($Z$2))),"",ROUND(AB9*C9*$Z$2,2))) | AD9: =IF(A9="","",posicao_contratual!E9) | AE9: =IF(A9="","",posicao_contratual!I9) | AF9: =IF(A9="","",posicao_contratual!M9) | AG9: =IF(A9="","",posicao_contratual!Q9) | AH9: =IF(A9="","",posicao_contratual!U9) | AI9: =IF(A9="","",posicao_contratual!G9) | AJ9: =IF(A9="","",posicao_contratual!K9) | AK9: =IF(A9="","",posicao_contratual!O9) | AL9: =IF(A9="","",posicao_contratual!S9) | AM9: =IF(A9="","",posicao_contratual!W9) | AN9: =IF(A9="","",posicao_contratual!X9)
D10: =IF(AND(A10="",A9<>"",COUNTIF(A11:$A$200,"<>")=0),ROUND(SUMIF($A$2:A9,"<>",$D$2:D9),2),IF(OR(A10="",B10="",C10=""),"",ROUND(B10*C10,2))) | F10: =IF(AND(A10="",A9<>"",COUNTIF(A11:$A$200,"<>")=0),ROUND(SUMIF($A$2:A9,"<>",$F$2:F9),2),IF(OR(A10="",posicao_contratual!K10="",C10="",NOT(ISNUMBER($Z$3))),"",ROUND(posicao_contratual!K10*C10*$Z$3,2))) | H10: =IF(AND(A10="",A9<>"",COUNTIF(A11:$A$200,"<>")=0),ROUND(SUMIF($A$2:A9,"<>",$H$2:H9),2),IF(OR(A10="",posicao_contratual!O10="",C10="",NOT(ISNUMBER($Z$4))),"",ROUND(posicao_contratual!O10*C10*$Z$4,2))) | J10: =IF(AND(A10="",A9<>"",COUNTIF(A11:$A$200,"<>")=0),ROUND(SUMIF($A$2:A9,"<>",$J$2:J9),2),IF(OR(A10="",posicao_contratual!S10="",C10="",NOT(ISNUMBER($Z$5))),"",ROUND(posicao_contratual!S10*C10*$Z$5,2))) | L10: =IF(AND(A10="",A9<>"",COUNTIF(A11:$A$200,"<>")=0),ROUND(SUMIF($A$2:A9,"<>",$L$2:L9),2),IF(OR(A10="",posicao_contratual!W10="",C10="",NOT(ISNUMBER($Z$6))),"",ROUND(posicao_contratual!W10*C10*$Z$6,2))) | M10: =IF(OR(posicao_contratual!J10="",posicao_contratual!N10=""),"",ROUND(MAX(posicao_contratual!J10+posicao_contratual!H10-posicao_contratual!N10,0),2)) | N10: =IF(AND(A10="",A9<>"",COUNTIF(A11:$A$200,"<>")=0),ROUND(SUMIF($A$2:A9,"<>",$N$2:N9),2),IF(OR(M10="",C10="",NOT(ISNUMBER($Z$3))),"",ROUND(M10*C10*$Z$3,2))) | O10: =IF(OR(posicao_contratual!N10="",posicao_contratual!R10=""),"",ROUND(MAX(posicao_contratual!N10+posicao_contratual!L10-posicao_contratual!R10,0),2)) | P10: =IF(AND(A10="",A9<>"",COUNTIF(A11:$A$200,"<>")=0),ROUND(SUMIF($A$2:A9,"<>",$P$2:P9),2),IF(OR(O10="",C10="",NOT(ISNUMBER($Z$4))),"",ROUND(O10*C10*$Z$4,2))) | Q10: =IF(OR(posicao_contratual!R10="",posicao_contratual!V10=""),"",ROUND(MAX(posicao_contratual!R10+posicao_contratual!P10-posicao_contratual!V10,0),2)) | R10: =IF(AND(A10="",A9<>"",COUNTIF(A11:$A$200,"<>")=0),ROUND(SUMIF($A$2:A9,"<>",$R$2:R9),2),IF(OR(Q10="",C10="",NOT(ISNUMBER($Z$5))),"",ROUND(Q10*C10*$Z$5,2))) | U10: =IF(AND(A10="",A9<>"",COUNTIF(A11:$A$200,"<>")=0),"TOTAL",IF(A10="","",posicao_contratual!X10)) | V10: =IF(A10="","",posicao_contratual!X10) | AB10: =IF(OR(A10="",posicao_contratual!E10="",posicao_contratual!J10=""),"",ROUND(MAX(posicao_contratual!E10-posicao_contratual!J10,0),2)) | AC10: =IF(AND(A10="",A9<>"",COUNTIF(A11:$A$200,"<>")=0),ROUND(SUMIF($A$2:A9,"<>",$AC$2:AC9),2),IF(OR(AB10="",C10="",NOT(ISNUMBER($Z$2))),"",ROUND(AB10*C10*$Z$2,2))) | AD10: =IF(A10="","",posicao_contratual!E10) | AE10: =IF(A10="","",posicao_contratual!I10) | AF10: =IF(A10="","",posicao_contratual!M10) | AG10: =IF(A10="","",posicao_contratual!Q10) | AH10: =IF(A10="","",posicao_contratual!U10) | AI10: =IF(A10="","",posicao_contratual!G10) | AJ10: =IF(A10="","",posicao_contratual!K10) | AK10: =IF(A10="","",posicao_contratual!O10) | AL10: =IF(A10="","",posicao_contratual!S10) | AM10: =IF(A10="","",posicao_contratual!W10) | AN10: =IF(A10="","",posicao_contratual!X10)
D11: =IF(AND(A11="",A10<>"",COUNTIF(A12:$A$200,"<>")=0),ROUND(SUMIF($A$2:A10,"<>",$D$2:D10),2),IF(OR(A11="",B11="",C11=""),"",ROUND(B11*C11,2))) | F11: =IF(AND(A11="",A10<>"",COUNTIF(A12:$A$200,"<>")=0),ROUND(SUMIF($A$2:A10,"<>",$F$2:F10),2),IF(OR(A11="",posicao_contratual!K11="",C11="",NOT(ISNUMBER($Z$3))),"",ROUND(posicao_contratual!K11*C11*$Z$3,2))) | H11: =IF(AND(A11="",A10<>"",COUNTIF(A12:$A$200,"<>")=0),ROUND(SUMIF($A$2:A10,"<>",$H$2:H10),2),IF(OR(A11="",posicao_contratual!O11="",C11="",NOT(ISNUMBER($Z$4))),"",ROUND(posicao_contratual!O11*C11*$Z$4,2))) | J11: =IF(AND(A11="",A10<>"",COUNTIF(A12:$A$200,"<>")=0),ROUND(SUMIF($A$2:A10,"<>",$J$2:J10),2),IF(OR(A11="",posicao_contratual!S11="",C11="",NOT(ISNUMBER($Z$5))),"",ROUND(posicao_contratual!S11*C11*$Z$5,2))) | L11: =IF(AND(A11="",A10<>"",COUNTIF(A12:$A$200,"<>")=0),ROUND(SUMIF($A$2:A10,"<>",$L$2:L10),2),IF(OR(A11="",posicao_contratual!W11="",C11="",NOT(ISNUMBER($Z$6))),"",ROUND(posicao_contratual!W11*C11*$Z$6,2))) | M11: =IF(OR(posicao_contratual!J11="",posicao_contratual!N11=""),"",ROUND(MAX(posicao_contratual!J11+posicao_contratual!H11-posicao_contratual!N11,0),2)) | N11: =IF(AND(A11="",A10<>"",COUNTIF(A12:$A$200,"<>")=0),ROUND(SUMIF($A$2:A10,"<>",$N$2:N10),2),IF(OR(M11="",C11="",NOT(ISNUMBER($Z$3))),"",ROUND(M11*C11*$Z$3,2))) | O11: =IF(OR(posicao_contratual!N11="",posicao_contratual!R11=""),"",ROUND(MAX(posicao_contratual!N11+posicao_contratual!L11-posicao_contratual!R11,0),2)) | P11: =IF(AND(A11="",A10<>"",COUNTIF(A12:$A$200,"<>")=0),ROUND(SUMIF($A$2:A10,"<>",$P$2:P10),2),IF(OR(O11="",C11="",NOT(ISNUMBER($Z$4))),"",ROUND(O11*C11*$Z$4,2))) | Q11: =IF(OR(posicao_contratual!R11="",posicao_contratual!V11=""),"",ROUND(MAX(posicao_contratual!R11+posicao_contratual!P11-posicao_contratual!V11,0),2)) | R11: =IF(AND(A11="",A10<>"",COUNTIF(A12:$A$200,"<>")=0),ROUND(SUMIF($A$2:A10,"<>",$R$2:R10),2),IF(OR(Q11="",C11="",NOT(ISNUMBER($Z$5))),"",ROUND(Q11*C11*$Z$5,2))) | U11: =IF(AND(A11="",A10<>"",COUNTIF(A12:$A$200,"<>")=0),"TOTAL",IF(A11="","",posicao_contratual!X11)) | V11: =IF(A11="","",posicao_contratual!X11) | AB11: =IF(OR(A11="",posicao_contratual!E11="",posicao_contratual!J11=""),"",ROUND(MAX(posicao_contratual!E11-posicao_contratual!J11,0),2)) | AC11: =IF(AND(A11="",A10<>"",COUNTIF(A12:$A$200,"<>")=0),ROUND(SUMIF($A$2:A10,"<>",$AC$2:AC10),2),IF(OR(AB11="",C11="",NOT(ISNUMBER($Z$2))),"",ROUND(AB11*C11*$Z$2,2))) | AD11: =IF(A11="","",posicao_contratual!E11) | AE11: =IF(A11="","",posicao_contratual!I11) | AF11: =IF(A11="","",posicao_contratual!M11) | AG11: =IF(A11="","",posicao_contratual!Q11) | AH11: =IF(A11="","",posicao_contratual!U11) | AI11: =IF(A11="","",posicao_contratual!G11) | AJ11: =IF(A11="","",posicao_contratual!K11) | AK11: =IF(A11="","",posicao_contratual!O11) | AL11: =IF(A11="","",posicao_contratual!S11) | AM11: =IF(A11="","",posicao_contratual!W11) | AN11: =IF(A11="","",posicao_contratual!X11)
D12: =IF(AND(A12="",A11<>"",COUNTIF(A13:$A$200,"<>")=0),ROUND(SUMIF($A$2:A11,"<>",$D$2:D11),2),IF(OR(A12="",B12="",C12=""),"",ROUND(B12*C12,2))) | F12: =IF(AND(A12="",A11<>"",COUNTIF(A13:$A$200,"<>")=0),ROUND(SUMIF($A$2:A11,"<>",$F$2:F11),2),IF(OR(A12="",posicao_contratual!K12="",C12="",NOT(ISNUMBER($Z$3))),"",ROUND(posicao_contratual!K12*C12*$Z$3,2))) | H12: =IF(AND(A12="",A11<>"",COUNTIF(A13:$A$200,"<>")=0),ROUND(SUMIF($A$2:A11,"<>",$H$2:H11),2),IF(OR(A12="",posicao_contratual!O12="",C12="",NOT(ISNUMBER($Z$4))),"",ROUND(posicao_contratual!O12*C12*$Z$4,2))) | J12: =IF(AND(A12="",A11<>"",COUNTIF(A13:$A$200,"<>")=0),ROUND(SUMIF($A$2:A11,"<>",$J$2:J11),2),IF(OR(A12="",posicao_contratual!S12="",C12="",NOT(ISNUMBER($Z$5))),"",ROUND(posicao_contratual!S12*C12*$Z$5,2))) | L12: =IF(AND(A12="",A11<>"",COUNTIF(A13:$A$200,"<>")=0),ROUND(SUMIF($A$2:A11,"<>",$L$2:L11),2),IF(OR(A12="",posicao_contratual!W12="",C12="",NOT(ISNUMBER($Z$6))),"",ROUND(posicao_contratual!W12*C12*$Z$6,2))) | M12: =IF(OR(posicao_contratual!J12="",posicao_contratual!N12=""),"",ROUND(MAX(posicao_contratual!J12+posicao_contratual!H12-posicao_contratual!N12,0),2)) | N12: =IF(AND(A12="",A11<>"",COUNTIF(A13:$A$200,"<>")=0),ROUND(SUMIF($A$2:A11,"<>",$N$2:N11),2),IF(OR(M12="",C12="",NOT(ISNUMBER($Z$3))),"",ROUND(M12*C12*$Z$3,2))) | O12: =IF(OR(posicao_contratual!N12="",posicao_contratual!R12=""),"",ROUND(MAX(posicao_contratual!N12+posicao_contratual!L12-posicao_contratual!R12,0),2)) | P12: =IF(AND(A12="",A11<>"",COUNTIF(A13:$A$200,"<>")=0),ROUND(SUMIF($A$2:A11,"<>",$P$2:P11),2),IF(OR(O12="",C12="",NOT(ISNUMBER($Z$4))),"",ROUND(O12*C12*$Z$4,2))) | Q12: =IF(OR(posicao_contratual!R12="",posicao_contratual!V12=""),"",ROUND(MAX(posicao_contratual!R12+posicao_contratual!P12-posicao_contratual!V12,0),2)) | R12: =IF(AND(A12="",A11<>"",COUNTIF(A13:$A$200,"<>")=0),ROUND(SUMIF($A$2:A11,"<>",$R$2:R11),2),IF(OR(Q12="",C12="",NOT(ISNUMBER($Z$5))),"",ROUND(Q12*C12*$Z$5,2))) | U12: =IF(AND(A12="",A11<>"",COUNTIF(A13:$A$200,"<>")=0),"TOTAL",IF(A12="","",posicao_contratual!X12)) | V12: =IF(A12="","",posicao_contratual!X12) | AB12: =IF(OR(A12="",posicao_contratual!E12="",posicao_contratual!J12=""),"",ROUND(MAX(posicao_contratual!E12-posicao_contratual!J12,0),2)) | AC12: =IF(AND(A12="",A11<>"",COUNTIF(A13:$A$200,"<>")=0),ROUND(SUMIF($A$2:A11,"<>",$AC$2:AC11),2),IF(OR(AB12="",C12="",NOT(ISNUMBER($Z$2))),"",ROUND(AB12*C12*$Z$2,2))) | AD12: =IF(A12="","",posicao_contratual!E12) | AE12: =IF(A12="","",posicao_contratual!I12) | AF12: =IF(A12="","",posicao_contratual!M12) | AG12: =IF(A12="","",posicao_contratual!Q12) | AH12: =IF(A12="","",posicao_contratual!U12) | AI12: =IF(A12="","",posicao_contratual!G12) | AJ12: =IF(A12="","",posicao_contratual!K12) | AK12: =IF(A12="","",posicao_contratual!O12) | AL12: =IF(A12="","",posicao_contratual!S12) | AM12: =IF(A12="","",posicao_contratual!W12) | AN12: =IF(A12="","",posicao_contratual!X12)
D13: =IF(AND(A13="",A12<>"",COUNTIF(A14:$A$200,"<>")=0),ROUND(SUMIF($A$2:A12,"<>",$D$2:D12),2),IF(OR(A13="",B13="",C13=""),"",ROUND(B13*C13,2))) | F13: =IF(AND(A13="",A12<>"",COUNTIF(A14:$A$200,"<>")=0),ROUND(SUMIF($A$2:A12,"<>",$F$2:F12),2),IF(OR(A13="",posicao_contratual!K13="",C13="",NOT(ISNUMBER($Z$3))),"",ROUND(posicao_contratual!K13*C13*$Z$3,2))) | H13: =IF(AND(A13="",A12<>"",COUNTIF(A14:$A$200,"<>")=0),ROUND(SUMIF($A$2:A12,"<>",$H$2:H12),2),IF(OR(A13="",posicao_contratual!O13="",C13="",NOT(ISNUMBER($Z$4))),"",ROUND(posicao_contratual!O13*C13*$Z$4,2))) | J13: =IF(AND(A13="",A12<>"",COUNTIF(A14:$A$200,"<>")=0),ROUND(SUMIF($A$2:A12,"<>",$J$2:J12),2),IF(OR(A13="",posicao_contratual!S13="",C13="",NOT(ISNUMBER($Z$5))),"",ROUND(posicao_contratual!S13*C13*$Z$5,2))) | L13: =IF(AND(A13="",A12<>"",COUNTIF(A14:$A$200,"<>")=0),ROUND(SUMIF($A$2:A12,"<>",$L$2:L12),2),IF(OR(A13="",posicao_contratual!W13="",C13="",NOT(ISNUMBER($Z$6))),"",ROUND(posicao_contratual!W13*C13*$Z$6,2))) | M13: =IF(OR(posicao_contratual!J13="",posicao_contratual!N13=""),"",ROUND(MAX(posicao_contratual!J13+posicao_contratual!H13-posicao_contratual!N13,0),2)) | N13: =IF(AND(A13="",A12<>"",COUNTIF(A14:$A$200,"<>")=0),ROUND(SUMIF($A$2:A12,"<>",$N$2:N12),2),IF(OR(M13="",C13="",NOT(ISNUMBER($Z$3))),"",ROUND(M13*C13*$Z$3,2))) | O13: =IF(OR(posicao_contratual!N13="",posicao_contratual!R13=""),"",ROUND(MAX(posicao_contratual!N13+posicao_contratual!L13-posicao_contratual!R13,0),2)) | P13: =IF(AND(A13="",A12<>"",COUNTIF(A14:$A$200,"<>")=0),ROUND(SUMIF($A$2:A12,"<>",$P$2:P12),2),IF(OR(O13="",C13="",NOT(ISNUMBER($Z$4))),"",ROUND(O13*C13*$Z$4,2))) | Q13: =IF(OR(posicao_contratual!R13="",posicao_contratual!V13=""),"",ROUND(MAX(posicao_contratual!R13+posicao_contratual!P13-posicao_contratual!V13,0),2)) | R13: =IF(AND(A13="",A12<>"",COUNTIF(A14:$A$200,"<>")=0),ROUND(SUMIF($A$2:A12,"<>",$R$2:R12),2),IF(OR(Q13="",C13="",NOT(ISNUMBER($Z$5))),"",ROUND(Q13*C13*$Z$5,2))) | U13: =IF(AND(A13="",A12<>"",COUNTIF(A14:$A$200,"<>")=0),"TOTAL",IF(A13="","",posicao_contratual!X13)) | V13: =IF(A13="","",posicao_contratual!X13) | AB13: =IF(OR(A13="",posicao_contratual!E13="",posicao_contratual!J13=""),"",ROUND(MAX(posicao_contratual!E13-posicao_contratual!J13,0),2)) | AC13: =IF(AND(A13="",A12<>"",COUNTIF(A14:$A$200,"<>")=0),ROUND(SUMIF($A$2:A12,"<>",$AC$2:AC12),2),IF(OR(AB13="",C13="",NOT(ISNUMBER($Z$2))),"",ROUND(AB13*C13*$Z$2,2))) | AD13: =IF(A13="","",posicao_contratual!E13) | AE13: =IF(A13="","",posicao_contratual!I13) | AF13: =IF(A13="","",posicao_contratual!M13) | AG13: =IF(A13="","",posicao_contratual!Q13) | AH13: =IF(A13="","",posicao_contratual!U13) | AI13: =IF(A13="","",posicao_contratual!G13) | AJ13: =IF(A13="","",posicao_contratual!K13) | AK13: =IF(A13="","",posicao_contratual!O13) | AL13: =IF(A13="","",posicao_contratual!S13) | AM13: =IF(A13="","",posicao_contratual!W13) | AN13: =IF(A13="","",posicao_contratual!X13)
D14: =IF(AND(A14="",A13<>"",COUNTIF(A15:$A$200,"<>")=0),ROUND(SUMIF($A$2:A13,"<>",$D$2:D13),2),IF(OR(A14="",B14="",C14=""),"",ROUND(B14*C14,2))) | F14: =IF(AND(A14="",A13<>"",COUNTIF(A15:$A$200,"<>")=0),ROUND(SUMIF($A$2:A13,"<>",$F$2:F13),2),IF(OR(A14="",posicao_contratual!K14="",C14="",NOT(ISNUMBER($Z$3))),"",ROUND(posicao_contratual!K14*C14*$Z$3,2))) | H14: =IF(AND(A14="",A13<>"",COUNTIF(A15:$A$200,"<>")=0),ROUND(SUMIF($A$2:A13,"<>",$H$2:H13),2),IF(OR(A14="",posicao_contratual!O14="",C14="",NOT(ISNUMBER($Z$4))),"",ROUND(posicao_contratual!O14*C14*$Z$4,2))) | J14: =IF(AND(A14="",A13<>"",COUNTIF(A15:$A$200,"<>")=0),ROUND(SUMIF($A$2:A13,"<>",$J$2:J13),2),IF(OR(A14="",posicao_contratual!S14="",C14="",NOT(ISNUMBER($Z$5))),"",ROUND(posicao_contratual!S14*C14*$Z$5,2))) | L14: =IF(AND(A14="",A13<>"",COUNTIF(A15:$A$200,"<>")=0),ROUND(SUMIF($A$2:A13,"<>",$L$2:L13),2),IF(OR(A14="",posicao_contratual!W14="",C14="",NOT(ISNUMBER($Z$6))),"",ROUND(posicao_contratual!W14*C14*$Z$6,2))) | M14: =IF(OR(posicao_contratual!J14="",posicao_contratual!N14=""),"",ROUND(MAX(posicao_contratual!J14+posicao_contratual!H14-posicao_contratual!N14,0),2)) | N14: =IF(AND(A14="",A13<>"",COUNTIF(A15:$A$200,"<>")=0),ROUND(SUMIF($A$2:A13,"<>",$N$2:N13),2),IF(OR(M14="",C14="",NOT(ISNUMBER($Z$3))),"",ROUND(M14*C14*$Z$3,2))) | O14: =IF(OR(posicao_contratual!N14="",posicao_contratual!R14=""),"",ROUND(MAX(posicao_contratual!N14+posicao_contratual!L14-posicao_contratual!R14,0),2)) | P14: =IF(AND(A14="",A13<>"",COUNTIF(A15:$A$200,"<>")=0),ROUND(SUMIF($A$2:A13,"<>",$P$2:P13),2),IF(OR(O14="",C14="",NOT(ISNUMBER($Z$4))),"",ROUND(O14*C14*$Z$4,2))) | Q14: =IF(OR(posicao_contratual!R14="",posicao_contratual!V14=""),"",ROUND(MAX(posicao_contratual!R14+posicao_contratual!P14-posicao_contratual!V14,0),2)) | R14: =IF(AND(A14="",A13<>"",COUNTIF(A15:$A$200,"<>")=0),ROUND(SUMIF($A$2:A13,"<>",$R$2:R13),2),IF(OR(Q14="",C14="",NOT(ISNUMBER($Z$5))),"",ROUND(Q14*C14*$Z$5,2))) | U14: =IF(AND(A14="",A13<>"",COUNTIF(A15:$A$200,"<>")=0),"TOTAL",IF(A14="","",posicao_contratual!X14)) | V14: =IF(A14="","",posicao_contratual!X14) | AB14: =IF(OR(A14="",posicao_contratual!E14="",posicao_contratual!J14=""),"",ROUND(MAX(posicao_contratual!E14-posicao_contratual!J14,0),2)) | AC14: =IF(AND(A14="",A13<>"",COUNTIF(A15:$A$200,"<>")=0),ROUND(SUMIF($A$2:A13,"<>",$AC$2:AC13),2),IF(OR(AB14="",C14="",NOT(ISNUMBER($Z$2))),"",ROUND(AB14*C14*$Z$2,2))) | AD14: =IF(A14="","",posicao_contratual!E14) | AE14: =IF(A14="","",posicao_contratual!I14) | AF14: =IF(A14="","",posicao_contratual!M14) | AG14: =IF(A14="","",posicao_contratual!Q14) | AH14: =IF(A14="","",posicao_contratual!U14) | AI14: =IF(A14="","",posicao_contratual!G14) | AJ14: =IF(A14="","",posicao_contratual!K14) | AK14: =IF(A14="","",posicao_contratual!O14) | AL14: =IF(A14="","",posicao_contratual!S14) | AM14: =IF(A14="","",posicao_contratual!W14) | AN14: =IF(A14="","",posicao_contratual!X14)
D15: =IF(AND(A15="",A14<>"",COUNTIF(A16:$A$200,"<>")=0),ROUND(SUMIF($A$2:A14,"<>",$D$2:D14),2),IF(OR(A15="",B15="",C15=""),"",ROUND(B15*C15,2))) | F15: =IF(AND(A15="",A14<>"",COUNTIF(A16:$A$200,"<>")=0),ROUND(SUMIF($A$2:A14,"<>",$F$2:F14),2),IF(OR(A15="",posicao_contratual!K15="",C15="",NOT(ISNUMBER($Z$3))),"",ROUND(posicao_contratual!K15*C15*$Z$3,2))) | H15: =IF(AND(A15="",A14<>"",COUNTIF(A16:$A$200,"<>")=0),ROUND(SUMIF($A$2:A14,"<>",$H$2:H14),2),IF(OR(A15="",posicao_contratual!O15="",C15="",NOT(ISNUMBER($Z$4))),"",ROUND(posicao_contratual!O15*C15*$Z$4,2))) | J15: =IF(AND(A15="",A14<>"",COUNTIF(A16:$A$200,"<>")=0),ROUND(SUMIF($A$2:A14,"<>",$J$2:J14),2),IF(OR(A15="",posicao_contratual!S15="",C15="",NOT(ISNUMBER($Z$5))),"",ROUND(posicao_contratual!S15*C15*$Z$5,2))) | L15: =IF(AND(A15="",A14<>"",COUNTIF(A16:$A$200,"<>")=0),ROUND(SUMIF($A$2:A14,"<>",$L$2:L14),2),IF(OR(A15="",posicao_contratual!W15="",C15="",NOT(ISNUMBER($Z$6))),"",ROUND(posicao_contratual!W15*C15*$Z$6,2))) | M15: =IF(OR(posicao_contratual!J15="",posicao_contratual!N15=""),"",ROUND(MAX(posicao_contratual!J15+posicao_contratual!H15-posicao_contratual!N15,0),2)) | N15: =IF(AND(A15="",A14<>"",COUNTIF(A16:$A$200,"<>")=0),ROUND(SUMIF($A$2:A14,"<>",$N$2:N14),2),IF(OR(M15="",C15="",NOT(ISNUMBER($Z$3))),"",ROUND(M15*C15*$Z$3,2))) | O15: =IF(OR(posicao_contratual!N15="",posicao_contratual!R15=""),"",ROUND(MAX(posicao_contratual!N15+posicao_contratual!L15-posicao_contratual!R15,0),2)) | P15: =IF(AND(A15="",A14<>"",COUNTIF(A16:$A$200,"<>")=0),ROUND(SUMIF($A$2:A14,"<>",$P$2:P14),2),IF(OR(O15="",C15="",NOT(ISNUMBER($Z$4))),"",ROUND(O15*C15*$Z$4,2))) | Q15: =IF(OR(posicao_contratual!R15="",posicao_contratual!V15=""),"",ROUND(MAX(posicao_contratual!R15+posicao_contratual!P15-posicao_contratual!V15,0),2)) | R15: =IF(AND(A15="",A14<>"",COUNTIF(A16:$A$200,"<>")=0),ROUND(SUMIF($A$2:A14,"<>",$R$2:R14),2),IF(OR(Q15="",C15="",NOT(ISNUMBER($Z$5))),"",ROUND(Q15*C15*$Z$5,2))) | U15: =IF(AND(A15="",A14<>"",COUNTIF(A16:$A$200,"<>")=0),"TOTAL",IF(A15="","",posicao_contratual!X15)) | V15: =IF(A15="","",posicao_contratual!X15) | AB15: =IF(OR(A15="",posicao_contratual!E15="",posicao_contratual!J15=""),"",ROUND(MAX(posicao_contratual!E15-posicao_contratual!J15,0),2)) | AC15: =IF(AND(A15="",A14<>"",COUNTIF(A16:$A$200,"<>")=0),ROUND(SUMIF($A$2:A14,"<>",$AC$2:AC14),2),IF(OR(AB15="",C15="",NOT(ISNUMBER($Z$2))),"",ROUND(AB15*C15*$Z$2,2))) | AD15: =IF(A15="","",posicao_contratual!E15) | AE15: =IF(A15="","",posicao_contratual!I15) | AF15: =IF(A15="","",posicao_contratual!M15) | AG15: =IF(A15="","",posicao_contratual!Q15) | AH15: =IF(A15="","",posicao_contratual!U15) | AI15: =IF(A15="","",posicao_contratual!G15) | AJ15: =IF(A15="","",posicao_contratual!K15) | AK15: =IF(A15="","",posicao_contratual!O15) | AL15: =IF(A15="","",posicao_contratual!S15) | AM15: =IF(A15="","",posicao_contratual!W15) | AN15: =IF(A15="","",posicao_contratual!X15)
D16: =IF(AND(A16="",A15<>"",COUNTIF(A17:$A$200,"<>")=0),ROUND(SUMIF($A$2:A15,"<>",$D$2:D15),2),IF(OR(A16="",B16="",C16=""),"",ROUND(B16*C16,2))) | F16: =IF(AND(A16="",A15<>"",COUNTIF(A17:$A$200,"<>")=0),ROUND(SUMIF($A$2:A15,"<>",$F$2:F15),2),IF(OR(A16="",posicao_contratual!K16="",C16="",NOT(ISNUMBER($Z$3))),"",ROUND(posicao_contratual!K16*C16*$Z$3,2))) | H16: =IF(AND(A16="",A15<>"",COUNTIF(A17:$A$200,"<>")=0),ROUND(SUMIF($A$2:A15,"<>",$H$2:H15),2),IF(OR(A16="",posicao_contratual!O16="",C16="",NOT(ISNUMBER($Z$4))),"",ROUND(posicao_contratual!O16*C16*$Z$4,2))) | J16: =IF(AND(A16="",A15<>"",COUNTIF(A17:$A$200,"<>")=0),ROUND(SUMIF($A$2:A15,"<>",$J$2:J15),2),IF(OR(A16="",posicao_contratual!S16="",C16="",NOT(ISNUMBER($Z$5))),"",ROUND(posicao_contratual!S16*C16*$Z$5,2))) | L16: =IF(AND(A16="",A15<>"",COUNTIF(A17:$A$200,"<>")=0),ROUND(SUMIF($A$2:A15,"<>",$L$2:L15),2),IF(OR(A16="",posicao_contratual!W16="",C16="",NOT(ISNUMBER($Z$6))),"",ROUND(posicao_contratual!W16*C16*$Z$6,2))) | M16: =IF(OR(posicao_contratual!J16="",posicao_contratual!N16=""),"",ROUND(MAX(posicao_contratual!J16+posicao_contratual!H16-posicao_contratual!N16,0),2)) | N16: =IF(AND(A16="",A15<>"",COUNTIF(A17:$A$200,"<>")=0),ROUND(SUMIF($A$2:A15,"<>",$N$2:N15),2),IF(OR(M16="",C16="",NOT(ISNUMBER($Z$3))),"",ROUND(M16*C16*$Z$3,2))) | O16: =IF(OR(posicao_contratual!N16="",posicao_contratual!R16=""),"",ROUND(MAX(posicao_contratual!N16+posicao_contratual!L16-posicao_contratual!R16,0),2)) | P16: =IF(AND(A16="",A15<>"",COUNTIF(A17:$A$200,"<>")=0),ROUND(SUMIF($A$2:A15,"<>",$P$2:P15),2),IF(OR(O16="",C16="",NOT(ISNUMBER($Z$4))),"",ROUND(O16*C16*$Z$4,2))) | Q16: =IF(OR(posicao_contratual!R16="",posicao_contratual!V16=""),"",ROUND(MAX(posicao_contratual!R16+posicao_contratual!P16-posicao_contratual!V16,0),2)) | R16: =IF(AND(A16="",A15<>"",COUNTIF(A17:$A$200,"<>")=0),ROUND(SUMIF($A$2:A15,"<>",$R$2:R15),2),IF(OR(Q16="",C16="",NOT(ISNUMBER($Z$5))),"",ROUND(Q16*C16*$Z$5,2))) | U16: =IF(AND(A16="",A15<>"",COUNTIF(A17:$A$200,"<>")=0),"TOTAL",IF(A16="","",posicao_contratual!X16)) | V16: =IF(A16="","",posicao_contratual!X16) | AB16: =IF(OR(A16="",posicao_contratual!E16="",posicao_contratual!J16=""),"",ROUND(MAX(posicao_contratual!E16-posicao_contratual!J16,0),2)) | AC16: =IF(AND(A16="",A15<>"",COUNTIF(A17:$A$200,"<>")=0),ROUND(SUMIF($A$2:A15,"<>",$AC$2:AC15),2),IF(OR(AB16="",C16="",NOT(ISNUMBER($Z$2))),"",ROUND(AB16*C16*$Z$2,2))) | AD16: =IF(A16="","",posicao_contratual!E16) | AE16: =IF(A16="","",posicao_contratual!I16) | AF16: =IF(A16="","",posicao_contratual!M16) | AG16: =IF(A16="","",posicao_contratual!Q16) | AH16: =IF(A16="","",posicao_contratual!U16) | AI16: =IF(A16="","",posicao_contratual!G16) | AJ16: =IF(A16="","",posicao_contratual!K16) | AK16: =IF(A16="","",posicao_contratual!O16) | AL16: =IF(A16="","",posicao_contratual!S16) | AM16: =IF(A16="","",posicao_contratual!W16) | AN16: =IF(A16="","",posicao_contratual!X16)
D17: =IF(AND(A17="",A16<>"",COUNTIF(A18:$A$200,"<>")=0),ROUND(SUMIF($A$2:A16,"<>",$D$2:D16),2),IF(OR(A17="",B17="",C17=""),"",ROUND(B17*C17,2))) | F17: =IF(AND(A17="",A16<>"",COUNTIF(A18:$A$200,"<>")=0),ROUND(SUMIF($A$2:A16,"<>",$F$2:F16),2),IF(OR(A17="",posicao_contratual!K17="",C17="",NOT(ISNUMBER($Z$3))),"",ROUND(posicao_contratual!K17*C17*$Z$3,2))) | H17: =IF(AND(A17="",A16<>"",COUNTIF(A18:$A$200,"<>")=0),ROUND(SUMIF($A$2:A16,"<>",$H$2:H16),2),IF(OR(A17="",posicao_contratual!O17="",C17="",NOT(ISNUMBER($Z$4))),"",ROUND(posicao_contratual!O17*C17*$Z$4,2))) | J17: =IF(AND(A17="",A16<>"",COUNTIF(A18:$A$200,"<>")=0),ROUND(SUMIF($A$2:A16,"<>",$J$2:J16),2),IF(OR(A17="",posicao_contratual!S17="",C17="",NOT(ISNUMBER($Z$5))),"",ROUND(posicao_contratual!S17*C17*$Z$5,2))) | L17: =IF(AND(A17="",A16<>"",COUNTIF(A18:$A$200,"<>")=0),ROUND(SUMIF($A$2:A16,"<>",$L$2:L16),2),IF(OR(A17="",posicao_contratual!W17="",C17="",NOT(ISNUMBER($Z$6))),"",ROUND(posicao_contratual!W17*C17*$Z$6,2))) | M17: =IF(OR(posicao_contratual!J17="",posicao_contratual!N17=""),"",ROUND(MAX(posicao_contratual!J17+posicao_contratual!H17-posicao_contratual!N17,0),2)) | N17: =IF(AND(A17="",A16<>"",COUNTIF(A18:$A$200,"<>")=0),ROUND(SUMIF($A$2:A16,"<>",$N$2:N16),2),IF(OR(M17="",C17="",NOT(ISNUMBER($Z$3))),"",ROUND(M17*C17*$Z$3,2))) | O17: =IF(OR(posicao_contratual!N17="",posicao_contratual!R17=""),"",ROUND(MAX(posicao_contratual!N17+posicao_contratual!L17-posicao_contratual!R17,0),2)) | P17: =IF(AND(A17="",A16<>"",COUNTIF(A18:$A$200,"<>")=0),ROUND(SUMIF($A$2:A16,"<>",$P$2:P16),2),IF(OR(O17="",C17="",NOT(ISNUMBER($Z$4))),"",ROUND(O17*C17*$Z$4,2))) | Q17: =IF(OR(posicao_contratual!R17="",posicao_contratual!V17=""),"",ROUND(MAX(posicao_contratual!R17+posicao_contratual!P17-posicao_contratual!V17,0),2)) | R17: =IF(AND(A17="",A16<>"",COUNTIF(A18:$A$200,"<>")=0),ROUND(SUMIF($A$2:A16,"<>",$R$2:R16),2),IF(OR(Q17="",C17="",NOT(ISNUMBER($Z$5))),"",ROUND(Q17*C17*$Z$5,2))) | U17: =IF(AND(A17="",A16<>"",COUNTIF(A18:$A$200,"<>")=0),"TOTAL",IF(A17="","",posicao_contratual!X17)) | V17: =IF(A17="","",posicao_contratual!X17) | AB17: =IF(OR(A17="",posicao_contratual!E17="",posicao_contratual!J17=""),"",ROUND(MAX(posicao_contratual!E17-posicao_contratual!J17,0),2)) | AC17: =IF(AND(A17="",A16<>"",COUNTIF(A18:$A$200,"<>")=0),ROUND(SUMIF($A$2:A16,"<>",$AC$2:AC16),2),IF(OR(AB17="",C17="",NOT(ISNUMBER($Z$2))),"",ROUND(AB17*C17*$Z$2,2))) | AD17: =IF(A17="","",posicao_contratual!E17) | AE17: =IF(A17="","",posicao_contratual!I17) | AF17: =IF(A17="","",posicao_contratual!M17) | AG17: =IF(A17="","",posicao_contratual!Q17) | AH17: =IF(A17="","",posicao_contratual!U17) | AI17: =IF(A17="","",posicao_contratual!G17) | AJ17: =IF(A17="","",posicao_contratual!K17) | AK17: =IF(A17="","",posicao_contratual!O17) | AL17: =IF(A17="","",posicao_contratual!S17) | AM17: =IF(A17="","",posicao_contratual!W17) | AN17: =IF(A17="","",posicao_contratual!X17)
D18: =IF(AND(A18="",A17<>"",COUNTIF(A19:$A$200,"<>")=0),ROUND(SUMIF($A$2:A17,"<>",$D$2:D17),2),IF(OR(A18="",B18="",C18=""),"",ROUND(B18*C18,2))) | F18: =IF(AND(A18="",A17<>"",COUNTIF(A19:$A$200,"<>")=0),ROUND(SUMIF($A$2:A17,"<>",$F$2:F17),2),IF(OR(A18="",posicao_contratual!K18="",C18="",NOT(ISNUMBER($Z$3))),"",ROUND(posicao_contratual!K18*C18*$Z$3,2))) | H18: =IF(AND(A18="",A17<>"",COUNTIF(A19:$A$200,"<>")=0),ROUND(SUMIF($A$2:A17,"<>",$H$2:H17),2),IF(OR(A18="",posicao_contratual!O18="",C18="",NOT(ISNUMBER($Z$4))),"",ROUND(posicao_contratual!O18*C18*$Z$4,2))) | J18: =IF(AND(A18="",A17<>"",COUNTIF(A19:$A$200,"<>")=0),ROUND(SUMIF($A$2:A17,"<>",$J$2:J17),2),IF(OR(A18="",posicao_contratual!S18="",C18="",NOT(ISNUMBER($Z$5))),"",ROUND(posicao_contratual!S18*C18*$Z$5,2))) | L18: =IF(AND(A18="",A17<>"",COUNTIF(A19:$A$200,"<>")=0),ROUND(SUMIF($A$2:A17,"<>",$L$2:L17),2),IF(OR(A18="",posicao_contratual!W18="",C18="",NOT(ISNUMBER($Z$6))),"",ROUND(posicao_contratual!W18*C18*$Z$6,2))) | M18: =IF(OR(posicao_contratual!J18="",posicao_contratual!N18=""),"",ROUND(MAX(posicao_contratual!J18+posicao_contratual!H18-posicao_contratual!N18,0),2)) | N18: =IF(AND(A18="",A17<>"",COUNTIF(A19:$A$200,"<>")=0),ROUND(SUMIF($A$2:A17,"<>",$N$2:N17),2),IF(OR(M18="",C18="",NOT(ISNUMBER($Z$3))),"",ROUND(M18*C18*$Z$3,2))) | O18: =IF(OR(posicao_contratual!N18="",posicao_contratual!R18=""),"",ROUND(MAX(posicao_contratual!N18+posicao_contratual!L18-posicao_contratual!R18,0),2)) | P18: =IF(AND(A18="",A17<>"",COUNTIF(A19:$A$200,"<>")=0),ROUND(SUMIF($A$2:A17,"<>",$P$2:P17),2),IF(OR(O18="",C18="",NOT(ISNUMBER($Z$4))),"",ROUND(O18*C18*$Z$4,2))) | Q18: =IF(OR(posicao_contratual!R18="",posicao_contratual!V18=""),"",ROUND(MAX(posicao_contratual!R18+posicao_contratual!P18-posicao_contratual!V18,0),2)) | R18: =IF(AND(A18="",A17<>"",COUNTIF(A19:$A$200,"<>")=0),ROUND(SUMIF($A$2:A17,"<>",$R$2:R17),2),IF(OR(Q18="",C18="",NOT(ISNUMBER($Z$5))),"",ROUND(Q18*C18*$Z$5,2))) | U18: =IF(AND(A18="",A17<>"",COUNTIF(A19:$A$200,"<>")=0),"TOTAL",IF(A18="","",posicao_contratual!X18)) | V18: =IF(A18="","",posicao_contratual!X18) | AB18: =IF(OR(A18="",posicao_contratual!E18="",posicao_contratual!J18=""),"",ROUND(MAX(posicao_contratual!E18-posicao_contratual!J18,0),2)) | AC18: =IF(AND(A18="",A17<>"",COUNTIF(A19:$A$200,"<>")=0),ROUND(SUMIF($A$2:A17,"<>",$AC$2:AC17),2),IF(OR(AB18="",C18="",NOT(ISNUMBER($Z$2))),"",ROUND(AB18*C18*$Z$2,2))) | AD18: =IF(A18="","",posicao_contratual!E18) | AE18: =IF(A18="","",posicao_contratual!I18) | AF18: =IF(A18="","",posicao_contratual!M18) | AG18: =IF(A18="","",posicao_contratual!Q18) | AH18: =IF(A18="","",posicao_contratual!U18) | AI18: =IF(A18="","",posicao_contratual!G18) | AJ18: =IF(A18="","",posicao_contratual!K18) | AK18: =IF(A18="","",posicao_contratual!O18) | AL18: =IF(A18="","",posicao_contratual!S18) | AM18: =IF(A18="","",posicao_contratual!W18) | AN18: =IF(A18="","",posicao_contratual!X18)
... D199: =IF(AND(A199="",A198<>"",COUNTIF(A200:$A$200,"<>")=0),ROUND(SUMIF($A$2:A198,"<>",$D$2:D198),2),IF(OR(A199="",B199="",C199=""),"",ROUND(B199*C199,2))) | F199: =IF(AND(A199="",A198<>"",COUNTIF(A200:$A$200,"<>")=0),ROUND(SUMIF($A$2:A198,"<>",$F$2:F198),2),IF(OR(A199="",posicao_contratual!K199="",C199="",NOT(ISNUMBER($Z$3))),"",ROUND(posicao_contratual!K199*C199*$Z$3,2))) | H199: =IF(AND(A199="",A198<>"",COUNTIF(A200:$A$200,"<>")=0),ROUND(SUMIF($A$2:A198,"<>",$H$2:H198),2),IF(OR(A199="",posicao_contratual!O199="",C199="",NOT(ISNUMBER($Z$4))),"",ROUND(posicao_contratual!O199*C199*$Z$4,2))) | J199: =IF(AND(A199="",A198<>"",COUNTIF(A200:$A$200,"<>")=0),ROUND(SUMIF($A$2:A198,"<>",$J$2:J198),2),IF(OR(A199="",posicao_contratual!S199="",C199="",NOT(ISNUMBER($Z$5))),"",ROUND(posicao_contratual!S199*C199*$Z$5,2))) | L199: =IF(AND(A199="",A198<>"",COUNTIF(A200:$A$200,"<>")=0),ROUND(SUMIF($A$2:A198,"<>",$L$2:L198),2),IF(OR(A199="",posicao_contratual!W199="",C199="",NOT(ISNUMBER($Z$6))),"",ROUND(posicao_contratual!W199*C199*$Z$6,2))) | M199: =IF(OR(posicao_contratual!J199="",posicao_contratual!N199=""),"",ROUND(MAX(posicao_contratual!J199+posicao_contratual!H199-posicao_contratual!N199,0),2)) | N199: =IF(AND(A199="",A198<>"",COUNTIF(A200:$A$200,"<>")=0),ROUND(SUMIF($A$2:A198,"<>",$N$2:N198),2),IF(OR(M199="",C199="",NOT(ISNUMBER($Z$3))),"",ROUND(M199*C199*$Z$3,2))) | O199: =IF(OR(posicao_contratual!N199="",posicao_contratual!R199=""),"",ROUND(MAX(posicao_contratual!N199+posicao_contratual!L199-posicao_contratual!R199,0),2)) | P199: =IF(AND(A199="",A198<>"",COUNTIF(A200:$A$200,"<>")=0),ROUND(SUMIF($A$2:A198,"<>",$P$2:P198),2),IF(OR(O199="",C199="",NOT(ISNUMBER($Z$4))),"",ROUND(O199*C199*$Z$4,2))) | Q199: =IF(OR(posicao_contratual!R199="",posicao_contratual!V199=""),"",ROUND(MAX(posicao_contratual!R199+posicao_contratual!P199-posicao_contratual!V199,0),2)) | R199: =IF(AND(A199="",A198<>"",COUNTIF(A200:$A$200,"<>")=0),ROUND(SUMIF($A$2:A198,"<>",$R$2:R198),2),IF(OR(Q199="",C199="",NOT(ISNUMBER($Z$5))),"",ROUND(Q199*C199*$Z$5,2))) | U199: =IF(AND(A199="",A198<>"",COUNTIF(A200:$A$200,"<>")=0),"TOTAL",IF(A199="","",posicao_contratual!X199)) | V199: =IF(A199="","",posicao_contratual!X199) | AB199: =IF(OR(A199="",posicao_contratual!E199="",posicao_contratual!J199=""),"",ROUND(MAX(posicao_contratual!E199-posicao_contratual!J199,0),2)) | AC199: =IF(AND(A199="",A198<>"",COUNTIF(A200:$A$200,"<>")=0),ROUND(SUMIF($A$2:A198,"<>",$AC$2:AC198),2),IF(OR(AB199="",C199="",NOT(ISNUMBER($Z$2))),"",ROUND(AB199*C199*$Z$2,2))) | AD199: =IF(A199="","",posicao_contratual!E199) | AE199: =IF(A199="","",posicao_contratual!I199) | AF199: =IF(A199="","",posicao_contratual!M199) | AG199: =IF(A199="","",posicao_contratual!Q199) | AH199: =IF(A199="","",posicao_contratual!U199) | AI199: =IF(A199="","",posicao_contratual!G199) | AJ199: =IF(A199="","",posicao_contratual!K199) | AK199: =IF(A199="","",posicao_contratual!O199) | AL199: =IF(A199="","",posicao_contratual!S199) | AM199: =IF(A199="","",posicao_contratual!W199) | AN199: =IF(A199="","",posicao_contratual!X199)
D200: =IF(AND(A200="",A199<>"",COUNTIF(A$200:$A201,"<>")=0),ROUND(SUMIF($A$2:A199,"<>",$D$2:D199),2),IF(OR(A200="",B200="",C200=""),"",ROUND(B200*C200,2))) | F200: =IF(AND(A200="",A199<>"",COUNTIF(A$200:$A201,"<>")=0),ROUND(SUMIF($A$2:A199,"<>",$F$2:F199),2),IF(OR(A200="",posicao_contratual!K200="",C200="",NOT(ISNUMBER($Z$3))),"",ROUND(posicao_contratual!K200*C200*$Z$3,2))) | H200: =IF(AND(A200="",A199<>"",COUNTIF(A$200:$A201,"<>")=0),ROUND(SUMIF($A$2:A199,"<>",$H$2:H199),2),IF(OR(A200="",posicao_contratual!O200="",C200="",NOT(ISNUMBER($Z$4))),"",ROUND(posicao_contratual!O200*C200*$Z$4,2))) | J200: =IF(AND(A200="",A199<>"",COUNTIF(A$200:$A201,"<>")=0),ROUND(SUMIF($A$2:A199,"<>",$J$2:J199),2),IF(OR(A200="",posicao_contratual!S200="",C200="",NOT(ISNUMBER($Z$5))),"",ROUND(posicao_contratual!S200*C200*$Z$5,2))) | L200: =IF(AND(A200="",A199<>"",COUNTIF(A$200:$A201,"<>")=0),ROUND(SUMIF($A$2:A199,"<>",$L$2:L199),2),IF(OR(A200="",posicao_contratual!W200="",C200="",NOT(ISNUMBER($Z$6))),"",ROUND(posicao_contratual!W200*C200*$Z$6,2))) | M200: =IF(OR(posicao_contratual!J200="",posicao_contratual!N200=""),"",ROUND(MAX(posicao_contratual!J200+posicao_contratual!H200-posicao_contratual!N200,0),2)) | N200: =IF(AND(A200="",A199<>"",COUNTIF(A$200:$A201,"<>")=0),ROUND(SUMIF($A$2:A199,"<>",$N$2:N199),2),IF(OR(M200="",C200="",NOT(ISNUMBER($Z$3))),"",ROUND(M200*C200*$Z$3,2))) | O200: =IF(OR(posicao_contratual!N200="",posicao_contratual!R200=""),"",ROUND(MAX(posicao_contratual!N200+posicao_contratual!L200-posicao_contratual!R200,0),2)) | P200: =IF(AND(A200="",A199<>"",COUNTIF(A$200:$A201,"<>")=0),ROUND(SUMIF($A$2:A199,"<>",$P$2:P199),2),IF(OR(O200="",C200="",NOT(ISNUMBER($Z$4))),"",ROUND(O200*C200*$Z$4,2))) | Q200: =IF(OR(posicao_contratual!R200="",posicao_contratual!V200=""),"",ROUND(MAX(posicao_contratual!R200+posicao_contratual!P200-posicao_contratual!V200,0),2)) | R200: =IF(AND(A200="",A199<>"",COUNTIF(A$200:$A201,"<>")=0),ROUND(SUMIF($A$2:A199,"<>",$R$2:R199),2),IF(OR(Q200="",C200="",NOT(ISNUMBER($Z$5))),"",ROUND(Q200*C200*$Z$5,2))) | U200: =IF(AND(A200="",A199<>"",COUNTIF(A$200:$A201,"<>")=0),"TOTAL",IF(A200="","",posicao_contratual!X200)) | V200: =IF(A200="","",posicao_contratual!X200) | AB200: =IF(OR(A200="",posicao_contratual!E200="",posicao_contratual!J200=""),"",ROUND(MAX(posicao_contratual!E200-posicao_contratual!J200,0),2)) | AC200: =IF(AND(A200="",A199<>"",COUNTIF(A$200:$A201,"<>")=0),ROUND(SUMIF($A$2:A199,"<>",$AC$2:AC199),2),IF(OR(AB200="",C200="",NOT(ISNUMBER($Z$2))),"",ROUND(AB200*C200*$Z$2,2))) | AD200: =IF(A200="","",posicao_contratual!E200) | AE200: =IF(A200="","",posicao_contratual!I200) | AF200: =IF(A200="","",posicao_contratual!M200) | AG200: =IF(A200="","",posicao_contratual!Q200) | AH200: =IF(A200="","",posicao_contratual!U200) | AI200: =IF(A200="","",posicao_contratual!G200) | AJ200: =IF(A200="","",posicao_contratual!K200) | AK200: =IF(A200="","",posicao_contratual!O200) | AL200: =IF(A200="","",posicao_contratual!S200) | AM200: =IF(A200="","",posicao_contratual!W200) | AN200: =IF(A200="","",posicao_contratual!X200)
D201: =IF(AND(A201="",A200<>"",COUNTIF(A$200:$A202,"<>")=0),ROUND(SUMIF($A$2:A200,"<>",$D$2:D200),2),IF(OR(A201="",B201="",C201=""),"",ROUND(B201*C201,2))) | F201: =IF(AND(A201="",A200<>"",COUNTIF(A$200:$A202,"<>")=0),ROUND(SUMIF($A$2:A200,"<>",$F$2:F200),2),IF(OR(A201="",posicao_contratual!K201="",C201="",NOT(ISNUMBER($Z$3))),"",ROUND(posicao_contratual!K201*C201*$Z$3,2))) | H201: =IF(AND(A201="",A200<>"",COUNTIF(A$200:$A202,"<>")=0),ROUND(SUMIF($A$2:A200,"<>",$H$2:H200),2),IF(OR(A201="",posicao_contratual!O201="",C201="",NOT(ISNUMBER($Z$4))),"",ROUND(posicao_contratual!O201*C201*$Z$4,2))) | J201: =IF(AND(A201="",A200<>"",COUNTIF(A$200:$A202,"<>")=0),ROUND(SUMIF($A$2:A200,"<>",$J$2:J200),2),IF(OR(A201="",posicao_contratual!S201="",C201="",NOT(ISNUMBER($Z$5))),"",ROUND(posicao_contratual!S201*C201*$Z$5,2))) | L201: =IF(AND(A201="",A200<>"",COUNTIF(A$200:$A202,"<>")=0),ROUND(SUMIF($A$2:A200,"<>",$L$2:L200),2),IF(OR(A201="",posicao_contratual!W201="",C201="",NOT(ISNUMBER($Z$6))),"",ROUND(posicao_contratual!W201*C201*$Z$6,2))) | N201: =IF(AND(A201="",A200<>"",COUNTIF(A$200:$A202,"<>")=0),ROUND(SUMIF($A$2:A200,"<>",$N$2:N200),2),IF(OR(M201="",C201="",NOT(ISNUMBER($Z$3))),"",ROUND(M201*C201*$Z$3,2))) | P201: =IF(AND(A201="",A200<>"",COUNTIF(A$200:$A202,"<>")=0),ROUND(SUMIF($A$2:A200,"<>",$P$2:P200),2),IF(OR(O201="",C201="",NOT(ISNUMBER($Z$4))),"",ROUND(O201*C201*$Z$4,2))) | R201: =IF(AND(A201="",A200<>"",COUNTIF(A$200:$A202,"<>")=0),ROUND(SUMIF($A$2:A200,"<>",$R$2:R200),2),IF(OR(Q201="",C201="",NOT(ISNUMBER($Z$5))),"",ROUND(Q201*C201*$Z$5,2))) | U201: =IF(AND(A201="",A200<>"",COUNTIF(A$200:$A202,"<>")=0),"TOTAL",IF(A201="","",posicao_contratual!X201)) | AC201: =IF(AND(A201="",A200<>"",COUNTIF(A$200:$A202,"<>")=0),ROUND(SUMIF($A$2:A200,"<>",$AC$2:AC200),2),IF(OR(AB201="",C201="",NOT(ISNUMBER($Z$2))),"",ROUND(AB201*C201*$Z$2,2)))

Sheet itens_Consumidos
A1: ITEM | B1: QTD_CONTRATADA | C1: VU_ORIGINAL | D1: VALOR_TOTAL | E1: QTD_CONS_C0 | F1: VALOR_CONS_C0 | G1: QTD_CONS_C1 | H1: VALOR_CONS_C1 | I1: QTD_CONS_C2 | J1: VALOR_CONS_C2 | K1: QTD_CONS_C3 | L1: VALOR_CONS_C3 | M1: QTD_CONS_C4 | N1: VALOR_CONS_C4 | O1: CONS_QTD_TOTAL | P1: CONS_VALOR_TOTAL | Q1: CHECK | R1: CICLO | S1: COMPUTAR_NESTA_APURACAO | T1: FATOR_PROPRIO | U1: FATOR_ACUMULADO
A2: ITEM-001 | B2: 120 | C2: 250 | D2: =IF(OR(A2="",B2="",C2=""),"",ROUND(B2*C2,2)) -> 30000 | E2: 20 | F2: =IF(OR(A2="",E2="",C2="",NOT(ISNUMBER($U$2))),"",ROUND(E2*C2*$U$2,2)) -> 5000 | G2: 55 | H2: =IF(OR(A2="",G2="",C2="",NOT(ISNUMBER($U$3))),"",ROUND(G2*C2*$U$3,2)) -> 14454 | J2: =IF(OR(A2="",I2="",C2="",NOT(ISNUMBER($U$4))),"",ROUND(I2*C2*$U$4,2)) | L2: =IF(OR(A2="",K2="",C2="",NOT(ISNUMBER($U$5))),"",ROUND(K2*C2*$U$5,2)) | N2: =IF(OR(A2="",M2="",C2="",NOT(ISNUMBER($U$6))),"",ROUND(M2*C2*$U$6,2)) | O2: =IF(A2="","",SUM(E2,G2,I2,K2,M2)) -> 75 | P2: =IF(A2="","",SUM(F2,H2,J2,L2,N2)) -> 19454 | Q2: =IF(A2="","",IF(O2>B2,"DIVERGENCIA: CONSUMO MAIOR QUE CONTRATADO","OK")) -> OK | R2: C0 | S2: =parametros!$A$2 -> Nao | T2: =IF(ISNUMBER(parametros!$E$2),parametros!$E$2,"") -> 0 | U2: =IF(ISNUMBER(parametros!$F$2),parametros!$F$2,"") -> 1
A3: ITEM-002 | B3: 80 | C3: 1500 | D3: =IF(OR(A3="",B3="",C3=""),"",ROUND(B3*C3,2)) -> 120000 | E3: 15 | F3: =IF(OR(A3="",E3="",C3="",NOT(ISNUMBER($U$2))),"",ROUND(E3*C3*$U$2,2)) -> 22500 | G3: 35 | H3: =IF(OR(A3="",G3="",C3="",NOT(ISNUMBER($U$3))),"",ROUND(G3*C3*$U$3,2)) -> 55188 | J3: =IF(OR(A3="",I3="",C3="",NOT(ISNUMBER($U$4))),"",ROUND(I3*C3*$U$4,2)) | L3: =IF(OR(A3="",K3="",C3="",NOT(ISNUMBER($U$5))),"",ROUND(K3*C3*$U$5,2)) | N3: =IF(OR(A3="",M3="",C3="",NOT(ISNUMBER($U$6))),"",ROUND(M3*C3*$U$6,2)) | O3: =IF(A3="","",SUM(E3,G3,I3,K3,M3)) -> 50 | P3: =IF(A3="","",SUM(F3,H3,J3,L3,N3)) -> 77688 | Q3: =IF(A3="","",IF(O3>B3,"DIVERGENCIA: CONSUMO MAIOR QUE CONTRATADO","OK")) -> OK | R3: C1 | S3: =parametros!$A$3 -> Sim | T3: =IF(ISNUMBER(parametros!$E$3),parametros!$E$3,"") -> 0.0512 | U3: =IF(ISNUMBER(parametros!$F$3),parametros!$F$3,"") -> 1.0512
A4: ITEM-003 | B4: 40 | C4: 3200 | D4: =IF(OR(A4="",B4="",C4=""),"",ROUND(B4*C4,2)) -> 128000 | E4: 8 | F4: =IF(OR(A4="",E4="",C4="",NOT(ISNUMBER($U$2))),"",ROUND(E4*C4*$U$2,2)) -> 25600 | G4: 20 | H4: =IF(OR(A4="",G4="",C4="",NOT(ISNUMBER($U$3))),"",ROUND(G4*C4*$U$3,2)) -> 67276.8 | J4: =IF(OR(A4="",I4="",C4="",NOT(ISNUMBER($U$4))),"",ROUND(I4*C4*$U$4,2)) | L4: =IF(OR(A4="",K4="",C4="",NOT(ISNUMBER($U$5))),"",ROUND(K4*C4*$U$5,2)) | N4: =IF(OR(A4="",M4="",C4="",NOT(ISNUMBER($U$6))),"",ROUND(M4*C4*$U$6,2)) | O4: =IF(A4="","",SUM(E4,G4,I4,K4,M4)) -> 28 | P4: =IF(A4="","",SUM(F4,H4,J4,L4,N4)) -> 92876.8 | Q4: =IF(A4="","",IF(O4>B4,"DIVERGENCIA: CONSUMO MAIOR QUE CONTRATADO","OK")) -> OK | R4: C2 | S4: =parametros!$A$4 -> Nao | T4: =IF(ISNUMBER(parametros!$E$4),parametros!$E$4,"") -> 0.0374 | U4: =IF(ISNUMBER(parametros!$F$4),parametros!$F$4,"") -> 1.0905149
D5: =IF(OR(A5="",B5="",C5=""),"",ROUND(B5*C5,2)) | F5: =IF(OR(A5="",E5="",C5="",NOT(ISNUMBER($U$2))),"",ROUND(E5*C5*$U$2,2)) | H5: =IF(OR(A5="",G5="",C5="",NOT(ISNUMBER($U$3))),"",ROUND(G5*C5*$U$3,2)) | J5: =IF(OR(A5="",I5="",C5="",NOT(ISNUMBER($U$4))),"",ROUND(I5*C5*$U$4,2)) | L5: =IF(OR(A5="",K5="",C5="",NOT(ISNUMBER($U$5))),"",ROUND(K5*C5*$U$5,2)) | N5: =IF(OR(A5="",M5="",C5="",NOT(ISNUMBER($U$6))),"",ROUND(M5*C5*$U$6,2)) | O5: =IF(A5="","",SUM(E5,G5,I5,K5,M5)) | P5: =IF(A5="","",SUM(F5,H5,J5,L5,N5)) | Q5: =IF(A5="","",IF(O5>B5,"DIVERGENCIA: CONSUMO MAIOR QUE CONTRATADO","OK")) | R5: C3 | S5: =parametros!$A$5 -> Nao | T5: =IF(ISNUMBER(parametros!$E$5),parametros!$E$5,"") -> 0.0289 | U5: =IF(ISNUMBER(parametros!$F$5),parametros!$F$5,"") -> 1.1220308
D6: =IF(OR(A6="",B6="",C6=""),"",ROUND(B6*C6,2)) | F6: =IF(OR(A6="",E6="",C6="",NOT(ISNUMBER($U$2))),"",ROUND(E6*C6*$U$2,2)) | H6: =IF(OR(A6="",G6="",C6="",NOT(ISNUMBER($U$3))),"",ROUND(G6*C6*$U$3,2)) | J6: =IF(OR(A6="",I6="",C6="",NOT(ISNUMBER($U$4))),"",ROUND(I6*C6*$U$4,2)) | L6: =IF(OR(A6="",K6="",C6="",NOT(ISNUMBER($U$5))),"",ROUND(K6*C6*$U$5,2)) | N6: =IF(OR(A6="",M6="",C6="",NOT(ISNUMBER($U$6))),"",ROUND(M6*C6*$U$6,2)) | O6: =IF(A6="","",SUM(E6,G6,I6,K6,M6)) | P6: =IF(A6="","",SUM(F6,H6,J6,L6,N6)) | Q6: =IF(A6="","",IF(O6>B6,"DIVERGENCIA: CONSUMO MAIOR QUE CONTRATADO","OK")) | R6: C4 | S6: =parametros!$A$6 -> Nao | T6: =IF(ISNUMBER(parametros!$E$6),parametros!$E$6,"") | U6: =IF(ISNUMBER(parametros!$F$6),parametros!$F$6,"")
D7: =IF(OR(A7="",B7="",C7=""),"",ROUND(B7*C7,2)) | F7: =IF(OR(A7="",E7="",C7="",NOT(ISNUMBER($U$2))),"",ROUND(E7*C7*$U$2,2)) | H7: =IF(OR(A7="",G7="",C7="",NOT(ISNUMBER($U$3))),"",ROUND(G7*C7*$U$3,2)) | J7: =IF(OR(A7="",I7="",C7="",NOT(ISNUMBER($U$4))),"",ROUND(I7*C7*$U$4,2)) | L7: =IF(OR(A7="",K7="",C7="",NOT(ISNUMBER($U$5))),"",ROUND(K7*C7*$U$5,2)) | N7: =IF(OR(A7="",M7="",C7="",NOT(ISNUMBER($U$6))),"",ROUND(M7*C7*$U$6,2)) | O7: =IF(A7="","",SUM(E7,G7,I7,K7,M7)) | P7: =IF(A7="","",SUM(F7,H7,J7,L7,N7)) | Q7: =IF(A7="","",IF(O7>B7,"DIVERGENCIA: CONSUMO MAIOR QUE CONTRATADO","OK"))
D8: =IF(OR(A8="",B8="",C8=""),"",ROUND(B8*C8,2)) | F8: =IF(OR(A8="",E8="",C8="",NOT(ISNUMBER($U$2))),"",ROUND(E8*C8*$U$2,2)) | H8: =IF(OR(A8="",G8="",C8="",NOT(ISNUMBER($U$3))),"",ROUND(G8*C8*$U$3,2)) | J8: =IF(OR(A8="",I8="",C8="",NOT(ISNUMBER($U$4))),"",ROUND(I8*C8*$U$4,2)) | L8: =IF(OR(A8="",K8="",C8="",NOT(ISNUMBER($U$5))),"",ROUND(K8*C8*$U$5,2)) | N8: =IF(OR(A8="",M8="",C8="",NOT(ISNUMBER($U$6))),"",ROUND(M8*C8*$U$6,2)) | O8: =IF(A8="","",SUM(E8,G8,I8,K8,M8)) | P8: =IF(A8="","",SUM(F8,H8,J8,L8,N8)) | Q8: =IF(A8="","",IF(O8>B8,"DIVERGENCIA: CONSUMO MAIOR QUE CONTRATADO","OK"))
D9: =IF(OR(A9="",B9="",C9=""),"",ROUND(B9*C9,2)) | F9: =IF(OR(A9="",E9="",C9="",NOT(ISNUMBER($U$2))),"",ROUND(E9*C9*$U$2,2)) | H9: =IF(OR(A9="",G9="",C9="",NOT(ISNUMBER($U$3))),"",ROUND(G9*C9*$U$3,2)) | J9: =IF(OR(A9="",I9="",C9="",NOT(ISNUMBER($U$4))),"",ROUND(I9*C9*$U$4,2)) | L9: =IF(OR(A9="",K9="",C9="",NOT(ISNUMBER($U$5))),"",ROUND(K9*C9*$U$5,2)) | N9: =IF(OR(A9="",M9="",C9="",NOT(ISNUMBER($U$6))),"",ROUND(M9*C9*$U$6,2)) | O9: =IF(A9="","",SUM(E9,G9,I9,K9,M9)) | P9: =IF(A9="","",SUM(F9,H9,J9,L9,N9)) | Q9: =IF(A9="","",IF(O9>B9,"DIVERGENCIA: CONSUMO MAIOR QUE CONTRATADO","OK"))
D10: =IF(OR(A10="",B10="",C10=""),"",ROUND(B10*C10,2)) | F10: =IF(OR(A10="",E10="",C10="",NOT(ISNUMBER($U$2))),"",ROUND(E10*C10*$U$2,2)) | H10: =IF(OR(A10="",G10="",C10="",NOT(ISNUMBER($U$3))),"",ROUND(G10*C10*$U$3,2)) | J10: =IF(OR(A10="",I10="",C10="",NOT(ISNUMBER($U$4))),"",ROUND(I10*C10*$U$4,2)) | L10: =IF(OR(A10="",K10="",C10="",NOT(ISNUMBER($U$5))),"",ROUND(K10*C10*$U$5,2)) | N10: =IF(OR(A10="",M10="",C10="",NOT(ISNUMBER($U$6))),"",ROUND(M10*C10*$U$6,2)) | O10: =IF(A10="","",SUM(E10,G10,I10,K10,M10)) | P10: =IF(A10="","",SUM(F10,H10,J10,L10,N10)) | Q10: =IF(A10="","",IF(O10>B10,"DIVERGENCIA: CONSUMO MAIOR QUE CONTRATADO","OK"))
D11: =IF(OR(A11="",B11="",C11=""),"",ROUND(B11*C11,2)) | F11: =IF(OR(A11="",E11="",C11="",NOT(ISNUMBER($U$2))),"",ROUND(E11*C11*$U$2,2)) | H11: =IF(OR(A11="",G11="",C11="",NOT(ISNUMBER($U$3))),"",ROUND(G11*C11*$U$3,2)) | J11: =IF(OR(A11="",I11="",C11="",NOT(ISNUMBER($U$4))),"",ROUND(I11*C11*$U$4,2)) | L11: =IF(OR(A11="",K11="",C11="",NOT(ISNUMBER($U$5))),"",ROUND(K11*C11*$U$5,2)) | N11: =IF(OR(A11="",M11="",C11="",NOT(ISNUMBER($U$6))),"",ROUND(M11*C11*$U$6,2)) | O11: =IF(A11="","",SUM(E11,G11,I11,K11,M11)) | P11: =IF(A11="","",SUM(F11,H11,J11,L11,N11)) | Q11: =IF(A11="","",IF(O11>B11,"DIVERGENCIA: CONSUMO MAIOR QUE CONTRATADO","OK"))
D12: =IF(OR(A12="",B12="",C12=""),"",ROUND(B12*C12,2)) | F12: =IF(OR(A12="",E12="",C12="",NOT(ISNUMBER($U$2))),"",ROUND(E12*C12*$U$2,2)) | H12: =IF(OR(A12="",G12="",C12="",NOT(ISNUMBER($U$3))),"",ROUND(G12*C12*$U$3,2)) | J12: =IF(OR(A12="",I12="",C12="",NOT(ISNUMBER($U$4))),"",ROUND(I12*C12*$U$4,2)) | L12: =IF(OR(A12="",K12="",C12="",NOT(ISNUMBER($U$5))),"",ROUND(K12*C12*$U$5,2)) | N12: =IF(OR(A12="",M12="",C12="",NOT(ISNUMBER($U$6))),"",ROUND(M12*C12*$U$6,2)) | O12: =IF(A12="","",SUM(E12,G12,I12,K12,M12)) | P12: =IF(A12="","",SUM(F12,H12,J12,L12,N12)) | Q12: =IF(A12="","",IF(O12>B12,"DIVERGENCIA: CONSUMO MAIOR QUE CONTRATADO","OK"))
D13: =IF(OR(A13="",B13="",C13=""),"",ROUND(B13*C13,2)) | F13: =IF(OR(A13="",E13="",C13="",NOT(ISNUMBER($U$2))),"",ROUND(E13*C13*$U$2,2)) | H13: =IF(OR(A13="",G13="",C13="",NOT(ISNUMBER($U$3))),"",ROUND(G13*C13*$U$3,2)) | J13: =IF(OR(A13="",I13="",C13="",NOT(ISNUMBER($U$4))),"",ROUND(I13*C13*$U$4,2)) | L13: =IF(OR(A13="",K13="",C13="",NOT(ISNUMBER($U$5))),"",ROUND(K13*C13*$U$5,2)) | N13: =IF(OR(A13="",M13="",C13="",NOT(ISNUMBER($U$6))),"",ROUND(M13*C13*$U$6,2)) | O13: =IF(A13="","",SUM(E13,G13,I13,K13,M13)) | P13: =IF(A13="","",SUM(F13,H13,J13,L13,N13)) | Q13: =IF(A13="","",IF(O13>B13,"DIVERGENCIA: CONSUMO MAIOR QUE CONTRATADO","OK"))
D14: =IF(OR(A14="",B14="",C14=""),"",ROUND(B14*C14,2)) | F14: =IF(OR(A14="",E14="",C14="",NOT(ISNUMBER($U$2))),"",ROUND(E14*C14*$U$2,2)) | H14: =IF(OR(A14="",G14="",C14="",NOT(ISNUMBER($U$3))),"",ROUND(G14*C14*$U$3,2)) | J14: =IF(OR(A14="",I14="",C14="",NOT(ISNUMBER($U$4))),"",ROUND(I14*C14*$U$4,2)) | L14: =IF(OR(A14="",K14="",C14="",NOT(ISNUMBER($U$5))),"",ROUND(K14*C14*$U$5,2)) | N14: =IF(OR(A14="",M14="",C14="",NOT(ISNUMBER($U$6))),"",ROUND(M14*C14*$U$6,2)) | O14: =IF(A14="","",SUM(E14,G14,I14,K14,M14)) | P14: =IF(A14="","",SUM(F14,H14,J14,L14,N14)) | Q14: =IF(A14="","",IF(O14>B14,"DIVERGENCIA: CONSUMO MAIOR QUE CONTRATADO","OK"))
D15: =IF(OR(A15="",B15="",C15=""),"",ROUND(B15*C15,2)) | F15: =IF(OR(A15="",E15="",C15="",NOT(ISNUMBER($U$2))),"",ROUND(E15*C15*$U$2,2)) | H15: =IF(OR(A15="",G15="",C15="",NOT(ISNUMBER($U$3))),"",ROUND(G15*C15*$U$3,2)) | J15: =IF(OR(A15="",I15="",C15="",NOT(ISNUMBER($U$4))),"",ROUND(I15*C15*$U$4,2)) | L15: =IF(OR(A15="",K15="",C15="",NOT(ISNUMBER($U$5))),"",ROUND(K15*C15*$U$5,2)) | N15: =IF(OR(A15="",M15="",C15="",NOT(ISNUMBER($U$6))),"",ROUND(M15*C15*$U$6,2)) | O15: =IF(A15="","",SUM(E15,G15,I15,K15,M15)) | P15: =IF(A15="","",SUM(F15,H15,J15,L15,N15)) | Q15: =IF(A15="","",IF(O15>B15,"DIVERGENCIA: CONSUMO MAIOR QUE CONTRATADO","OK"))
D16: =IF(OR(A16="",B16="",C16=""),"",ROUND(B16*C16,2)) | F16: =IF(OR(A16="",E16="",C16="",NOT(ISNUMBER($U$2))),"",ROUND(E16*C16*$U$2,2)) | H16: =IF(OR(A16="",G16="",C16="",NOT(ISNUMBER($U$3))),"",ROUND(G16*C16*$U$3,2)) | J16: =IF(OR(A16="",I16="",C16="",NOT(ISNUMBER($U$4))),"",ROUND(I16*C16*$U$4,2)) | L16: =IF(OR(A16="",K16="",C16="",NOT(ISNUMBER($U$5))),"",ROUND(K16*C16*$U$5,2)) | N16: =IF(OR(A16="",M16="",C16="",NOT(ISNUMBER($U$6))),"",ROUND(M16*C16*$U$6,2)) | O16: =IF(A16="","",SUM(E16,G16,I16,K16,M16)) | P16: =IF(A16="","",SUM(F16,H16,J16,L16,N16)) | Q16: =IF(A16="","",IF(O16>B16,"DIVERGENCIA: CONSUMO MAIOR QUE CONTRATADO","OK"))
D17: =IF(OR(A17="",B17="",C17=""),"",ROUND(B17*C17,2)) | F17: =IF(OR(A17="",E17="",C17="",NOT(ISNUMBER($U$2))),"",ROUND(E17*C17*$U$2,2)) | H17: =IF(OR(A17="",G17="",C17="",NOT(ISNUMBER($U$3))),"",ROUND(G17*C17*$U$3,2)) | J17: =IF(OR(A17="",I17="",C17="",NOT(ISNUMBER($U$4))),"",ROUND(I17*C17*$U$4,2)) | L17: =IF(OR(A17="",K17="",C17="",NOT(ISNUMBER($U$5))),"",ROUND(K17*C17*$U$5,2)) | N17: =IF(OR(A17="",M17="",C17="",NOT(ISNUMBER($U$6))),"",ROUND(M17*C17*$U$6,2)) | O17: =IF(A17="","",SUM(E17,G17,I17,K17,M17)) | P17: =IF(A17="","",SUM(F17,H17,J17,L17,N17)) | Q17: =IF(A17="","",IF(O17>B17,"DIVERGENCIA: CONSUMO MAIOR QUE CONTRATADO","OK"))
D18: =IF(OR(A18="",B18="",C18=""),"",ROUND(B18*C18,2)) | F18: =IF(OR(A18="",E18="",C18="",NOT(ISNUMBER($U$2))),"",ROUND(E18*C18*$U$2,2)) | H18: =IF(OR(A18="",G18="",C18="",NOT(ISNUMBER($U$3))),"",ROUND(G18*C18*$U$3,2)) | J18: =IF(OR(A18="",I18="",C18="",NOT(ISNUMBER($U$4))),"",ROUND(I18*C18*$U$4,2)) | L18: =IF(OR(A18="",K18="",C18="",NOT(ISNUMBER($U$5))),"",ROUND(K18*C18*$U$5,2)) | N18: =IF(OR(A18="",M18="",C18="",NOT(ISNUMBER($U$6))),"",ROUND(M18*C18*$U$6,2)) | O18: =IF(A18="","",SUM(E18,G18,I18,K18,M18)) | P18: =IF(A18="","",SUM(F18,H18,J18,L18,N18)) | Q18: =IF(A18="","",IF(O18>B18,"DIVERGENCIA: CONSUMO MAIOR QUE CONTRATADO","OK"))
... D200: =IF(OR(A200="",B200="",C200=""),"",ROUND(B200*C200,2)) | F200: =IF(OR(A200="",E200="",C200="",NOT(ISNUMBER($U$2))),"",ROUND(E200*C200*$U$2,2)) | H200: =IF(OR(A200="",G200="",C200="",NOT(ISNUMBER($U$3))),"",ROUND(G200*C200*$U$3,2)) | J200: =IF(OR(A200="",I200="",C200="",NOT(ISNUMBER($U$4))),"",ROUND(I200*C200*$U$4,2)) | L200: =IF(OR(A200="",K200="",C200="",NOT(ISNUMBER($U$5))),"",ROUND(K200*C200*$U$5,2)) | N200: =IF(OR(A200="",M200="",C200="",NOT(ISNUMBER($U$6))),"",ROUND(M200*C200*$U$6,2)) | O200: =IF(A200="","",SUM(E200,G200,I200,K200,M200)) | P200: =IF(A200="","",SUM(F200,H200,J200,L200,N200)) | Q200: =IF(A200="","",IF(O200>B200,"DIVERGENCIA: CONSUMO MAIOR QUE CONTRATADO","OK"))

Sheet itens_PC
A1: NUMERO_PC | B1: DATA_PC | C1: CICLO_PC | D1: VALOR_PC | E1: FATOR_ACUMULADO | F1: VALOR_ATUALIZADO | G1: PC_PAGO_A_CONTRATADA | H1: RETROATIVO_RECONHECIDO_A_PAGAR | I1: VALOR_ATUALIZADO_EM_ANALISE | J1: DELTA_POTENCIAL | K1: CHECK_PC_FINANCEIRO | M1: CICLO | N1: QTD_PC | O1: VALOR_PC_TOTAL | P1: VALOR_ATUALIZADO_TOTAL | Q1: RETROATIVO_RECONHECIDO_A_PAGAR | R1: VALOR_ATUALIZADO_EM_ANALISE | S1: DELTA_POTENCIAL | T1: QTD_COM_CHECK | V1: COMPUTA_VTA | W1: TIPO_PARCELA | X1: ORIGEM_DADO | Y1: TIPO_FINANCEIRO | Z1: FONTE_PARCELA | AA1: JA_REFLETIDO_EM | AB1: STATUS_CONSOLIDACAO | AC1: JUSTIFICATIVA_VTA
A2: PC-2024-001 | B2: 45337 | C2: =IF(B2="","",IF(NOT(ISNUMBER(B2)),"DATA_PC invalida",IF(OR(B2<MIN(parametros!$C$2:$C$6),B2>MAX(parametros!$D$2:$D$6)),"Fora dos ciclos",LOOKUP(B2,parametros!$C$2:$C$6,parametros!$B$2:$B$6)))) -> C1 | D2: 180000 | E2: =IF(C2="","",IFERROR(VLOOKUP(C2,parametros!$A$11:$E$15,5,0),"")) -> 1.0512 | F2: =IF(OR(D2="",E2=""),"",ROUND(D2*E2,2)) -> 189216 | G2: Sim | H2: =IF(G2="Sim",IF(OR(F2="",D2=""),"",ROUND(F2-D2,2)),0) -> 9216 | I2: =IF(G2="Nao",IF(F2="","",F2),0) -> 0 | J2: =IF(G2="Nao",IF(OR(F2="",D2=""),"",ROUND(F2-D2,2)),0) -> 0 | K2: =IF(COUNTA(A2:G2)=0,"",IF(AND(A2<>"",SUMPRODUCT(--(UPPER(TRIM($A$2:$A$100))=UPPER(TRIM(A2))))>1),"NUMERO_PC duplicado",IF(B2="","DATA_PC vazia",IF(OR(C2="",C2="Fora dos ciclos"),"CICLO_PC nao identificado",IF(OR(D2="",D2=0),"VALOR_PC vazio ou zero",IF(AND(G2<>"Sim",G2<>"Nao"),"PC_PAGO_A_CONTRATADA invalido","OK")))))) -> OK | M2: C0 | N2: =COUNTIF($C$2:$C$100,M2) -> 0 | O2: =SUMIF($C$2:$C$100,M2,$D$2:$D$100) -> 0 | P2: =SUMIF($C$2:$C$100,M2,$F$2:$F$100) -> 0 | Q2: =SUMIF($C$2:$C$100,M2,$H$2:$H$100) -> 0 | R2: =SUMIF($C$2:$C$100,M2,$I$2:$I$100) -> 0 | S2: =SUMIF($C$2:$C$100,M2,$J$2:$J$100) -> 0 | T2: =COUNTIFS($C$2:$C$100,M2,$K$2:$K$100,"<>OK",$K$2:$K$100,"<>") -> 0 | V2: Nao | W2: PC em analise | X2: Pedido de Compra | Y2: Impacto Potencial | Z2: PC | AA2: Nao | AB2: NAO_COMPUTADO | AC2: Estrutura Fase 1: sem impacto no VTA oficial
A3: PC-2024-002 | B3: 45432 | C3: =IF(B3="","",IF(NOT(ISNUMBER(B3)),"DATA_PC invalida",IF(OR(B3<MIN(parametros!$C$2:$C$6),B3>MAX(parametros!$D$2:$D$6)),"Fora dos ciclos",LOOKUP(B3,parametros!$C$2:$C$6,parametros!$B$2:$B$6)))) -> C1 | D3: 96500 | E3: =IF(C3="","",IFERROR(VLOOKUP(C3,parametros!$A$11:$E$15,5,0),"")) -> 1.0512 | F3: =IF(OR(D3="",E3=""),"",ROUND(D3*E3,2)) -> 101440.8 | G3: Sim | H3: =IF(G3="Sim",IF(OR(F3="",D3=""),"",ROUND(F3-D3,2)),0) -> 4940.8 | I3: =IF(G3="Nao",IF(F3="","",F3),0) -> 0 | J3: =IF(G3="Nao",IF(OR(F3="",D3=""),"",ROUND(F3-D3,2)),0) -> 0 | K3: =IF(COUNTA(A3:G3)=0,"",IF(AND(A3<>"",SUMPRODUCT(--(UPPER(TRIM($A$2:$A$100))=UPPER(TRIM(A3))))>1),"NUMERO_PC duplicado",IF(B3="","DATA_PC vazia",IF(OR(C3="",C3="Fora dos ciclos"),"CICLO_PC nao identificado",IF(OR(D3="",D3=0),"VALOR_PC vazio ou zero",IF(AND(G3<>"Sim",G3<>"Nao"),"PC_PAGO_A_CONTRATADA invalido","OK")))))) -> OK | M3: C1 | N3: =COUNTIF($C$2:$C$100,M3) -> 3 | O3: =SUMIF($C$2:$C$100,M3,$D$2:$D$100) -> 421750 | P3: =SUMIF($C$2:$C$100,M3,$F$2:$F$100) -> 443343.6 | Q3: =SUMIF($C$2:$C$100,M3,$H$2:$H$100) -> 14156.8 | R3: =SUMIF($C$2:$C$100,M3,$I$2:$I$100) -> 152686.8 | S3: =SUMIF($C$2:$C$100,M3,$J$2:$J$100) -> 7436.8 | T3: =COUNTIFS($C$2:$C$100,M3,$K$2:$K$100,"<>OK",$K$2:$K$100,"<>") -> 0 | V3: Nao | W3: PC em analise | X3: Pedido de Compra | Y3: Impacto Potencial | Z3: PC | AA3: Nao | AB3: NAO_COMPUTADO | AC3: Estrutura Fase 1: sem impacto no VTA oficial
A4: PC-2024-003 | B4: 45565 | C4: =IF(B4="","",IF(NOT(ISNUMBER(B4)),"DATA_PC invalida",IF(OR(B4<MIN(parametros!$C$2:$C$6),B4>MAX(parametros!$D$2:$D$6)),"Fora dos ciclos",LOOKUP(B4,parametros!$C$2:$C$6,parametros!$B$2:$B$6)))) -> C1 | D4: 145250 | E4: =IF(C4="","",IFERROR(VLOOKUP(C4,parametros!$A$11:$E$15,5,0),"")) -> 1.0512 | F4: =IF(OR(D4="",E4=""),"",ROUND(D4*E4,2)) -> 152686.8 | G4: Nao | H4: =IF(G4="Sim",IF(OR(F4="",D4=""),"",ROUND(F4-D4,2)),0) -> 0 | I4: =IF(G4="Nao",IF(F4="","",F4),0) -> 152686.8 | J4: =IF(G4="Nao",IF(OR(F4="",D4=""),"",ROUND(F4-D4,2)),0) -> 7436.8 | K4: =IF(COUNTA(A4:G4)=0,"",IF(AND(A4<>"",SUMPRODUCT(--(UPPER(TRIM($A$2:$A$100))=UPPER(TRIM(A4))))>1),"NUMERO_PC duplicado",IF(B4="","DATA_PC vazia",IF(OR(C4="",C4="Fora dos ciclos"),"CICLO_PC nao identificado",IF(OR(D4="",D4=0),"VALOR_PC vazio ou zero",IF(AND(G4<>"Sim",G4<>"Nao"),"PC_PAGO_A_CONTRATADA invalido","OK")))))) -> OK | M4: C2 | N4: =COUNTIF($C$2:$C$100,M4) -> 0 | O4: =SUMIF($C$2:$C$100,M4,$D$2:$D$100) -> 0 | P4: =SUMIF($C$2:$C$100,M4,$F$2:$F$100) -> 0 | Q4: =SUMIF($C$2:$C$100,M4,$H$2:$H$100) -> 0 | R4: =SUMIF($C$2:$C$100,M4,$I$2:$I$100) -> 0 | S4: =SUMIF($C$2:$C$100,M4,$J$2:$J$100) -> 0 | T4: =COUNTIFS($C$2:$C$100,M4,$K$2:$K$100,"<>OK",$K$2:$K$100,"<>") -> 0 | V4: Nao | W4: PC em analise | X4: Pedido de Compra | Y4: Impacto Potencial | Z4: PC | AA4: Nao | AB4: NAO_COMPUTADO | AC4: Estrutura Fase 1: sem impacto no VTA oficial
C5: =IF(B5="","",IF(NOT(ISNUMBER(B5)),"DATA_PC invalida",IF(OR(B5<MIN(parametros!$C$2:$C$6),B5>MAX(parametros!$D$2:$D$6)),"Fora dos ciclos",LOOKUP(B5,parametros!$C$2:$C$6,parametros!$B$2:$B$6)))) | E5: =IF(C5="","",IFERROR(VLOOKUP(C5,parametros!$A$11:$E$15,5,0),"")) | F5: =IF(OR(D5="",E5=""),"",ROUND(D5*E5,2)) | H5: =IF(G5="Sim",IF(OR(F5="",D5=""),"",ROUND(F5-D5,2)),0) -> 0 | I5: =IF(G5="Nao",IF(F5="","",F5),0) -> 0 | J5: =IF(G5="Nao",IF(OR(F5="",D5=""),"",ROUND(F5-D5,2)),0) -> 0 | K5: =IF(COUNTA(A5:G5)=0,"",IF(AND(A5<>"",SUMPRODUCT(--(UPPER(TRIM($A$2:$A$100))=UPPER(TRIM(A5))))>1),"NUMERO_PC duplicado",IF(B5="","DATA_PC vazia",IF(OR(C5="",C5="Fora dos ciclos"),"CICLO_PC nao identificado",IF(OR(D5="",D5=0),"VALOR_PC vazio ou zero",IF(AND(G5<>"Sim",G5<>"Nao"),"PC_PAGO_A_CONTRATADA invalido","OK")))))) -> DATA_PC vazia | M5: C3 | N5: =COUNTIF($C$2:$C$100,M5) -> 0 | O5: =SUMIF($C$2:$C$100,M5,$D$2:$D$100) -> 0 | P5: =SUMIF($C$2:$C$100,M5,$F$2:$F$100) -> 0 | Q5: =SUMIF($C$2:$C$100,M5,$H$2:$H$100) -> 0 | R5: =SUMIF($C$2:$C$100,M5,$I$2:$I$100) -> 0 | S5: =SUMIF($C$2:$C$100,M5,$J$2:$J$100) -> 0 | T5: =COUNTIFS($C$2:$C$100,M5,$K$2:$K$100,"<>OK",$K$2:$K$100,"<>") -> 0 | V5: Nao | W5: PC em analise | X5: Pedido de Compra | Y5: Impacto Potencial | Z5: PC | AA5: Nao | AB5: NAO_COMPUTADO | AC5: Estrutura Fase 1: sem impacto no VTA oficial
C6: =IF(B6="","",IF(NOT(ISNUMBER(B6)),"DATA_PC invalida",IF(OR(B6<MIN(parametros!$C$2:$C$6),B6>MAX(parametros!$D$2:$D$6)),"Fora dos ciclos",LOOKUP(B6,parametros!$C$2:$C$6,parametros!$B$2:$B$6)))) | E6: =IF(C6="","",IFERROR(VLOOKUP(C6,parametros!$A$11:$E$15,5,0),"")) | F6: =IF(OR(D6="",E6=""),"",ROUND(D6*E6,2)) | H6: =IF(G6="Sim",IF(OR(F6="",D6=""),"",ROUND(F6-D6,2)),0) -> 0 | I6: =IF(G6="Nao",IF(F6="","",F6),0) -> 0 | J6: =IF(G6="Nao",IF(OR(F6="",D6=""),"",ROUND(F6-D6,2)),0) -> 0 | K6: =IF(COUNTA(A6:G6)=0,"",IF(AND(A6<>"",SUMPRODUCT(--(UPPER(TRIM($A$2:$A$100))=UPPER(TRIM(A6))))>1),"NUMERO_PC duplicado",IF(B6="","DATA_PC vazia",IF(OR(C6="",C6="Fora dos ciclos"),"CICLO_PC nao identificado",IF(OR(D6="",D6=0),"VALOR_PC vazio ou zero",IF(AND(G6<>"Sim",G6<>"Nao"),"PC_PAGO_A_CONTRATADA invalido","OK")))))) -> DATA_PC vazia | M6: C4 | N6: =COUNTIF($C$2:$C$100,M6) -> 0 | O6: =SUMIF($C$2:$C$100,M6,$D$2:$D$100) -> 0 | P6: =SUMIF($C$2:$C$100,M6,$F$2:$F$100) -> 0 | Q6: =SUMIF($C$2:$C$100,M6,$H$2:$H$100) -> 0 | R6: =SUMIF($C$2:$C$100,M6,$I$2:$I$100) -> 0 | S6: =SUMIF($C$2:$C$100,M6,$J$2:$J$100) -> 0 | T6: =COUNTIFS($C$2:$C$100,M6,$K$2:$K$100,"<>OK",$K$2:$K$100,"<>") -> 0 | V6: Nao | W6: PC em analise | X6: Pedido de Compra | Y6: Impacto Potencial | Z6: PC | AA6: Nao | AB6: NAO_COMPUTADO | AC6: Estrutura Fase 1: sem impacto no VTA oficial
C7: =IF(B7="","",IF(NOT(ISNUMBER(B7)),"DATA_PC invalida",IF(OR(B7<MIN(parametros!$C$2:$C$6),B7>MAX(parametros!$D$2:$D$6)),"Fora dos ciclos",LOOKUP(B7,parametros!$C$2:$C$6,parametros!$B$2:$B$6)))) | E7: =IF(C7="","",IFERROR(VLOOKUP(C7,parametros!$A$11:$E$15,5,0),"")) | F7: =IF(OR(D7="",E7=""),"",ROUND(D7*E7,2)) | H7: =IF(G7="Sim",IF(OR(F7="",D7=""),"",ROUND(F7-D7,2)),0) -> 0 | I7: =IF(G7="Nao",IF(F7="","",F7),0) -> 0 | J7: =IF(G7="Nao",IF(OR(F7="",D7=""),"",ROUND(F7-D7,2)),0) -> 0 | K7: =IF(COUNTA(A7:G7)=0,"",IF(AND(A7<>"",SUMPRODUCT(--(UPPER(TRIM($A$2:$A$100))=UPPER(TRIM(A7))))>1),"NUMERO_PC duplicado",IF(B7="","DATA_PC vazia",IF(OR(C7="",C7="Fora dos ciclos"),"CICLO_PC nao identificado",IF(OR(D7="",D7=0),"VALOR_PC vazio ou zero",IF(AND(G7<>"Sim",G7<>"Nao"),"PC_PAGO_A_CONTRATADA invalido","OK")))))) -> DATA_PC vazia | M7: TOTAL | N7: =SUM(N2:N6) -> 3 | O7: =SUM(O2:O6) -> 421750 | P7: =SUM(P2:P6) -> 443343.6 | Q7: =SUM(Q2:Q6) -> 14156.8 | R7: =SUM(R2:R6) -> 152686.8 | S7: =SUM(S2:S6) -> 7436.8 | T7: =SUM(T2:T6) -> 0 | V7: Nao | W7: PC em analise | X7: Pedido de Compra | Y7: Impacto Potencial | Z7: PC | AA7: Nao | AB7: NAO_COMPUTADO | AC7: Estrutura Fase 1: sem impacto no VTA oficial
C8: =IF(B8="","",IF(NOT(ISNUMBER(B8)),"DATA_PC invalida",IF(OR(B8<MIN(parametros!$C$2:$C$6),B8>MAX(parametros!$D$2:$D$6)),"Fora dos ciclos",LOOKUP(B8,parametros!$C$2:$C$6,parametros!$B$2:$B$6)))) | E8: =IF(C8="","",IFERROR(VLOOKUP(C8,parametros!$A$11:$E$15,5,0),"")) | F8: =IF(OR(D8="",E8=""),"",ROUND(D8*E8,2)) | H8: =IF(G8="Sim",IF(OR(F8="",D8=""),"",ROUND(F8-D8,2)),0) -> 0 | I8: =IF(G8="Nao",IF(F8="","",F8),0) -> 0 | J8: =IF(G8="Nao",IF(OR(F8="",D8=""),"",ROUND(F8-D8,2)),0) -> 0 | K8: =IF(COUNTA(A8:G8)=0,"",IF(AND(A8<>"",SUMPRODUCT(--(UPPER(TRIM($A$2:$A$100))=UPPER(TRIM(A8))))>1),"NUMERO_PC duplicado",IF(B8="","DATA_PC vazia",IF(OR(C8="",C8="Fora dos ciclos"),"CICLO_PC nao identificado",IF(OR(D8="",D8=0),"VALOR_PC vazio ou zero",IF(AND(G8<>"Sim",G8<>"Nao"),"PC_PAGO_A_CONTRATADA invalido","OK")))))) -> DATA_PC vazia | V8: Nao | W8: PC em analise | X8: Pedido de Compra | Y8: Impacto Potencial | Z8: PC | AA8: Nao | AB8: NAO_COMPUTADO | AC8: Estrutura Fase 1: sem impacto no VTA oficial
C9: =IF(B9="","",IF(NOT(ISNUMBER(B9)),"DATA_PC invalida",IF(OR(B9<MIN(parametros!$C$2:$C$6),B9>MAX(parametros!$D$2:$D$6)),"Fora dos ciclos",LOOKUP(B9,parametros!$C$2:$C$6,parametros!$B$2:$B$6)))) | E9: =IF(C9="","",IFERROR(VLOOKUP(C9,parametros!$A$11:$E$15,5,0),"")) | F9: =IF(OR(D9="",E9=""),"",ROUND(D9*E9,2)) | H9: =IF(G9="Sim",IF(OR(F9="",D9=""),"",ROUND(F9-D9,2)),0) -> 0 | I9: =IF(G9="Nao",IF(F9="","",F9),0) -> 0 | J9: =IF(G9="Nao",IF(OR(F9="",D9=""),"",ROUND(F9-D9,2)),0) -> 0 | K9: =IF(COUNTA(A9:G9)=0,"",IF(AND(A9<>"",SUMPRODUCT(--(UPPER(TRIM($A$2:$A$100))=UPPER(TRIM(A9))))>1),"NUMERO_PC duplicado",IF(B9="","DATA_PC vazia",IF(OR(C9="",C9="Fora dos ciclos"),"CICLO_PC nao identificado",IF(OR(D9="",D9=0),"VALOR_PC vazio ou zero",IF(AND(G9<>"Sim",G9<>"Nao"),"PC_PAGO_A_CONTRATADA invalido","OK")))))) -> DATA_PC vazia | V9: Nao | W9: PC em analise | X9: Pedido de Compra | Y9: Impacto Potencial | Z9: PC | AA9: Nao | AB9: NAO_COMPUTADO | AC9: Estrutura Fase 1: sem impacto no VTA oficial
C10: =IF(B10="","",IF(NOT(ISNUMBER(B10)),"DATA_PC invalida",IF(OR(B10<MIN(parametros!$C$2:$C$6),B10>MAX(parametros!$D$2:$D$6)),"Fora dos ciclos",LOOKUP(B10,parametros!$C$2:$C$6,parametros!$B$2:$B$6)))) | E10: =IF(C10="","",IFERROR(VLOOKUP(C10,parametros!$A$11:$E$15,5,0),"")) | F10: =IF(OR(D10="",E10=""),"",ROUND(D10*E10,2)) | H10: =IF(G10="Sim",IF(OR(F10="",D10=""),"",ROUND(F10-D10,2)),0) -> 0 | I10: =IF(G10="Nao",IF(F10="","",F10),0) -> 0 | J10: =IF(G10="Nao",IF(OR(F10="",D10=""),"",ROUND(F10-D10,2)),0) -> 0 | K10: =IF(COUNTA(A10:G10)=0,"",IF(AND(A10<>"",SUMPRODUCT(--(UPPER(TRIM($A$2:$A$100))=UPPER(TRIM(A10))))>1),"NUMERO_PC duplicado",IF(B10="","DATA_PC vazia",IF(OR(C10="",C10="Fora dos ciclos"),"CICLO_PC nao identificado",IF(OR(D10="",D10=0),"VALOR_PC vazio ou zero",IF(AND(G10<>"Sim",G10<>"Nao"),"PC_PAGO_A_CONTRATADA invalido","OK")))))) -> DATA_PC vazia | V10: Nao | W10: PC em analise | X10: Pedido de Compra | Y10: Impacto Potencial | Z10: PC | AA10: Nao | AB10: NAO_COMPUTADO | AC10: Estrutura Fase 1: sem impacto no VTA oficial
C11: =IF(B11="","",IF(NOT(ISNUMBER(B11)),"DATA_PC invalida",IF(OR(B11<MIN(parametros!$C$2:$C$6),B11>MAX(parametros!$D$2:$D$6)),"Fora dos ciclos",LOOKUP(B11,parametros!$C$2:$C$6,parametros!$B$2:$B$6)))) | E11: =IF(C11="","",IFERROR(VLOOKUP(C11,parametros!$A$11:$E$15,5,0),"")) | F11: =IF(OR(D11="",E11=""),"",ROUND(D11*E11,2)) | H11: =IF(G11="Sim",IF(OR(F11="",D11=""),"",ROUND(F11-D11,2)),0) -> 0 | I11: =IF(G11="Nao",IF(F11="","",F11),0) -> 0 | J11: =IF(G11="Nao",IF(OR(F11="",D11=""),"",ROUND(F11-D11,2)),0) -> 0 | K11: =IF(COUNTA(A11:G11)=0,"",IF(AND(A11<>"",SUMPRODUCT(--(UPPER(TRIM($A$2:$A$100))=UPPER(TRIM(A11))))>1),"NUMERO_PC duplicado",IF(B11="","DATA_PC vazia",IF(OR(C11="",C11="Fora dos ciclos"),"CICLO_PC nao identificado",IF(OR(D11="",D11=0),"VALOR_PC vazio ou zero",IF(AND(G11<>"Sim",G11<>"Nao"),"PC_PAGO_A_CONTRATADA invalido","OK")))))) -> DATA_PC vazia | V11: Nao | W11: PC em analise | X11: Pedido de Compra | Y11: Impacto Potencial | Z11: PC | AA11: Nao | AB11: NAO_COMPUTADO | AC11: Estrutura Fase 1: sem impacto no VTA oficial
C12: =IF(B12="","",IF(NOT(ISNUMBER(B12)),"DATA_PC invalida",IF(OR(B12<MIN(parametros!$C$2:$C$6),B12>MAX(parametros!$D$2:$D$6)),"Fora dos ciclos",LOOKUP(B12,parametros!$C$2:$C$6,parametros!$B$2:$B$6)))) | E12: =IF(C12="","",IFERROR(VLOOKUP(C12,parametros!$A$11:$E$15,5,0),"")) | F12: =IF(OR(D12="",E12=""),"",ROUND(D12*E12,2)) | H12: =IF(G12="Sim",IF(OR(F12="",D12=""),"",ROUND(F12-D12,2)),0) -> 0 | I12: =IF(G12="Nao",IF(F12="","",F12),0) -> 0 | J12: =IF(G12="Nao",IF(OR(F12="",D12=""),"",ROUND(F12-D12,2)),0) -> 0 | K12: =IF(COUNTA(A12:G12)=0,"",IF(AND(A12<>"",SUMPRODUCT(--(UPPER(TRIM($A$2:$A$100))=UPPER(TRIM(A12))))>1),"NUMERO_PC duplicado",IF(B12="","DATA_PC vazia",IF(OR(C12="",C12="Fora dos ciclos"),"CICLO_PC nao identificado",IF(OR(D12="",D12=0),"VALOR_PC vazio ou zero",IF(AND(G12<>"Sim",G12<>"Nao"),"PC_PAGO_A_CONTRATADA invalido","OK")))))) -> DATA_PC vazia | V12: Nao | W12: PC em analise | X12: Pedido de Compra | Y12: Impacto Potencial | Z12: PC | AA12: Nao | AB12: NAO_COMPUTADO | AC12: Estrutura Fase 1: sem impacto no VTA oficial
C13: =IF(B13="","",IF(NOT(ISNUMBER(B13)),"DATA_PC invalida",IF(OR(B13<MIN(parametros!$C$2:$C$6),B13>MAX(parametros!$D$2:$D$6)),"Fora dos ciclos",LOOKUP(B13,parametros!$C$2:$C$6,parametros!$B$2:$B$6)))) | E13: =IF(C13="","",IFERROR(VLOOKUP(C13,parametros!$A$11:$E$15,5,0),"")) | F13: =IF(OR(D13="",E13=""),"",ROUND(D13*E13,2)) | H13: =IF(G13="Sim",IF(OR(F13="",D13=""),"",ROUND(F13-D13,2)),0) -> 0 | I13: =IF(G13="Nao",IF(F13="","",F13),0) -> 0 | J13: =IF(G13="Nao",IF(OR(F13="",D13=""),"",ROUND(F13-D13,2)),0) -> 0 | K13: =IF(COUNTA(A13:G13)=0,"",IF(AND(A13<>"",SUMPRODUCT(--(UPPER(TRIM($A$2:$A$100))=UPPER(TRIM(A13))))>1),"NUMERO_PC duplicado",IF(B13="","DATA_PC vazia",IF(OR(C13="",C13="Fora dos ciclos"),"CICLO_PC nao identificado",IF(OR(D13="",D13=0),"VALOR_PC vazio ou zero",IF(AND(G13<>"Sim",G13<>"Nao"),"PC_PAGO_A_CONTRATADA invalido","OK")))))) -> DATA_PC vazia | V13: Nao | W13: PC em analise | X13: Pedido de Compra | Y13: Impacto Potencial | Z13: PC | AA13: Nao | AB13: NAO_COMPUTADO | AC13: Estrutura Fase 1: sem impacto no VTA oficial
C14: =IF(B14="","",IF(NOT(ISNUMBER(B14)),"DATA_PC invalida",IF(OR(B14<MIN(parametros!$C$2:$C$6),B14>MAX(parametros!$D$2:$D$6)),"Fora dos ciclos",LOOKUP(B14,parametros!$C$2:$C$6,parametros!$B$2:$B$6)))) | E14: =IF(C14="","",IFERROR(VLOOKUP(C14,parametros!$A$11:$E$15,5,0),"")) | F14: =IF(OR(D14="",E14=""),"",ROUND(D14*E14,2)) | H14: =IF(G14="Sim",IF(OR(F14="",D14=""),"",ROUND(F14-D14,2)),0) -> 0 | I14: =IF(G14="Nao",IF(F14="","",F14),0) -> 0 | J14: =IF(G14="Nao",IF(OR(F14="",D14=""),"",ROUND(F14-D14,2)),0) -> 0 | K14: =IF(COUNTA(A14:G14)=0,"",IF(AND(A14<>"",SUMPRODUCT(--(UPPER(TRIM($A$2:$A$100))=UPPER(TRIM(A14))))>1),"NUMERO_PC duplicado",IF(B14="","DATA_PC vazia",IF(OR(C14="",C14="Fora dos ciclos"),"CICLO_PC nao identificado",IF(OR(D14="",D14=0),"VALOR_PC vazio ou zero",IF(AND(G14<>"Sim",G14<>"Nao"),"PC_PAGO_A_CONTRATADA invalido","OK")))))) -> DATA_PC vazia | V14: Nao | W14: PC em analise | X14: Pedido de Compra | Y14: Impacto Potencial | Z14: PC | AA14: Nao | AB14: NAO_COMPUTADO | AC14: Estrutura Fase 1: sem impacto no VTA oficial
C15: =IF(B15="","",IF(NOT(ISNUMBER(B15)),"DATA_PC invalida",IF(OR(B15<MIN(parametros!$C$2:$C$6),B15>MAX(parametros!$D$2:$D$6)),"Fora dos ciclos",LOOKUP(B15,parametros!$C$2:$C$6,parametros!$B$2:$B$6)))) | E15: =IF(C15="","",IFERROR(VLOOKUP(C15,parametros!$A$11:$E$15,5,0),"")) | F15: =IF(OR(D15="",E15=""),"",ROUND(D15*E15,2)) | H15: =IF(G15="Sim",IF(OR(F15="",D15=""),"",ROUND(F15-D15,2)),0) -> 0 | I15: =IF(G15="Nao",IF(F15="","",F15),0) -> 0 | J15: =IF(G15="Nao",IF(OR(F15="",D15=""),"",ROUND(F15-D15,2)),0) -> 0 | K15: =IF(COUNTA(A15:G15)=0,"",IF(AND(A15<>"",SUMPRODUCT(--(UPPER(TRIM($A$2:$A$100))=UPPER(TRIM(A15))))>1),"NUMERO_PC duplicado",IF(B15="","DATA_PC vazia",IF(OR(C15="",C15="Fora dos ciclos"),"CICLO_PC nao identificado",IF(OR(D15="",D15=0),"VALOR_PC vazio ou zero",IF(AND(G15<>"Sim",G15<>"Nao"),"PC_PAGO_A_CONTRATADA invalido","OK")))))) -> DATA_PC vazia | V15: Nao | W15: PC em analise | X15: Pedido de Compra | Y15: Impacto Potencial | Z15: PC | AA15: Nao | AB15: NAO_COMPUTADO | AC15: Estrutura Fase 1: sem impacto no VTA oficial
C16: =IF(B16="","",IF(NOT(ISNUMBER(B16)),"DATA_PC invalida",IF(OR(B16<MIN(parametros!$C$2:$C$6),B16>MAX(parametros!$D$2:$D$6)),"Fora dos ciclos",LOOKUP(B16,parametros!$C$2:$C$6,parametros!$B$2:$B$6)))) | E16: =IF(C16="","",IFERROR(VLOOKUP(C16,parametros!$A$11:$E$15,5,0),"")) | F16: =IF(OR(D16="",E16=""),"",ROUND(D16*E16,2)) | H16: =IF(G16="Sim",IF(OR(F16="",D16=""),"",ROUND(F16-D16,2)),0) -> 0 | I16: =IF(G16="Nao",IF(F16="","",F16),0) -> 0 | J16: =IF(G16="Nao",IF(OR(F16="",D16=""),"",ROUND(F16-D16,2)),0) -> 0 | K16: =IF(COUNTA(A16:G16)=0,"",IF(AND(A16<>"",SUMPRODUCT(--(UPPER(TRIM($A$2:$A$100))=UPPER(TRIM(A16))))>1),"NUMERO_PC duplicado",IF(B16="","DATA_PC vazia",IF(OR(C16="",C16="Fora dos ciclos"),"CICLO_PC nao identificado",IF(OR(D16="",D16=0),"VALOR_PC vazio ou zero",IF(AND(G16<>"Sim",G16<>"Nao"),"PC_PAGO_A_CONTRATADA invalido","OK")))))) -> DATA_PC vazia | V16: Nao | W16: PC em analise | X16: Pedido de Compra | Y16: Impacto Potencial | Z16: PC | AA16: Nao | AB16: NAO_COMPUTADO | AC16: Estrutura Fase 1: sem impacto no VTA oficial
C17: =IF(B17="","",IF(NOT(ISNUMBER(B17)),"DATA_PC invalida",IF(OR(B17<MIN(parametros!$C$2:$C$6),B17>MAX(parametros!$D$2:$D$6)),"Fora dos ciclos",LOOKUP(B17,parametros!$C$2:$C$6,parametros!$B$2:$B$6)))) | E17: =IF(C17="","",IFERROR(VLOOKUP(C17,parametros!$A$11:$E$15,5,0),"")) | F17: =IF(OR(D17="",E17=""),"",ROUND(D17*E17,2)) | H17: =IF(G17="Sim",IF(OR(F17="",D17=""),"",ROUND(F17-D17,2)),0) -> 0 | I17: =IF(G17="Nao",IF(F17="","",F17),0) -> 0 | J17: =IF(G17="Nao",IF(OR(F17="",D17=""),"",ROUND(F17-D17,2)),0) -> 0 | K17: =IF(COUNTA(A17:G17)=0,"",IF(AND(A17<>"",SUMPRODUCT(--(UPPER(TRIM($A$2:$A$100))=UPPER(TRIM(A17))))>1),"NUMERO_PC duplicado",IF(B17="","DATA_PC vazia",IF(OR(C17="",C17="Fora dos ciclos"),"CICLO_PC nao identificado",IF(OR(D17="",D17=0),"VALOR_PC vazio ou zero",IF(AND(G17<>"Sim",G17<>"Nao"),"PC_PAGO_A_CONTRATADA invalido","OK")))))) -> DATA_PC vazia | V17: Nao | W17: PC em analise | X17: Pedido de Compra | Y17: Impacto Potencial | Z17: PC | AA17: Nao | AB17: NAO_COMPUTADO | AC17: Estrutura Fase 1: sem impacto no VTA oficial
C18: =IF(B18="","",IF(NOT(ISNUMBER(B18)),"DATA_PC invalida",IF(OR(B18<MIN(parametros!$C$2:$C$6),B18>MAX(parametros!$D$2:$D$6)),"Fora dos ciclos",LOOKUP(B18,parametros!$C$2:$C$6,parametros!$B$2:$B$6)))) | E18: =IF(C18="","",IFERROR(VLOOKUP(C18,parametros!$A$11:$E$15,5,0),"")) | F18: =IF(OR(D18="",E18=""),"",ROUND(D18*E18,2)) | H18: =IF(G18="Sim",IF(OR(F18="",D18=""),"",ROUND(F18-D18,2)),0) -> 0 | I18: =IF(G18="Nao",IF(F18="","",F18),0) -> 0 | J18: =IF(G18="Nao",IF(OR(F18="",D18=""),"",ROUND(F18-D18,2)),0) -> 0 | K18: =IF(COUNTA(A18:G18)=0,"",IF(AND(A18<>"",SUMPRODUCT(--(UPPER(TRIM($A$2:$A$100))=UPPER(TRIM(A18))))>1),"NUMERO_PC duplicado",IF(B18="","DATA_PC vazia",IF(OR(C18="",C18="Fora dos ciclos"),"CICLO_PC nao identificado",IF(OR(D18="",D18=0),"VALOR_PC vazio ou zero",IF(AND(G18<>"Sim",G18<>"Nao"),"PC_PAGO_A_CONTRATADA invalido","OK")))))) -> DATA_PC vazia | V18: Nao | W18: PC em analise | X18: Pedido de Compra | Y18: Impacto Potencial | Z18: PC | AA18: Nao | AB18: NAO_COMPUTADO | AC18: Estrutura Fase 1: sem impacto no VTA oficial
C19: =IF(B19="","",IF(NOT(ISNUMBER(B19)),"DATA_PC invalida",IF(OR(B19<MIN(parametros!$C$2:$C$6),B19>MAX(parametros!$D$2:$D$6)),"Fora dos ciclos",LOOKUP(B19,parametros!$C$2:$C$6,parametros!$B$2:$B$6)))) | E19: =IF(C19="","",IFERROR(VLOOKUP(C19,parametros!$A$11:$E$15,5,0),"")) | F19: =IF(OR(D19="",E19=""),"",ROUND(D19*E19,2)) | H19: =IF(G19="Sim",IF(OR(F19="",D19=""),"",ROUND(F19-D19,2)),0) -> 0 | I19: =IF(G19="Nao",IF(F19="","",F19),0) -> 0 | J19: =IF(G19="Nao",IF(OR(F19="",D19=""),"",ROUND(F19-D19,2)),0) -> 0 | K19: =IF(COUNTA(A19:G19)=0,"",IF(AND(A19<>"",SUMPRODUCT(--(UPPER(TRIM($A$2:$A$100))=UPPER(TRIM(A19))))>1),"NUMERO_PC duplicado",IF(B19="","DATA_PC vazia",IF(OR(C19="",C19="Fora dos ciclos"),"CICLO_PC nao identificado",IF(OR(D19="",D19=0),"VALOR_PC vazio ou zero",IF(AND(G19<>"Sim",G19<>"Nao"),"PC_PAGO_A_CONTRATADA invalido","OK")))))) -> DATA_PC vazia | V19: Nao | W19: PC em analise | X19: Pedido de Compra | Y19: Impacto Potencial | Z19: PC | AA19: Nao | AB19: NAO_COMPUTADO | AC19: Estrutura Fase 1: sem impacto no VTA oficial
... C100: =IF(B100="","",IF(NOT(ISNUMBER(B100)),"DATA_PC invalida",IF(OR(B100<MIN(parametros!$C$2:$C$6),B100>MAX(parametros!$D$2:$D$6)),"Fora dos ciclos",LOOKUP(B100,parametros!$C$2:$C$6,parametros!$B$2:$B$6)))) | E100: =IF(C100="","",IFERROR(VLOOKUP(C100,parametros!$A$11:$E$15,5,0),"")) | F100: =IF(OR(D100="",E100=""),"",ROUND(D100*E100,2)) | H100: =IF(G100="Sim",IF(OR(F100="",D100=""),"",ROUND(F100-D100,2)),0) -> 0 | I100: =IF(G100="Nao",IF(F100="","",F100),0) -> 0 | J100: =IF(G100="Nao",IF(OR(F100="",D100=""),"",ROUND(F100-D100,2)),0) -> 0 | K100: =IF(COUNTA(A100:G100)=0,"",IF(AND(A100<>"",SUMPRODUCT(--(UPPER(TRIM($A$2:$A$100))=UPPER(TRIM(A100))))>1),"NUMERO_PC duplicado",IF(B100="","DATA_PC vazia",IF(OR(C100="",C100="Fora dos ciclos"),"CICLO_PC nao identificado",IF(OR(D100="",D100=0),"VALOR_PC vazio ou zero",IF(AND(G100<>"Sim",G100<>"Nao"),"PC_PAGO_A_CONTRATADA invalido","OK")))))) -> DATA_PC vazia | V100: Nao | W100: PC em analise | X100: Pedido de Compra | Y100: Impacto Potencial | Z100: PC | AA100: Nao | AB100: NAO_COMPUTADO | AC100: Estrutura Fase 1: sem impacto no VTA oficial

Sheet aditivos
A1: ITEM (NOVO ITEM: CADASTRAR EM itens_Remanesc COM BASE 0) | B1: Data do aditivo | C1: Ciclo/Marco | D1: TIPO DE ALTERAÇÃO FORMALIZADA | E1: Quantidade acrescida/suprimida | F1: Valor unitario original | G1: Valor original da alteracao | H1: Aplicar reajuste? (Sim/Nao) | I1: Fator acumulado aplicavel | J1: Valor atualizado da alteracao | K1: CONSIDERADO NO CÁLCULO FINANCEIRO? (SIM/NÃO) | L1: DELTA_QTD_CONTRATUAL | M1: CHECK_POSICAO_CONTRATUAL
A2: ITEM-001 | B2: 45458 | C2: =IF(B2="","",IFERROR(IF(AND(B2>=parametros!$C$2,B2<=parametros!$D$2),"C0",IF(AND(B2>=parametros!$C$3,B2<=parametros!$D$3),"C1",IF(AND(B2>=parametros!$C$4,B2<=parametros!$D$4),"C2",IF(AND(B2>=parametros!$C$5,B2<=parametros!$D$5),"C3",IF(AND(B2>=parametros!$C$6,B2<=parametros!$D$6),"C4","Fora dos ciclos"))))),"Fora dos ciclos")) -> C1 | D2: Acrescimo | E2: 10 | F2: =IF(A2="","",IFERROR(VLOOKUP(A2,itens_Remanesc!$A:$C,3,0),"")) -> 250 | G2: =IF(OR(E2="",F2=""),"",ROUND(E2*F2,2)) -> 2500 | H2: Sim | I2: =IFERROR(VLOOKUP(C2,parametros!$B:$F,5,0),"") -> 1.0512 | J2: =IF(OR(L2="",F2=""),"",ROUND(L2*F2*IF(AND(UPPER(H2)="SIM",ISNUMBER(I2)),I2,1),2)) -> 2628 | K2: Sim | L2: =IF(OR(A2="",C2="",D2="",NOT(ISNUMBER(E2))),"",IF(LEFT(UPPER(D2),5)="ACRES",ROUND(ABS(E2),2),IF(OR(LEFT(UPPER(D2),6)="SUPRES",LEFT(UPPER(D2),4)="DECR"),ROUND(-ABS(E2),2),""))) -> 10 | M2: =IF(A2="","",IF(COUNTIF(itens_Remanesc!$A$2:$A$200,A2)=0,"ALERTA: ITEM_AUSENTE",IF(COUNTIF(itens_Remanesc!$A$2:$A$200,A2)>1,"ALERTA: ITEM_DUPLICADO",IF(OR(C2="",C2="Fora dos ciclos"),"ALERTA: CICLO_INVALIDO",IF(NOT(ISNUMBER(E2)),"ALERTA: QTD_INVALIDA",IF(AND(LEFT(UPPER(D2),5)<>"ACRES",LEFT(UPPER(D2),6)<>"SUPRES",LEFT(UPPER(D2),4)<>"DECR"),"ALERTA: TIPO_INVALIDO","OK")))))) -> OK
C3: =IF(B3="","",IFERROR(IF(AND(B3>=parametros!$C$2,B3<=parametros!$D$2),"C0",IF(AND(B3>=parametros!$C$3,B3<=parametros!$D$3),"C1",IF(AND(B3>=parametros!$C$4,B3<=parametros!$D$4),"C2",IF(AND(B3>=parametros!$C$5,B3<=parametros!$D$5),"C3",IF(AND(B3>=parametros!$C$6,B3<=parametros!$D$6),"C4","Fora dos ciclos"))))),"Fora dos ciclos")) | F3: =IF(A3="","",IFERROR(VLOOKUP(A3,itens_Remanesc!$A:$C,3,0),"")) | G3: =IF(OR(E3="",F3=""),"",ROUND(E3*F3,2)) | I3: =IFERROR(VLOOKUP(C3,parametros!$B:$F,5,0),"") | J3: =IF(OR(L3="",F3=""),"",ROUND(L3*F3*IF(AND(UPPER(H3)="SIM",ISNUMBER(I3)),I3,1),2)) | L3: =IF(OR(A3="",C3="",D3="",NOT(ISNUMBER(E3))),"",IF(LEFT(UPPER(D3),5)="ACRES",ROUND(ABS(E3),2),IF(OR(LEFT(UPPER(D3),6)="SUPRES",LEFT(UPPER(D3),4)="DECR"),ROUND(-ABS(E3),2),""))) | M3: =IF(A3="","",IF(COUNTIF(itens_Remanesc!$A$2:$A$200,A3)=0,"ALERTA: ITEM_AUSENTE",IF(COUNTIF(itens_Remanesc!$A$2:$A$200,A3)>1,"ALERTA: ITEM_DUPLICADO",IF(OR(C3="",C3="Fora dos ciclos"),"ALERTA: CICLO_INVALIDO",IF(NOT(ISNUMBER(E3)),"ALERTA: QTD_INVALIDA",IF(AND(LEFT(UPPER(D3),5)<>"ACRES",LEFT(UPPER(D3),6)<>"SUPRES",LEFT(UPPER(D3),4)<>"DECR"),"ALERTA: TIPO_INVALIDO","OK"))))))
C4: =IF(B4="","",IFERROR(IF(AND(B4>=parametros!$C$2,B4<=parametros!$D$2),"C0",IF(AND(B4>=parametros!$C$3,B4<=parametros!$D$3),"C1",IF(AND(B4>=parametros!$C$4,B4<=parametros!$D$4),"C2",IF(AND(B4>=parametros!$C$5,B4<=parametros!$D$5),"C3",IF(AND(B4>=parametros!$C$6,B4<=parametros!$D$6),"C4","Fora dos ciclos"))))),"Fora dos ciclos")) | F4: =IF(A4="","",IFERROR(VLOOKUP(A4,itens_Remanesc!$A:$C,3,0),"")) | G4: =IF(OR(E4="",F4=""),"",ROUND(E4*F4,2)) | I4: =IFERROR(VLOOKUP(C4,parametros!$B:$F,5,0),"") | J4: =IF(OR(L4="",F4=""),"",ROUND(L4*F4*IF(AND(UPPER(H4)="SIM",ISNUMBER(I4)),I4,1),2)) | L4: =IF(OR(A4="",C4="",D4="",NOT(ISNUMBER(E4))),"",IF(LEFT(UPPER(D4),5)="ACRES",ROUND(ABS(E4),2),IF(OR(LEFT(UPPER(D4),6)="SUPRES",LEFT(UPPER(D4),4)="DECR"),ROUND(-ABS(E4),2),""))) | M4: =IF(A4="","",IF(COUNTIF(itens_Remanesc!$A$2:$A$200,A4)=0,"ALERTA: ITEM_AUSENTE",IF(COUNTIF(itens_Remanesc!$A$2:$A$200,A4)>1,"ALERTA: ITEM_DUPLICADO",IF(OR(C4="",C4="Fora dos ciclos"),"ALERTA: CICLO_INVALIDO",IF(NOT(ISNUMBER(E4)),"ALERTA: QTD_INVALIDA",IF(AND(LEFT(UPPER(D4),5)<>"ACRES",LEFT(UPPER(D4),6)<>"SUPRES",LEFT(UPPER(D4),4)<>"DECR"),"ALERTA: TIPO_INVALIDO","OK"))))))
C5: =IF(B5="","",IFERROR(IF(AND(B5>=parametros!$C$2,B5<=parametros!$D$2),"C0",IF(AND(B5>=parametros!$C$3,B5<=parametros!$D$3),"C1",IF(AND(B5>=parametros!$C$4,B5<=parametros!$D$4),"C2",IF(AND(B5>=parametros!$C$5,B5<=parametros!$D$5),"C3",IF(AND(B5>=parametros!$C$6,B5<=parametros!$D$6),"C4","Fora dos ciclos"))))),"Fora dos ciclos")) | G5: =IF(OR(E5="",F5=""),"",ROUND(E5*F5,2)) | I5: =IFERROR(VLOOKUP(C5,parametros!$B:$F,5,0),"") | J5: =IF(OR(L5="",F5=""),"",ROUND(L5*F5*IF(AND(UPPER(H5)="SIM",ISNUMBER(I5)),I5,1),2)) | L5: =IF(OR(A5="",C5="",D5="",NOT(ISNUMBER(E5))),"",IF(LEFT(UPPER(D5),5)="ACRES",ROUND(ABS(E5),2),IF(OR(LEFT(UPPER(D5),6)="SUPRES",LEFT(UPPER(D5),4)="DECR"),ROUND(-ABS(E5),2),""))) | M5: =IF(A5="","",IF(COUNTIF(itens_Remanesc!$A$2:$A$200,A5)=0,"ALERTA: ITEM_AUSENTE",IF(COUNTIF(itens_Remanesc!$A$2:$A$200,A5)>1,"ALERTA: ITEM_DUPLICADO",IF(OR(C5="",C5="Fora dos ciclos"),"ALERTA: CICLO_INVALIDO",IF(NOT(ISNUMBER(E5)),"ALERTA: QTD_INVALIDA",IF(AND(LEFT(UPPER(D5),5)<>"ACRES",LEFT(UPPER(D5),6)<>"SUPRES",LEFT(UPPER(D5),4)<>"DECR"),"ALERTA: TIPO_INVALIDO","OK"))))))
C6: =IF(B6="","",IFERROR(IF(AND(B6>=parametros!$C$2,B6<=parametros!$D$2),"C0",IF(AND(B6>=parametros!$C$3,B6<=parametros!$D$3),"C1",IF(AND(B6>=parametros!$C$4,B6<=parametros!$D$4),"C2",IF(AND(B6>=parametros!$C$5,B6<=parametros!$D$5),"C3",IF(AND(B6>=parametros!$C$6,B6<=parametros!$D$6),"C4","Fora dos ciclos"))))),"Fora dos ciclos")) | F6: =IF(A6="","",IFERROR(VLOOKUP(A6,itens_Remanesc!$A:$C,3,0),"")) | G6: =IF(OR(E6="",F6=""),"",ROUND(E6*F6,2)) | I6: =IFERROR(VLOOKUP(C6,parametros!$B:$F,5,0),"") | J6: =IF(OR(L6="",F6=""),"",ROUND(L6*F6*IF(AND(UPPER(H6)="SIM",ISNUMBER(I6)),I6,1),2)) | L6: =IF(OR(A6="",C6="",D6="",NOT(ISNUMBER(E6))),"",IF(LEFT(UPPER(D6),5)="ACRES",ROUND(ABS(E6),2),IF(OR(LEFT(UPPER(D6),6)="SUPRES",LEFT(UPPER(D6),4)="DECR"),ROUND(-ABS(E6),2),""))) | M6: =IF(A6="","",IF(COUNTIF(itens_Remanesc!$A$2:$A$200,A6)=0,"ALERTA: ITEM_AUSENTE",IF(COUNTIF(itens_Remanesc!$A$2:$A$200,A6)>1,"ALERTA: ITEM_DUPLICADO",IF(OR(C6="",C6="Fora dos ciclos"),"ALERTA: CICLO_INVALIDO",IF(NOT(ISNUMBER(E6)),"ALERTA: QTD_INVALIDA",IF(AND(LEFT(UPPER(D6),5)<>"ACRES",LEFT(UPPER(D6),6)<>"SUPRES",LEFT(UPPER(D6),4)<>"DECR"),"ALERTA: TIPO_INVALIDO","OK"))))))
C7: =IF(B7="","",IFERROR(IF(AND(B7>=parametros!$C$2,B7<=parametros!$D$2),"C0",IF(AND(B7>=parametros!$C$3,B7<=parametros!$D$3),"C1",IF(AND(B7>=parametros!$C$4,B7<=parametros!$D$4),"C2",IF(AND(B7>=parametros!$C$5,B7<=parametros!$D$5),"C3",IF(AND(B7>=parametros!$C$6,B7<=parametros!$D$6),"C4","Fora dos ciclos"))))),"Fora dos ciclos")) | F7: =IF(A7="","",IFERROR(VLOOKUP(A7,itens_Remanesc!$A:$C,3,0),"")) | G7: =IF(OR(E7="",F7=""),"",ROUND(E7*F7,2)) | I7: =IFERROR(VLOOKUP(C7,parametros!$B:$F,5,0),"") | J7: =IF(OR(L7="",F7=""),"",ROUND(L7*F7*IF(AND(UPPER(H7)="SIM",ISNUMBER(I7)),I7,1),2)) | L7: =IF(OR(A7="",C7="",D7="",NOT(ISNUMBER(E7))),"",IF(LEFT(UPPER(D7),5)="ACRES",ROUND(ABS(E7),2),IF(OR(LEFT(UPPER(D7),6)="SUPRES",LEFT(UPPER(D7),4)="DECR"),ROUND(-ABS(E7),2),""))) | M7: =IF(A7="","",IF(COUNTIF(itens_Remanesc!$A$2:$A$200,A7)=0,"ALERTA: ITEM_AUSENTE",IF(COUNTIF(itens_Remanesc!$A$2:$A$200,A7)>1,"ALERTA: ITEM_DUPLICADO",IF(OR(C7="",C7="Fora dos ciclos"),"ALERTA: CICLO_INVALIDO",IF(NOT(ISNUMBER(E7)),"ALERTA: QTD_INVALIDA",IF(AND(LEFT(UPPER(D7),5)<>"ACRES",LEFT(UPPER(D7),6)<>"SUPRES",LEFT(UPPER(D7),4)<>"DECR"),"ALERTA: TIPO_INVALIDO","OK"))))))
C8: =IF(B8="","",IFERROR(IF(AND(B8>=parametros!$C$2,B8<=parametros!$D$2),"C0",IF(AND(B8>=parametros!$C$3,B8<=parametros!$D$3),"C1",IF(AND(B8>=parametros!$C$4,B8<=parametros!$D$4),"C2",IF(AND(B8>=parametros!$C$5,B8<=parametros!$D$5),"C3",IF(AND(B8>=parametros!$C$6,B8<=parametros!$D$6),"C4","Fora dos ciclos"))))),"Fora dos ciclos")) | F8: =IF(A8="","",IFERROR(VLOOKUP(A8,itens_Remanesc!$A:$C,3,0),"")) | G8: =IF(OR(E8="",F8=""),"",ROUND(E8*F8,2)) | I8: =IFERROR(VLOOKUP(C8,parametros!$B:$F,5,0),"") | J8: =IF(OR(L8="",F8=""),"",ROUND(L8*F8*IF(AND(UPPER(H8)="SIM",ISNUMBER(I8)),I8,1),2)) | L8: =IF(OR(A8="",C8="",D8="",NOT(ISNUMBER(E8))),"",IF(LEFT(UPPER(D8),5)="ACRES",ROUND(ABS(E8),2),IF(OR(LEFT(UPPER(D8),6)="SUPRES",LEFT(UPPER(D8),4)="DECR"),ROUND(-ABS(E8),2),""))) | M8: =IF(A8="","",IF(COUNTIF(itens_Remanesc!$A$2:$A$200,A8)=0,"ALERTA: ITEM_AUSENTE",IF(COUNTIF(itens_Remanesc!$A$2:$A$200,A8)>1,"ALERTA: ITEM_DUPLICADO",IF(OR(C8="",C8="Fora dos ciclos"),"ALERTA: CICLO_INVALIDO",IF(NOT(ISNUMBER(E8)),"ALERTA: QTD_INVALIDA",IF(AND(LEFT(UPPER(D8),5)<>"ACRES",LEFT(UPPER(D8),6)<>"SUPRES",LEFT(UPPER(D8),4)<>"DECR"),"ALERTA: TIPO_INVALIDO","OK"))))))
C9: =IF(B9="","",IFERROR(IF(AND(B9>=parametros!$C$2,B9<=parametros!$D$2),"C0",IF(AND(B9>=parametros!$C$3,B9<=parametros!$D$3),"C1",IF(AND(B9>=parametros!$C$4,B9<=parametros!$D$4),"C2",IF(AND(B9>=parametros!$C$5,B9<=parametros!$D$5),"C3",IF(AND(B9>=parametros!$C$6,B9<=parametros!$D$6),"C4","Fora dos ciclos"))))),"Fora dos ciclos")) | F9: =IF(A9="","",IFERROR(VLOOKUP(A9,itens_Remanesc!$A:$C,3,0),"")) | G9: =IF(OR(E9="",F9=""),"",ROUND(E9*F9,2)) | I9: =IFERROR(VLOOKUP(C9,parametros!$B:$F,5,0),"") | J9: =IF(OR(L9="",F9=""),"",ROUND(L9*F9*IF(AND(UPPER(H9)="SIM",ISNUMBER(I9)),I9,1),2)) | L9: =IF(OR(A9="",C9="",D9="",NOT(ISNUMBER(E9))),"",IF(LEFT(UPPER(D9),5)="ACRES",ROUND(ABS(E9),2),IF(OR(LEFT(UPPER(D9),6)="SUPRES",LEFT(UPPER(D9),4)="DECR"),ROUND(-ABS(E9),2),""))) | M9: =IF(A9="","",IF(COUNTIF(itens_Remanesc!$A$2:$A$200,A9)=0,"ALERTA: ITEM_AUSENTE",IF(COUNTIF(itens_Remanesc!$A$2:$A$200,A9)>1,"ALERTA: ITEM_DUPLICADO",IF(OR(C9="",C9="Fora dos ciclos"),"ALERTA: CICLO_INVALIDO",IF(NOT(ISNUMBER(E9)),"ALERTA: QTD_INVALIDA",IF(AND(LEFT(UPPER(D9),5)<>"ACRES",LEFT(UPPER(D9),6)<>"SUPRES",LEFT(UPPER(D9),4)<>"DECR"),"ALERTA: TIPO_INVALIDO","OK"))))))
C10: =IF(B10="","",IFERROR(IF(AND(B10>=parametros!$C$2,B10<=parametros!$D$2),"C0",IF(AND(B10>=parametros!$C$3,B10<=parametros!$D$3),"C1",IF(AND(B10>=parametros!$C$4,B10<=parametros!$D$4),"C2",IF(AND(B10>=parametros!$C$5,B10<=parametros!$D$5),"C3",IF(AND(B10>=parametros!$C$6,B10<=parametros!$D$6),"C4","Fora dos ciclos"))))),"Fora dos ciclos")) | F10: =IF(A10="","",IFERROR(VLOOKUP(A10,itens_Remanesc!$A:$C,3,0),"")) | G10: =IF(OR(E10="",F10=""),"",ROUND(E10*F10,2)) | I10: =IFERROR(VLOOKUP(C10,parametros!$B:$F,5,0),"") | J10: =IF(OR(L10="",F10=""),"",ROUND(L10*F10*IF(AND(UPPER(H10)="SIM",ISNUMBER(I10)),I10,1),2)) | L10: =IF(OR(A10="",C10="",D10="",NOT(ISNUMBER(E10))),"",IF(LEFT(UPPER(D10),5)="ACRES",ROUND(ABS(E10),2),IF(OR(LEFT(UPPER(D10),6)="SUPRES",LEFT(UPPER(D10),4)="DECR"),ROUND(-ABS(E10),2),""))) | M10: =IF(A10="","",IF(COUNTIF(itens_Remanesc!$A$2:$A$200,A10)=0,"ALERTA: ITEM_AUSENTE",IF(COUNTIF(itens_Remanesc!$A$2:$A$200,A10)>1,"ALERTA: ITEM_DUPLICADO",IF(OR(C10="",C10="Fora dos ciclos"),"ALERTA: CICLO_INVALIDO",IF(NOT(ISNUMBER(E10)),"ALERTA: QTD_INVALIDA",IF(AND(LEFT(UPPER(D10),5)<>"ACRES",LEFT(UPPER(D10),6)<>"SUPRES",LEFT(UPPER(D10),4)<>"DECR"),"ALERTA: TIPO_INVALIDO","OK"))))))
C11: =IF(B11="","",IFERROR(IF(AND(B11>=parametros!$C$2,B11<=parametros!$D$2),"C0",IF(AND(B11>=parametros!$C$3,B11<=parametros!$D$3),"C1",IF(AND(B11>=parametros!$C$4,B11<=parametros!$D$4),"C2",IF(AND(B11>=parametros!$C$5,B11<=parametros!$D$5),"C3",IF(AND(B11>=parametros!$C$6,B11<=parametros!$D$6),"C4","Fora dos ciclos"))))),"Fora dos ciclos")) | F11: =IF(A11="","",IFERROR(VLOOKUP(A11,itens_Remanesc!$A:$C,3,0),"")) | G11: =IF(OR(E11="",F11=""),"",ROUND(E11*F11,2)) | I11: =IFERROR(VLOOKUP(C11,parametros!$B:$F,5,0),"") | J11: =IF(OR(L11="",F11=""),"",ROUND(L11*F11*IF(AND(UPPER(H11)="SIM",ISNUMBER(I11)),I11,1),2)) | L11: =IF(OR(A11="",C11="",D11="",NOT(ISNUMBER(E11))),"",IF(LEFT(UPPER(D11),5)="ACRES",ROUND(ABS(E11),2),IF(OR(LEFT(UPPER(D11),6)="SUPRES",LEFT(UPPER(D11),4)="DECR"),ROUND(-ABS(E11),2),""))) | M11: =IF(A11="","",IF(COUNTIF(itens_Remanesc!$A$2:$A$200,A11)=0,"ALERTA: ITEM_AUSENTE",IF(COUNTIF(itens_Remanesc!$A$2:$A$200,A11)>1,"ALERTA: ITEM_DUPLICADO",IF(OR(C11="",C11="Fora dos ciclos"),"ALERTA: CICLO_INVALIDO",IF(NOT(ISNUMBER(E11)),"ALERTA: QTD_INVALIDA",IF(AND(LEFT(UPPER(D11),5)<>"ACRES",LEFT(UPPER(D11),6)<>"SUPRES",LEFT(UPPER(D11),4)<>"DECR"),"ALERTA: TIPO_INVALIDO","OK"))))))
C12: =IF(B12="","",IFERROR(IF(AND(B12>=parametros!$C$2,B12<=parametros!$D$2),"C0",IF(AND(B12>=parametros!$C$3,B12<=parametros!$D$3),"C1",IF(AND(B12>=parametros!$C$4,B12<=parametros!$D$4),"C2",IF(AND(B12>=parametros!$C$5,B12<=parametros!$D$5),"C3",IF(AND(B12>=parametros!$C$6,B12<=parametros!$D$6),"C4","Fora dos ciclos"))))),"Fora dos ciclos")) | F12: =IF(A12="","",IFERROR(VLOOKUP(A12,itens_Remanesc!$A:$C,3,0),"")) | G12: =IF(OR(E12="",F12=""),"",ROUND(E12*F12,2)) | I12: =IFERROR(VLOOKUP(C12,parametros!$B:$F,5,0),"") | J12: =IF(OR(L12="",F12=""),"",ROUND(L12*F12*IF(AND(UPPER(H12)="SIM",ISNUMBER(I12)),I12,1),2)) | L12: =IF(OR(A12="",C12="",D12="",NOT(ISNUMBER(E12))),"",IF(LEFT(UPPER(D12),5)="ACRES",ROUND(ABS(E12),2),IF(OR(LEFT(UPPER(D12),6)="SUPRES",LEFT(UPPER(D12),4)="DECR"),ROUND(-ABS(E12),2),""))) | M12: =IF(A12="","",IF(COUNTIF(itens_Remanesc!$A$2:$A$200,A12)=0,"ALERTA: ITEM_AUSENTE",IF(COUNTIF(itens_Remanesc!$A$2:$A$200,A12)>1,"ALERTA: ITEM_DUPLICADO",IF(OR(C12="",C12="Fora dos ciclos"),"ALERTA: CICLO_INVALIDO",IF(NOT(ISNUMBER(E12)),"ALERTA: QTD_INVALIDA",IF(AND(LEFT(UPPER(D12),5)<>"ACRES",LEFT(UPPER(D12),6)<>"SUPRES",LEFT(UPPER(D12),4)<>"DECR"),"ALERTA: TIPO_INVALIDO","OK"))))))
C13: =IF(B13="","",IFERROR(IF(AND(B13>=parametros!$C$2,B13<=parametros!$D$2),"C0",IF(AND(B13>=parametros!$C$3,B13<=parametros!$D$3),"C1",IF(AND(B13>=parametros!$C$4,B13<=parametros!$D$4),"C2",IF(AND(B13>=parametros!$C$5,B13<=parametros!$D$5),"C3",IF(AND(B13>=parametros!$C$6,B13<=parametros!$D$6),"C4","Fora dos ciclos"))))),"Fora dos ciclos")) | F13: =IF(A13="","",IFERROR(VLOOKUP(A13,itens_Remanesc!$A:$C,3,0),"")) | G13: =IF(OR(E13="",F13=""),"",ROUND(E13*F13,2)) | I13: =IFERROR(VLOOKUP(C13,parametros!$B:$F,5,0),"") | J13: =IF(OR(L13="",F13=""),"",ROUND(L13*F13*IF(AND(UPPER(H13)="SIM",ISNUMBER(I13)),I13,1),2)) | L13: =IF(OR(A13="",C13="",D13="",NOT(ISNUMBER(E13))),"",IF(LEFT(UPPER(D13),5)="ACRES",ROUND(ABS(E13),2),IF(OR(LEFT(UPPER(D13),6)="SUPRES",LEFT(UPPER(D13),4)="DECR"),ROUND(-ABS(E13),2),""))) | M13: =IF(A13="","",IF(COUNTIF(itens_Remanesc!$A$2:$A$200,A13)=0,"ALERTA: ITEM_AUSENTE",IF(COUNTIF(itens_Remanesc!$A$2:$A$200,A13)>1,"ALERTA: ITEM_DUPLICADO",IF(OR(C13="",C13="Fora dos ciclos"),"ALERTA: CICLO_INVALIDO",IF(NOT(ISNUMBER(E13)),"ALERTA: QTD_INVALIDA",IF(AND(LEFT(UPPER(D13),5)<>"ACRES",LEFT(UPPER(D13),6)<>"SUPRES",LEFT(UPPER(D13),4)<>"DECR"),"ALERTA: TIPO_INVALIDO","OK"))))))
C14: =IF(B14="","",IFERROR(IF(AND(B14>=parametros!$C$2,B14<=parametros!$D$2),"C0",IF(AND(B14>=parametros!$C$3,B14<=parametros!$D$3),"C1",IF(AND(B14>=parametros!$C$4,B14<=parametros!$D$4),"C2",IF(AND(B14>=parametros!$C$5,B14<=parametros!$D$5),"C3",IF(AND(B14>=parametros!$C$6,B14<=parametros!$D$6),"C4","Fora dos ciclos"))))),"Fora dos ciclos")) | F14: =IF(A14="","",IFERROR(VLOOKUP(A14,itens_Remanesc!$A:$C,3,0),"")) | G14: =IF(OR(E14="",F14=""),"",ROUND(E14*F14,2)) | I14: =IFERROR(VLOOKUP(C14,parametros!$B:$F,5,0),"") | J14: =IF(OR(L14="",F14=""),"",ROUND(L14*F14*IF(AND(UPPER(H14)="SIM",ISNUMBER(I14)),I14,1),2)) | L14: =IF(OR(A14="",C14="",D14="",NOT(ISNUMBER(E14))),"",IF(LEFT(UPPER(D14),5)="ACRES",ROUND(ABS(E14),2),IF(OR(LEFT(UPPER(D14),6)="SUPRES",LEFT(UPPER(D14),4)="DECR"),ROUND(-ABS(E14),2),""))) | M14: =IF(A14="","",IF(COUNTIF(itens_Remanesc!$A$2:$A$200,A14)=0,"ALERTA: ITEM_AUSENTE",IF(COUNTIF(itens_Remanesc!$A$2:$A$200,A14)>1,"ALERTA: ITEM_DUPLICADO",IF(OR(C14="",C14="Fora dos ciclos"),"ALERTA: CICLO_INVALIDO",IF(NOT(ISNUMBER(E14)),"ALERTA: QTD_INVALIDA",IF(AND(LEFT(UPPER(D14),5)<>"ACRES",LEFT(UPPER(D14),6)<>"SUPRES",LEFT(UPPER(D14),4)<>"DECR"),"ALERTA: TIPO_INVALIDO","OK"))))))
C15: =IF(B15="","",IFERROR(IF(AND(B15>=parametros!$C$2,B15<=parametros!$D$2),"C0",IF(AND(B15>=parametros!$C$3,B15<=parametros!$D$3),"C1",IF(AND(B15>=parametros!$C$4,B15<=parametros!$D$4),"C2",IF(AND(B15>=parametros!$C$5,B15<=parametros!$D$5),"C3",IF(AND(B15>=parametros!$C$6,B15<=parametros!$D$6),"C4","Fora dos ciclos"))))),"Fora dos ciclos")) | F15: =IF(A15="","",IFERROR(VLOOKUP(A15,itens_Remanesc!$A:$C,3,0),"")) | G15: =IF(OR(E15="",F15=""),"",ROUND(E15*F15,2)) | I15: =IFERROR(VLOOKUP(C15,parametros!$B:$F,5,0),"") | J15: =IF(OR(L15="",F15=""),"",ROUND(L15*F15*IF(AND(UPPER(H15)="SIM",ISNUMBER(I15)),I15,1),2)) | L15: =IF(OR(A15="",C15="",D15="",NOT(ISNUMBER(E15))),"",IF(LEFT(UPPER(D15),5)="ACRES",ROUND(ABS(E15),2),IF(OR(LEFT(UPPER(D15),6)="SUPRES",LEFT(UPPER(D15),4)="DECR"),ROUND(-ABS(E15),2),""))) | M15: =IF(A15="","",IF(COUNTIF(itens_Remanesc!$A$2:$A$200,A15)=0,"ALERTA: ITEM_AUSENTE",IF(COUNTIF(itens_Remanesc!$A$2:$A$200,A15)>1,"ALERTA: ITEM_DUPLICADO",IF(OR(C15="",C15="Fora dos ciclos"),"ALERTA: CICLO_INVALIDO",IF(NOT(ISNUMBER(E15)),"ALERTA: QTD_INVALIDA",IF(AND(LEFT(UPPER(D15),5)<>"ACRES",LEFT(UPPER(D15),6)<>"SUPRES",LEFT(UPPER(D15),4)<>"DECR"),"ALERTA: TIPO_INVALIDO","OK"))))))
C16: =IF(B16="","",IFERROR(IF(AND(B16>=parametros!$C$2,B16<=parametros!$D$2),"C0",IF(AND(B16>=parametros!$C$3,B16<=parametros!$D$3),"C1",IF(AND(B16>=parametros!$C$4,B16<=parametros!$D$4),"C2",IF(AND(B16>=parametros!$C$5,B16<=parametros!$D$5),"C3",IF(AND(B16>=parametros!$C$6,B16<=parametros!$D$6),"C4","Fora dos ciclos"))))),"Fora dos ciclos")) | F16: =IF(A16="","",IFERROR(VLOOKUP(A16,itens_Remanesc!$A:$C,3,0),"")) | G16: =IF(OR(E16="",F16=""),"",ROUND(E16*F16,2)) | I16: =IFERROR(VLOOKUP(C16,parametros!$B:$F,5,0),"") | J16: =IF(OR(L16="",F16=""),"",ROUND(L16*F16*IF(AND(UPPER(H16)="SIM",ISNUMBER(I16)),I16,1),2)) | L16: =IF(OR(A16="",C16="",D16="",NOT(ISNUMBER(E16))),"",IF(LEFT(UPPER(D16),5)="ACRES",ROUND(ABS(E16),2),IF(OR(LEFT(UPPER(D16),6)="SUPRES",LEFT(UPPER(D16),4)="DECR"),ROUND(-ABS(E16),2),""))) | M16: =IF(A16="","",IF(COUNTIF(itens_Remanesc!$A$2:$A$200,A16)=0,"ALERTA: ITEM_AUSENTE",IF(COUNTIF(itens_Remanesc!$A$2:$A$200,A16)>1,"ALERTA: ITEM_DUPLICADO",IF(OR(C16="",C16="Fora dos ciclos"),"ALERTA: CICLO_INVALIDO",IF(NOT(ISNUMBER(E16)),"ALERTA: QTD_INVALIDA",IF(AND(LEFT(UPPER(D16),5)<>"ACRES",LEFT(UPPER(D16),6)<>"SUPRES",LEFT(UPPER(D16),4)<>"DECR"),"ALERTA: TIPO_INVALIDO","OK"))))))
C17: =IF(B17="","",IFERROR(IF(AND(B17>=parametros!$C$2,B17<=parametros!$D$2),"C0",IF(AND(B17>=parametros!$C$3,B17<=parametros!$D$3),"C1",IF(AND(B17>=parametros!$C$4,B17<=parametros!$D$4),"C2",IF(AND(B17>=parametros!$C$5,B17<=parametros!$D$5),"C3",IF(AND(B17>=parametros!$C$6,B17<=parametros!$D$6),"C4","Fora dos ciclos"))))),"Fora dos ciclos")) | F17: =IF(A17="","",IFERROR(VLOOKUP(A17,itens_Remanesc!$A:$C,3,0),"")) | G17: =IF(OR(E17="",F17=""),"",ROUND(E17*F17,2)) | I17: =IFERROR(VLOOKUP(C17,parametros!$B:$F,5,0),"") | J17: =IF(OR(L17="",F17=""),"",ROUND(L17*F17*IF(AND(UPPER(H17)="SIM",ISNUMBER(I17)),I17,1),2)) | L17: =IF(OR(A17="",C17="",D17="",NOT(ISNUMBER(E17))),"",IF(LEFT(UPPER(D17),5)="ACRES",ROUND(ABS(E17),2),IF(OR(LEFT(UPPER(D17),6)="SUPRES",LEFT(UPPER(D17),4)="DECR"),ROUND(-ABS(E17),2),""))) | M17: =IF(A17="","",IF(COUNTIF(itens_Remanesc!$A$2:$A$200,A17)=0,"ALERTA: ITEM_AUSENTE",IF(COUNTIF(itens_Remanesc!$A$2:$A$200,A17)>1,"ALERTA: ITEM_DUPLICADO",IF(OR(C17="",C17="Fora dos ciclos"),"ALERTA: CICLO_INVALIDO",IF(NOT(ISNUMBER(E17)),"ALERTA: QTD_INVALIDA",IF(AND(LEFT(UPPER(D17),5)<>"ACRES",LEFT(UPPER(D17),6)<>"SUPRES",LEFT(UPPER(D17),4)<>"DECR"),"ALERTA: TIPO_INVALIDO","OK"))))))
... C200: =IF(B200="","",IFERROR(IF(AND(B200>=parametros!$C$2,B200<=parametros!$D$2),"C0",IF(AND(B200>=parametros!$C$3,B200<=parametros!$D$3),"C1",IF(AND(B200>=parametros!$C$4,B200<=parametros!$D$4),"C2",IF(AND(B200>=parametros!$C$5,B200<=parametros!$D$5),"C3",IF(AND(B200>=parametros!$C$6,B200<=parametros!$D$6),"C4","Fora dos ciclos"))))),"Fora dos ciclos")) | F200: =IF(A200="","",IFERROR(VLOOKUP(A200,itens_Remanesc!$A:$C,3,0),"")) | G200: =IF(OR(E200="",F200=""),"",ROUND(E200*F200,2)) | I200: =IFERROR(VLOOKUP(C200,parametros!$B:$F,5,0),"") | J200: =IF(OR(L200="",F200=""),"",ROUND(L200*F200*IF(AND(UPPER(H200)="SIM",ISNUMBER(I200)),I200,1),2)) | L200: =IF(OR(A200="",C200="",D200="",NOT(ISNUMBER(E200))),"",IF(LEFT(UPPER(D200),5)="ACRES",ROUND(ABS(E200),2),IF(OR(LEFT(UPPER(D200),6)="SUPRES",LEFT(UPPER(D200),4)="DECR"),ROUND(-ABS(E200),2),""))) | M200: =IF(A200="","",IF(COUNTIF(itens_Remanesc!$A$2:$A$200,A200)=0,"ALERTA: ITEM_AUSENTE",IF(COUNTIF(itens_Remanesc!$A$2:$A$200,A200)>1,"ALERTA: ITEM_DUPLICADO",IF(OR(C200="",C200="Fora dos ciclos"),"ALERTA: CICLO_INVALIDO",IF(NOT(ISNUMBER(E200)),"ALERTA: QTD_INVALIDA",IF(AND(LEFT(UPPER(D200),5)<>"ACRES",LEFT(UPPER(D200),6)<>"SUPRES",LEFT(UPPER(D200),4)<>"DECR"),"ALERTA: TIPO_INVALIDO","OK"))))))

Sheet posicao_contratual
A1: ITEM | B1: VU_ORIGINAL | C1: QTD_BASE_ORIGINAL | D1: DELTA_C0 | E1: QTD_CONTRATADA_C0 | F1: QTD_REM_BASE_C0 | G1: QTD_REM_AJUSTADA_C0 | H1: DELTA_C1 | I1: QTD_CONTRATADA_C1 | J1: QTD_REM_BASE_C1 | K1: QTD_REM_AJUSTADA_C1 | L1: DELTA_C2 | M1: QTD_CONTRATADA_C2 | N1: QTD_REM_BASE_C2 | O1: QTD_REM_AJUSTADA_C2 | P1: DELTA_C3 | Q1: QTD_CONTRATADA_C3 | R1: QTD_REM_BASE_C3 | S1: QTD_REM_AJUSTADA_C3 | T1: DELTA_C4 | U1: QTD_CONTRATADA_C4 | V1: QTD_REM_BASE_C4 | W1: QTD_REM_AJUSTADA_C4 | X1: CHECK_POSICAO_CONTRATUAL
A2: =IF(itens_Remanesc!A2="","",itens_Remanesc!A2) -> ITEM-001 | B2: =IF(A2="","",itens_Remanesc!C2) -> 250 | C2: =IF(A2="","",itens_Remanesc!B2) -> 120 | D2: =IF(A2="","",ROUND(SUMIFS(aditivos!$L$2:$L$200,aditivos!$A$2:$A$200,A2,aditivos!$C$2:$C$200,"C0"),2)) -> 0 | E2: =IF(A2="","",ROUND(C2+D2,2)) -> 120 | F2: =IF(A2="","",IF(itens_Remanesc!B2="","",itens_Remanesc!B2)) -> 120 | G2: =IF(A2="","",E2) -> 120 | H2: =IF(A2="","",ROUND(SUMIFS(aditivos!$L$2:$L$200,aditivos!$A$2:$A$200,A2,aditivos!$C$2:$C$200,"C1"),2)) -> 10 | I2: =IF(A2="","",ROUND(E2+H2,2)) -> 130 | J2: =IF(A2="","",IF(itens_Remanesc!E2="","",itens_Remanesc!E2)) -> 120 | K2: =IF(OR(A2="",J2=""),"",ROUND(J2,2)) -> 120 | L2: =IF(A2="","",ROUND(SUMIFS(aditivos!$L$2:$L$200,aditivos!$A$2:$A$200,A2,aditivos!$C$2:$C$200,"C2"),2)) -> 0 | M2: =IF(A2="","",ROUND(I2+L2,2)) -> 130 | N2: =IF(A2="","",IF(itens_Remanesc!G2="","",itens_Remanesc!G2)) -> 120 | O2: =IF(OR(A2="",N2=""),"",ROUND(N2,2)) -> 120 | P2: =IF(A2="","",ROUND(SUMIFS(aditivos!$L$2:$L$200,aditivos!$A$2:$A$200,A2,aditivos!$C$2:$C$200,"C3"),2)) -> 0 | Q2: =IF(A2="","",ROUND(M2+P2,2)) -> 130 | R2: =IF(A2="","",IF(itens_Remanesc!I2="","",itens_Remanesc!I2)) -> 120 | S2: =IF(OR(A2="",R2=""),"",ROUND(R2,2)) -> 120 | T2: =IF(A2="","",ROUND(SUMIFS(aditivos!$L$2:$L$200,aditivos!$A$2:$A$200,A2,aditivos!$C$2:$C$200,"C4"),2)) -> 0 | U2: =IF(A2="","",ROUND(Q2+T2,2)) -> 130 | V2: =IF(A2="","",IF(itens_Remanesc!K2="","",itens_Remanesc!K2)) -> 120 | W2: =IF(OR(A2="",V2=""),"",ROUND(V2,2)) -> 120 | X2: =IF(A2="","",IF(COUNTIF($A$2:$A$200,A2)>1,"ALERTA: ITEM_DUPLICADO",IF(MIN(E2,I2,M2,Q2,U2,G2,K2,O2,S2,W2)<0,"ALERTA: POSICAO_NEGATIVA",IF(OR(AND(G2<>"",G2>E2),AND(K2<>"",K2>I2),AND(O2<>"",O2>M2),AND(S2<>"",S2>Q2),AND(W2<>"",W2>U2)),"ALERTA: REMANESCENTE_SUPERA_POSICAO","OK")))) -> OK
A3: =IF(itens_Remanesc!A3="","",itens_Remanesc!A3) -> ITEM-002 | B3: =IF(A3="","",itens_Remanesc!C3) -> 1500 | C3: =IF(A3="","",itens_Remanesc!B3) -> 80 | D3: =IF(A3="","",ROUND(SUMIFS(aditivos!$L$2:$L$200,aditivos!$A$2:$A$200,A3,aditivos!$C$2:$C$200,"C0"),2)) -> 0 | E3: =IF(A3="","",ROUND(C3+D3,2)) -> 80 | F3: =IF(A3="","",IF(itens_Remanesc!B3="","",itens_Remanesc!B3)) -> 80 | G3: =IF(A3="","",E3) -> 80 | H3: =IF(A3="","",ROUND(SUMIFS(aditivos!$L$2:$L$200,aditivos!$A$2:$A$200,A3,aditivos!$C$2:$C$200,"C1"),2)) -> 0 | I3: =IF(A3="","",ROUND(E3+H3,2)) -> 80 | J3: =IF(A3="","",IF(itens_Remanesc!E3="","",itens_Remanesc!E3)) -> 80 | K3: =IF(OR(A3="",J3=""),"",ROUND(J3,2)) -> 80 | L3: =IF(A3="","",ROUND(SUMIFS(aditivos!$L$2:$L$200,aditivos!$A$2:$A$200,A3,aditivos!$C$2:$C$200,"C2"),2)) -> 0 | M3: =IF(A3="","",ROUND(I3+L3,2)) -> 80 | N3: =IF(A3="","",IF(itens_Remanesc!G3="","",itens_Remanesc!G3)) -> 80 | O3: =IF(OR(A3="",N3=""),"",ROUND(N3,2)) -> 80 | P3: =IF(A3="","",ROUND(SUMIFS(aditivos!$L$2:$L$200,aditivos!$A$2:$A$200,A3,aditivos!$C$2:$C$200,"C3"),2)) -> 0 | Q3: =IF(A3="","",ROUND(M3+P3,2)) -> 80 | R3: =IF(A3="","",IF(itens_Remanesc!I3="","",itens_Remanesc!I3)) -> 80 | S3: =IF(OR(A3="",R3=""),"",ROUND(R3,2)) -> 80 | T3: =IF(A3="","",ROUND(SUMIFS(aditivos!$L$2:$L$200,aditivos!$A$2:$A$200,A3,aditivos!$C$2:$C$200,"C4"),2)) -> 0 | U3: =IF(A3="","",ROUND(Q3+T3,2)) -> 80 | V3: =IF(A3="","",IF(itens_Remanesc!K3="","",itens_Remanesc!K3)) -> 80 | W3: =IF(OR(A3="",V3=""),"",ROUND(V3,2)) -> 80 | X3: =IF(A3="","",IF(COUNTIF($A$2:$A$200,A3)>1,"ALERTA: ITEM_DUPLICADO",IF(MIN(E3,I3,M3,Q3,U3,G3,K3,O3,S3,W3)<0,"ALERTA: POSICAO_NEGATIVA",IF(OR(AND(G3<>"",G3>E3),AND(K3<>"",K3>I3),AND(O3<>"",O3>M3),AND(S3<>"",S3>Q3),AND(W3<>"",W3>U3)),"ALERTA: REMANESCENTE_SUPERA_POSICAO","OK")))) -> OK
A4: =IF(itens_Remanesc!A4="","",itens_Remanesc!A4) -> ITEM-003 | B4: =IF(A4="","",itens_Remanesc!C4) -> 3200 | C4: =IF(A4="","",itens_Remanesc!B4) -> 40 | D4: =IF(A4="","",ROUND(SUMIFS(aditivos!$L$2:$L$200,aditivos!$A$2:$A$200,A4,aditivos!$C$2:$C$200,"C0"),2)) -> 0 | E4: =IF(A4="","",ROUND(C4+D4,2)) -> 40 | F4: =IF(A4="","",IF(itens_Remanesc!B4="","",itens_Remanesc!B4)) -> 40 | G4: =IF(A4="","",E4) -> 40 | H4: =IF(A4="","",ROUND(SUMIFS(aditivos!$L$2:$L$200,aditivos!$A$2:$A$200,A4,aditivos!$C$2:$C$200,"C1"),2)) -> 0 | I4: =IF(A4="","",ROUND(E4+H4,2)) -> 40 | J4: =IF(A4="","",IF(itens_Remanesc!E4="","",itens_Remanesc!E4)) -> 40 | K4: =IF(OR(A4="",J4=""),"",ROUND(J4,2)) -> 40 | L4: =IF(A4="","",ROUND(SUMIFS(aditivos!$L$2:$L$200,aditivos!$A$2:$A$200,A4,aditivos!$C$2:$C$200,"C2"),2)) -> 0 | M4: =IF(A4="","",ROUND(I4+L4,2)) -> 40 | N4: =IF(A4="","",IF(itens_Remanesc!G4="","",itens_Remanesc!G4)) -> 40 | O4: =IF(OR(A4="",N4=""),"",ROUND(N4,2)) -> 40 | P4: =IF(A4="","",ROUND(SUMIFS(aditivos!$L$2:$L$200,aditivos!$A$2:$A$200,A4,aditivos!$C$2:$C$200,"C3"),2)) -> 0 | Q4: =IF(A4="","",ROUND(M4+P4,2)) -> 40 | R4: =IF(A4="","",IF(itens_Remanesc!I4="","",itens_Remanesc!I4)) -> 40 | S4: =IF(OR(A4="",R4=""),"",ROUND(R4,2)) -> 40 | T4: =IF(A4="","",ROUND(SUMIFS(aditivos!$L$2:$L$200,aditivos!$A$2:$A$200,A4,aditivos!$C$2:$C$200,"C4"),2)) -> 0 | U4: =IF(A4="","",ROUND(Q4+T4,2)) -> 40 | V4: =IF(A4="","",IF(itens_Remanesc!K4="","",itens_Remanesc!K4)) -> 40 | W4: =IF(OR(A4="",V4=""),"",ROUND(V4,2)) -> 40 | X4: =IF(A4="","",IF(COUNTIF($A$2:$A$200,A4)>1,"ALERTA: ITEM_DUPLICADO",IF(MIN(E4,I4,M4,Q4,U4,G4,K4,O4,S4,W4)<0,"ALERTA: POSICAO_NEGATIVA",IF(OR(AND(G4<>"",G4>E4),AND(K4<>"",K4>I4),AND(O4<>"",O4>M4),AND(S4<>"",S4>Q4),AND(W4<>"",W4>U4)),"ALERTA: REMANESCENTE_SUPERA_POSICAO","OK")))) -> OK
A5: =IF(itens_Remanesc!A5="","",itens_Remanesc!A5) | B5: =IF(A5="","",itens_Remanesc!C5) | C5: =IF(A5="","",itens_Remanesc!B5) | D5: =IF(A5="","",ROUND(SUMIFS(aditivos!$L$2:$L$200,aditivos!$A$2:$A$200,A5,aditivos!$C$2:$C$200,"C0"),2)) | E5: =IF(A5="","",ROUND(C5+D5,2)) | F5: =IF(A5="","",IF(itens_Remanesc!B5="","",itens_Remanesc!B5)) | G5: =IF(A5="","",E5) | H5: =IF(A5="","",ROUND(SUMIFS(aditivos!$L$2:$L$200,aditivos!$A$2:$A$200,A5,aditivos!$C$2:$C$200,"C1"),2)) | I5: =IF(A5="","",ROUND(E5+H5,2)) | J5: =IF(A5="","",IF(itens_Remanesc!E5="","",itens_Remanesc!E5)) | K5: =IF(OR(A5="",J5=""),"",ROUND(J5,2)) | L5: =IF(A5="","",ROUND(SUMIFS(aditivos!$L$2:$L$200,aditivos!$A$2:$A$200,A5,aditivos!$C$2:$C$200,"C2"),2)) | M5: =IF(A5="","",ROUND(I5+L5,2)) | N5: =IF(A5="","",IF(itens_Remanesc!G5="","",itens_Remanesc!G5)) | O5: =IF(OR(A5="",N5=""),"",ROUND(N5,2)) | P5: =IF(A5="","",ROUND(SUMIFS(aditivos!$L$2:$L$200,aditivos!$A$2:$A$200,A5,aditivos!$C$2:$C$200,"C3"),2)) | Q5: =IF(A5="","",ROUND(M5+P5,2)) | R5: =IF(A5="","",IF(itens_Remanesc!I5="","",itens_Remanesc!I5)) | S5: =IF(OR(A5="",R5=""),"",ROUND(R5,2)) | T5: =IF(A5="","",ROUND(SUMIFS(aditivos!$L$2:$L$200,aditivos!$A$2:$A$200,A5,aditivos!$C$2:$C$200,"C4"),2)) | U5: =IF(A5="","",ROUND(Q5+T5,2)) | V5: =IF(A5="","",IF(itens_Remanesc!K5="","",itens_Remanesc!K5)) | W5: =IF(OR(A5="",V5=""),"",ROUND(V5,2)) | X5: =IF(A5="","",IF(COUNTIF($A$2:$A$200,A5)>1,"ALERTA: ITEM_DUPLICADO",IF(MIN(E5,I5,M5,Q5,U5,G5,K5,O5,S5,W5)<0,"ALERTA: POSICAO_NEGATIVA",IF(OR(AND(G5<>"",G5>E5),AND(K5<>"",K5>I5),AND(O5<>"",O5>M5),AND(S5<>"",S5>Q5),AND(W5<>"",W5>U5)),"ALERTA: REMANESCENTE_SUPERA_POSICAO","OK"))))
A6: =IF(itens_Remanesc!A6="","",itens_Remanesc!A6) | B6: =IF(A6="","",itens_Remanesc!C6) | C6: =IF(A6="","",itens_Remanesc!B6) | D6: =IF(A6="","",ROUND(SUMIFS(aditivos!$L$2:$L$200,aditivos!$A$2:$A$200,A6,aditivos!$C$2:$C$200,"C0"),2)) | E6: =IF(A6="","",ROUND(C6+D6,2)) | F6: =IF(A6="","",IF(itens_Remanesc!B6="","",itens_Remanesc!B6)) | G6: =IF(A6="","",E6) | H6: =IF(A6="","",ROUND(SUMIFS(aditivos!$L$2:$L$200,aditivos!$A$2:$A$200,A6,aditivos!$C$2:$C$200,"C1"),2)) | I6: =IF(A6="","",ROUND(E6+H6,2)) | J6: =IF(A6="","",IF(itens_Remanesc!E6="","",itens_Remanesc!E6)) | K6: =IF(OR(A6="",J6=""),"",ROUND(J6,2)) | L6: =IF(A6="","",ROUND(SUMIFS(aditivos!$L$2:$L$200,aditivos!$A$2:$A$200,A6,aditivos!$C$2:$C$200,"C2"),2)) | M6: =IF(A6="","",ROUND(I6+L6,2)) | N6: =IF(A6="","",IF(itens_Remanesc!G6="","",itens_Remanesc!G6)) | O6: =IF(OR(A6="",N6=""),"",ROUND(N6,2)) | P6: =IF(A6="","",ROUND(SUMIFS(aditivos!$L$2:$L$200,aditivos!$A$2:$A$200,A6,aditivos!$C$2:$C$200,"C3"),2)) | Q6: =IF(A6="","",ROUND(M6+P6,2)) | R6: =IF(A6="","",IF(itens_Remanesc!I6="","",itens_Remanesc!I6)) | S6: =IF(OR(A6="",R6=""),"",ROUND(R6,2)) | T6: =IF(A6="","",ROUND(SUMIFS(aditivos!$L$2:$L$200,aditivos!$A$2:$A$200,A6,aditivos!$C$2:$C$200,"C4"),2)) | U6: =IF(A6="","",ROUND(Q6+T6,2)) | V6: =IF(A6="","",IF(itens_Remanesc!K6="","",itens_Remanesc!K6)) | W6: =IF(OR(A6="",V6=""),"",ROUND(V6,2)) | X6: =IF(A6="","",IF(COUNTIF($A$2:$A$200,A6)>1,"ALERTA: ITEM_DUPLICADO",IF(MIN(E6,I6,M6,Q6,U6,G6,K6,O6,S6,W6)<0,"ALERTA: POSICAO_NEGATIVA",IF(OR(AND(G6<>"",G6>E6),AND(K6<>"",K6>I6),AND(O6<>"",O6>M6),AND(S6<>"",S6>Q6),AND(W6<>"",W6>U6)),"ALERTA: REMANESCENTE_SUPERA_POSICAO","OK"))))
A7: =IF(itens_Remanesc!A7="","",itens_Remanesc!A7) | B7: =IF(A7="","",itens_Remanesc!C7) | C7: =IF(A7="","",itens_Remanesc!B7) | D7: =IF(A7="","",ROUND(SUMIFS(aditivos!$L$2:$L$200,aditivos!$A$2:$A$200,A7,aditivos!$C$2:$C$200,"C0"),2)) | E7: =IF(A7="","",ROUND(C7+D7,2)) | F7: =IF(A7="","",IF(itens_Remanesc!B7="","",itens_Remanesc!B7)) | G7: =IF(A7="","",E7) | H7: =IF(A7="","",ROUND(SUMIFS(aditivos!$L$2:$L$200,aditivos!$A$2:$A$200,A7,aditivos!$C$2:$C$200,"C1"),2)) | I7: =IF(A7="","",ROUND(E7+H7,2)) | J7: =IF(A7="","",IF(itens_Remanesc!E7="","",itens_Remanesc!E7)) | K7: =IF(OR(A7="",J7=""),"",ROUND(J7,2)) | L7: =IF(A7="","",ROUND(SUMIFS(aditivos!$L$2:$L$200,aditivos!$A$2:$A$200,A7,aditivos!$C$2:$C$200,"C2"),2)) | M7: =IF(A7="","",ROUND(I7+L7,2)) | N7: =IF(A7="","",IF(itens_Remanesc!G7="","",itens_Remanesc!G7)) | O7: =IF(OR(A7="",N7=""),"",ROUND(N7,2)) | P7: =IF(A7="","",ROUND(SUMIFS(aditivos!$L$2:$L$200,aditivos!$A$2:$A$200,A7,aditivos!$C$2:$C$200,"C3"),2)) | Q7: =IF(A7="","",ROUND(M7+P7,2)) | R7: =IF(A7="","",IF(itens_Remanesc!I7="","",itens_Remanesc!I7)) | S7: =IF(OR(A7="",R7=""),"",ROUND(R7,2)) | T7: =IF(A7="","",ROUND(SUMIFS(aditivos!$L$2:$L$200,aditivos!$A$2:$A$200,A7,aditivos!$C$2:$C$200,"C4"),2)) | U7: =IF(A7="","",ROUND(Q7+T7,2)) | V7: =IF(A7="","",IF(itens_Remanesc!K7="","",itens_Remanesc!K7)) | W7: =IF(OR(A7="",V7=""),"",ROUND(V7,2)) | X7: =IF(A7="","",IF(COUNTIF($A$2:$A$200,A7)>1,"ALERTA: ITEM_DUPLICADO",IF(MIN(E7,I7,M7,Q7,U7,G7,K7,O7,S7,W7)<0,"ALERTA: POSICAO_NEGATIVA",IF(OR(AND(G7<>"",G7>E7),AND(K7<>"",K7>I7),AND(O7<>"",O7>M7),AND(S7<>"",S7>Q7),AND(W7<>"",W7>U7)),"ALERTA: REMANESCENTE_SUPERA_POSICAO","OK"))))
A8: =IF(itens_Remanesc!A8="","",itens_Remanesc!A8) | B8: =IF(A8="","",itens_Remanesc!C8) | C8: =IF(A8="","",itens_Remanesc!B8) | D8: =IF(A8="","",ROUND(SUMIFS(aditivos!$L$2:$L$200,aditivos!$A$2:$A$200,A8,aditivos!$C$2:$C$200,"C0"),2)) | E8: =IF(A8="","",ROUND(C8+D8,2)) | F8: =IF(A8="","",IF(itens_Remanesc!B8="","",itens_Remanesc!B8)) | G8: =IF(A8="","",E8) | H8: =IF(A8="","",ROUND(SUMIFS(aditivos!$L$2:$L$200,aditivos!$A$2:$A$200,A8,aditivos!$C$2:$C$200,"C1"),2)) | I8: =IF(A8="","",ROUND(E8+H8,2)) | J8: =IF(A8="","",IF(itens_Remanesc!E8="","",itens_Remanesc!E8)) | K8: =IF(OR(A8="",J8=""),"",ROUND(J8,2)) | L8: =IF(A8="","",ROUND(SUMIFS(aditivos!$L$2:$L$200,aditivos!$A$2:$A$200,A8,aditivos!$C$2:$C$200,"C2"),2)) | M8: =IF(A8="","",ROUND(I8+L8,2)) | N8: =IF(A8="","",IF(itens_Remanesc!G8="","",itens_Remanesc!G8)) | O8: =IF(OR(A8="",N8=""),"",ROUND(N8,2)) | P8: =IF(A8="","",ROUND(SUMIFS(aditivos!$L$2:$L$200,aditivos!$A$2:$A$200,A8,aditivos!$C$2:$C$200,"C3"),2)) | Q8: =IF(A8="","",ROUND(M8+P8,2)) | R8: =IF(A8="","",IF(itens_Remanesc!I8="","",itens_Remanesc!I8)) | S8: =IF(OR(A8="",R8=""),"",ROUND(R8,2)) | T8: =IF(A8="","",ROUND(SUMIFS(aditivos!$L$2:$L$200,aditivos!$A$2:$A$200,A8,aditivos!$C$2:$C$200,"C4"),2)) | U8: =IF(A8="","",ROUND(Q8+T8,2)) | V8: =IF(A8="","",IF(itens_Remanesc!K8="","",itens_Remanesc!K8)) | W8: =IF(OR(A8="",V8=""),"",ROUND(V8,2)) | X8: =IF(A8="","",IF(COUNTIF($A$2:$A$200,A8)>1,"ALERTA: ITEM_DUPLICADO",IF(MIN(E8,I8,M8,Q8,U8,G8,K8,O8,S8,W8)<0,"ALERTA: POSICAO_NEGATIVA",IF(OR(AND(G8<>"",G8>E8),AND(K8<>"",K8>I8),AND(O8<>"",O8>M8),AND(S8<>"",S8>Q8),AND(W8<>"",W8>U8)),"ALERTA: REMANESCENTE_SUPERA_POSICAO","OK"))))
A9: =IF(itens_Remanesc!A9="","",itens_Remanesc!A9) | B9: =IF(A9="","",itens_Remanesc!C9) | C9: =IF(A9="","",itens_Remanesc!B9) | D9: =IF(A9="","",ROUND(SUMIFS(aditivos!$L$2:$L$200,aditivos!$A$2:$A$200,A9,aditivos!$C$2:$C$200,"C0"),2)) | E9: =IF(A9="","",ROUND(C9+D9,2)) | F9: =IF(A9="","",IF(itens_Remanesc!B9="","",itens_Remanesc!B9)) | G9: =IF(A9="","",E9) | H9: =IF(A9="","",ROUND(SUMIFS(aditivos!$L$2:$L$200,aditivos!$A$2:$A$200,A9,aditivos!$C$2:$C$200,"C1"),2)) | I9: =IF(A9="","",ROUND(E9+H9,2)) | J9: =IF(A9="","",IF(itens_Remanesc!E9="","",itens_Remanesc!E9)) | K9: =IF(OR(A9="",J9=""),"",ROUND(J9,2)) | L9: =IF(A9="","",ROUND(SUMIFS(aditivos!$L$2:$L$200,aditivos!$A$2:$A$200,A9,aditivos!$C$2:$C$200,"C2"),2)) | M9: =IF(A9="","",ROUND(I9+L9,2)) | N9: =IF(A9="","",IF(itens_Remanesc!G9="","",itens_Remanesc!G9)) | O9: =IF(OR(A9="",N9=""),"",ROUND(N9,2)) | P9: =IF(A9="","",ROUND(SUMIFS(aditivos!$L$2:$L$200,aditivos!$A$2:$A$200,A9,aditivos!$C$2:$C$200,"C3"),2)) | Q9: =IF(A9="","",ROUND(M9+P9,2)) | R9: =IF(A9="","",IF(itens_Remanesc!I9="","",itens_Remanesc!I9)) | S9: =IF(OR(A9="",R9=""),"",ROUND(R9,2)) | T9: =IF(A9="","",ROUND(SUMIFS(aditivos!$L$2:$L$200,aditivos!$A$2:$A$200,A9,aditivos!$C$2:$C$200,"C4"),2)) | U9: =IF(A9="","",ROUND(Q9+T9,2)) | V9: =IF(A9="","",IF(itens_Remanesc!K9="","",itens_Remanesc!K9)) | W9: =IF(OR(A9="",V9=""),"",ROUND(V9,2)) | X9: =IF(A9="","",IF(COUNTIF($A$2:$A$200,A9)>1,"ALERTA: ITEM_DUPLICADO",IF(MIN(E9,I9,M9,Q9,U9,G9,K9,O9,S9,W9)<0,"ALERTA: POSICAO_NEGATIVA",IF(OR(AND(G9<>"",G9>E9),AND(K9<>"",K9>I9),AND(O9<>"",O9>M9),AND(S9<>"",S9>Q9),AND(W9<>"",W9>U9)),"ALERTA: REMANESCENTE_SUPERA_POSICAO","OK"))))
A10: =IF(itens_Remanesc!A10="","",itens_Remanesc!A10) | B10: =IF(A10="","",itens_Remanesc!C10) | C10: =IF(A10="","",itens_Remanesc!B10) | D10: =IF(A10="","",ROUND(SUMIFS(aditivos!$L$2:$L$200,aditivos!$A$2:$A$200,A10,aditivos!$C$2:$C$200,"C0"),2)) | E10: =IF(A10="","",ROUND(C10+D10,2)) | F10: =IF(A10="","",IF(itens_Remanesc!B10="","",itens_Remanesc!B10)) | G10: =IF(A10="","",E10) | H10: =IF(A10="","",ROUND(SUMIFS(aditivos!$L$2:$L$200,aditivos!$A$2:$A$200,A10,aditivos!$C$2:$C$200,"C1"),2)) | I10: =IF(A10="","",ROUND(E10+H10,2)) | J10: =IF(A10="","",IF(itens_Remanesc!E10="","",itens_Remanesc!E10)) | K10: =IF(OR(A10="",J10=""),"",ROUND(J10,2)) | L10: =IF(A10="","",ROUND(SUMIFS(aditivos!$L$2:$L$200,aditivos!$A$2:$A$200,A10,aditivos!$C$2:$C$200,"C2"),2)) | M10: =IF(A10="","",ROUND(I10+L10,2)) | N10: =IF(A10="","",IF(itens_Remanesc!G10="","",itens_Remanesc!G10)) | O10: =IF(OR(A10="",N10=""),"",ROUND(N10,2)) | P10: =IF(A10="","",ROUND(SUMIFS(aditivos!$L$2:$L$200,aditivos!$A$2:$A$200,A10,aditivos!$C$2:$C$200,"C3"),2)) | Q10: =IF(A10="","",ROUND(M10+P10,2)) | R10: =IF(A10="","",IF(itens_Remanesc!I10="","",itens_Remanesc!I10)) | S10: =IF(OR(A10="",R10=""),"",ROUND(R10,2)) | T10: =IF(A10="","",ROUND(SUMIFS(aditivos!$L$2:$L$200,aditivos!$A$2:$A$200,A10,aditivos!$C$2:$C$200,"C4"),2)) | U10: =IF(A10="","",ROUND(Q10+T10,2)) | V10: =IF(A10="","",IF(itens_Remanesc!K10="","",itens_Remanesc!K10)) | W10: =IF(OR(A10="",V10=""),"",ROUND(V10,2)) | X10: =IF(A10="","",IF(COUNTIF($A$2:$A$200,A10)>1,"ALERTA: ITEM_DUPLICADO",IF(MIN(E10,I10,M10,Q10,U10,G10,K10,O10,S10,W10)<0,"ALERTA: POSICAO_NEGATIVA",IF(OR(AND(G10<>"",G10>E10),AND(K10<>"",K10>I10),AND(O10<>"",O10>M10),AND(S10<>"",S10>Q10),AND(W10<>"",W10>U10)),"ALERTA: REMANESCENTE_SUPERA_POSICAO","OK"))))
A11: =IF(itens_Remanesc!A11="","",itens_Remanesc!A11) | B11: =IF(A11="","",itens_Remanesc!C11) | C11: =IF(A11="","",itens_Remanesc!B11) | D11: =IF(A11="","",ROUND(SUMIFS(aditivos!$L$2:$L$200,aditivos!$A$2:$A$200,A11,aditivos!$C$2:$C$200,"C0"),2)) | E11: =IF(A11="","",ROUND(C11+D11,2)) | F11: =IF(A11="","",IF(itens_Remanesc!B11="","",itens_Remanesc!B11)) | G11: =IF(A11="","",E11) | H11: =IF(A11="","",ROUND(SUMIFS(aditivos!$L$2:$L$200,aditivos!$A$2:$A$200,A11,aditivos!$C$2:$C$200,"C1"),2)) | I11: =IF(A11="","",ROUND(E11+H11,2)) | J11: =IF(A11="","",IF(itens_Remanesc!E11="","",itens_Remanesc!E11)) | K11: =IF(OR(A11="",J11=""),"",ROUND(J11,2)) | L11: =IF(A11="","",ROUND(SUMIFS(aditivos!$L$2:$L$200,aditivos!$A$2:$A$200,A11,aditivos!$C$2:$C$200,"C2"),2)) | M11: =IF(A11="","",ROUND(I11+L11,2)) | N11: =IF(A11="","",IF(itens_Remanesc!G11="","",itens_Remanesc!G11)) | O11: =IF(OR(A11="",N11=""),"",ROUND(N11,2)) | P11: =IF(A11="","",ROUND(SUMIFS(aditivos!$L$2:$L$200,aditivos!$A$2:$A$200,A11,aditivos!$C$2:$C$200,"C3"),2)) | Q11: =IF(A11="","",ROUND(M11+P11,2)) | R11: =IF(A11="","",IF(itens_Remanesc!I11="","",itens_Remanesc!I11)) | S11: =IF(OR(A11="",R11=""),"",ROUND(R11,2)) | T11: =IF(A11="","",ROUND(SUMIFS(aditivos!$L$2:$L$200,aditivos!$A$2:$A$200,A11,aditivos!$C$2:$C$200,"C4"),2)) | U11: =IF(A11="","",ROUND(Q11+T11,2)) | V11: =IF(A11="","",IF(itens_Remanesc!K11="","",itens_Remanesc!K11)) | W11: =IF(OR(A11="",V11=""),"",ROUND(V11,2)) | X11: =IF(A11="","",IF(COUNTIF($A$2:$A$200,A11)>1,"ALERTA: ITEM_DUPLICADO",IF(MIN(E11,I11,M11,Q11,U11,G11,K11,O11,S11,W11)<0,"ALERTA: POSICAO_NEGATIVA",IF(OR(AND(G11<>"",G11>E11),AND(K11<>"",K11>I11),AND(O11<>"",O11>M11),AND(S11<>"",S11>Q11),AND(W11<>"",W11>U11)),"ALERTA: REMANESCENTE_SUPERA_POSICAO","OK"))))
A12: =IF(itens_Remanesc!A12="","",itens_Remanesc!A12) | B12: =IF(A12="","",itens_Remanesc!C12) | C12: =IF(A12="","",itens_Remanesc!B12) | D12: =IF(A12="","",ROUND(SUMIFS(aditivos!$L$2:$L$200,aditivos!$A$2:$A$200,A12,aditivos!$C$2:$C$200,"C0"),2)) | E12: =IF(A12="","",ROUND(C12+D12,2)) | F12: =IF(A12="","",IF(itens_Remanesc!B12="","",itens_Remanesc!B12)) | G12: =IF(A12="","",E12) | H12: =IF(A12="","",ROUND(SUMIFS(aditivos!$L$2:$L$200,aditivos!$A$2:$A$200,A12,aditivos!$C$2:$C$200,"C1"),2)) | I12: =IF(A12="","",ROUND(E12+H12,2)) | J12: =IF(A12="","",IF(itens_Remanesc!E12="","",itens_Remanesc!E12)) | K12: =IF(OR(A12="",J12=""),"",ROUND(J12,2)) | L12: =IF(A12="","",ROUND(SUMIFS(aditivos!$L$2:$L$200,aditivos!$A$2:$A$200,A12,aditivos!$C$2:$C$200,"C2"),2)) | M12: =IF(A12="","",ROUND(I12+L12,2)) | N12: =IF(A12="","",IF(itens_Remanesc!G12="","",itens_Remanesc!G12)) | O12: =IF(OR(A12="",N12=""),"",ROUND(N12,2)) | P12: =IF(A12="","",ROUND(SUMIFS(aditivos!$L$2:$L$200,aditivos!$A$2:$A$200,A12,aditivos!$C$2:$C$200,"C3"),2)) | Q12: =IF(A12="","",ROUND(M12+P12,2)) | R12: =IF(A12="","",IF(itens_Remanesc!I12="","",itens_Remanesc!I12)) | S12: =IF(OR(A12="",R12=""),"",ROUND(R12,2)) | T12: =IF(A12="","",ROUND(SUMIFS(aditivos!$L$2:$L$200,aditivos!$A$2:$A$200,A12,aditivos!$C$2:$C$200,"C4"),2)) | U12: =IF(A12="","",ROUND(Q12+T12,2)) | V12: =IF(A12="","",IF(itens_Remanesc!K12="","",itens_Remanesc!K12)) | W12: =IF(OR(A12="",V12=""),"",ROUND(V12,2)) | X12: =IF(A12="","",IF(COUNTIF($A$2:$A$200,A12)>1,"ALERTA: ITEM_DUPLICADO",IF(MIN(E12,I12,M12,Q12,U12,G12,K12,O12,S12,W12)<0,"ALERTA: POSICAO_NEGATIVA",IF(OR(AND(G12<>"",G12>E12),AND(K12<>"",K12>I12),AND(O12<>"",O12>M12),AND(S12<>"",S12>Q12),AND(W12<>"",W12>U12)),"ALERTA: REMANESCENTE_SUPERA_POSICAO","OK"))))
A13: =IF(itens_Remanesc!A13="","",itens_Remanesc!A13) | B13: =IF(A13="","",itens_Remanesc!C13) | C13: =IF(A13="","",itens_Remanesc!B13) | D13: =IF(A13="","",ROUND(SUMIFS(aditivos!$L$2:$L$200,aditivos!$A$2:$A$200,A13,aditivos!$C$2:$C$200,"C0"),2)) | E13: =IF(A13="","",ROUND(C13+D13,2)) | F13: =IF(A13="","",IF(itens_Remanesc!B13="","",itens_Remanesc!B13)) | G13: =IF(A13="","",E13) | H13: =IF(A13="","",ROUND(SUMIFS(aditivos!$L$2:$L$200,aditivos!$A$2:$A$200,A13,aditivos!$C$2:$C$200,"C1"),2)) | I13: =IF(A13="","",ROUND(E13+H13,2)) | J13: =IF(A13="","",IF(itens_Remanesc!E13="","",itens_Remanesc!E13)) | K13: =IF(OR(A13="",J13=""),"",ROUND(J13,2)) | L13: =IF(A13="","",ROUND(SUMIFS(aditivos!$L$2:$L$200,aditivos!$A$2:$A$200,A13,aditivos!$C$2:$C$200,"C2"),2)) | M13: =IF(A13="","",ROUND(I13+L13,2)) | N13: =IF(A13="","",IF(itens_Remanesc!G13="","",itens_Remanesc!G13)) | O13: =IF(OR(A13="",N13=""),"",ROUND(N13,2)) | P13: =IF(A13="","",ROUND(SUMIFS(aditivos!$L$2:$L$200,aditivos!$A$2:$A$200,A13,aditivos!$C$2:$C$200,"C3"),2)) | Q13: =IF(A13="","",ROUND(M13+P13,2)) | R13: =IF(A13="","",IF(itens_Remanesc!I13="","",itens_Remanesc!I13)) | S13: =IF(OR(A13="",R13=""),"",ROUND(R13,2)) | T13: =IF(A13="","",ROUND(SUMIFS(aditivos!$L$2:$L$200,aditivos!$A$2:$A$200,A13,aditivos!$C$2:$C$200,"C4"),2)) | U13: =IF(A13="","",ROUND(Q13+T13,2)) | V13: =IF(A13="","",IF(itens_Remanesc!K13="","",itens_Remanesc!K13)) | W13: =IF(OR(A13="",V13=""),"",ROUND(V13,2)) | X13: =IF(A13="","",IF(COUNTIF($A$2:$A$200,A13)>1,"ALERTA: ITEM_DUPLICADO",IF(MIN(E13,I13,M13,Q13,U13,G13,K13,O13,S13,W13)<0,"ALERTA: POSICAO_NEGATIVA",IF(OR(AND(G13<>"",G13>E13),AND(K13<>"",K13>I13),AND(O13<>"",O13>M13),AND(S13<>"",S13>Q13),AND(W13<>"",W13>U13)),"ALERTA: REMANESCENTE_SUPERA_POSICAO","OK"))))
... A200: =IF(itens_Remanesc!A200="","",itens_Remanesc!A200) | B200: =IF(A200="","",itens_Remanesc!C200) | C200: =IF(A200="","",itens_Remanesc!B200) | D200: =IF(A200="","",ROUND(SUMIFS(aditivos!$L$2:$L$200,aditivos!$A$2:$A$200,A200,aditivos!$C$2:$C$200,"C0"),2)) | E200: =IF(A200="","",ROUND(C200+D200,2)) | F200: =IF(A200="","",IF(itens_Remanesc!B200="","",itens_Remanesc!B200)) | G200: =IF(A200="","",E200) | H200: =IF(A200="","",ROUND(SUMIFS(aditivos!$L$2:$L$200,aditivos!$A$2:$A$200,A200,aditivos!$C$2:$C$200,"C1"),2)) | I200: =IF(A200="","",ROUND(E200+H200,2)) | J200: =IF(A200="","",IF(itens_Remanesc!E200="","",itens_Remanesc!E200)) | K200: =IF(OR(A200="",J200=""),"",ROUND(J200,2)) | L200: =IF(A200="","",ROUND(SUMIFS(aditivos!$L$2:$L$200,aditivos!$A$2:$A$200,A200,aditivos!$C$2:$C$200,"C2"),2)) | M200: =IF(A200="","",ROUND(I200+L200,2)) | N200: =IF(A200="","",IF(itens_Remanesc!G200="","",itens_Remanesc!G200)) | O200: =IF(OR(A200="",N200=""),"",ROUND(N200,2)) | P200: =IF(A200="","",ROUND(SUMIFS(aditivos!$L$2:$L$200,aditivos!$A$2:$A$200,A200,aditivos!$C$2:$C$200,"C3"),2)) | Q200: =IF(A200="","",ROUND(M200+P200,2)) | R200: =IF(A200="","",IF(itens_Remanesc!I200="","",itens_Remanesc!I200)) | S200: =IF(OR(A200="",R200=""),"",ROUND(R200,2)) | T200: =IF(A200="","",ROUND(SUMIFS(aditivos!$L$2:$L$200,aditivos!$A$2:$A$200,A200,aditivos!$C$2:$C$200,"C4"),2)) | U200: =IF(A200="","",ROUND(Q200+T200,2)) | V200: =IF(A200="","",IF(itens_Remanesc!K200="","",itens_Remanesc!K200)) | W200: =IF(OR(A200="",V200=""),"",ROUND(V200,2)) | X200: =IF(A200="","",IF(COUNTIF($A$2:$A$200,A200)>1,"ALERTA: ITEM_DUPLICADO",IF(MIN(E200,I200,M200,Q200,U200,G200,K200,O200,S200,W200)<0,"ALERTA: POSICAO_NEGATIVA",IF(OR(AND(G200<>"",G200>E200),AND(K200<>"",K200>I200),AND(O200<>"",O200>M200),AND(S200<>"",S200>Q200),AND(W200<>"",W200>U200)),"ALERTA: REMANESCENTE_SUPERA_POSICAO","OK"))))

Sheet itens_RC
A1: Item | B1: C0 | E1: C1 | H1: C2 | K1: C3 | N1: C4
B2: VU atualizado | C2: Qtd restante | D2: Total R$ | E2: VU atualizado | F2: Qtd restante | G2: Total R$ | H2: VU atualizado | I2: Qtd restante | J2: Total R$ | K2: VU atualizado | L2: Qtd restante | M2: Total R$ | N2: VU atualizado | O2: Qtd restante | P2: Total R$
A3: =IF(FALSE,"TOTAL",IF(itens_Remanesc!A2="","",itens_Remanesc!A2)) -> ITEM-001 | B3: =IF(OR(itens_Remanesc!A2="",NOT(ISNUMBER(parametros!$F$2))),"",ROUND(itens_Remanesc!C2*parametros!$F$2,2)) -> 250 | C3: =IF(posicao_contratual!A2="","",posicao_contratual!G2) -> 120 | D3: =IF(A3="TOTAL",ROUND(SUM($D2:D$3),2),IF(A3="","",ROUND(B3*C3,2))) -> 30000 | E3: =IF(OR(itens_Remanesc!A2="",NOT(ISNUMBER(parametros!$F$3))),"",ROUND(itens_Remanesc!C2*parametros!$F$3,2)) -> 262.8 | F3: =IF(posicao_contratual!A2="","",posicao_contratual!K2) -> 120 | G3: =IF(A3="TOTAL",ROUND(SUM($G2:G$3),2),IF(OR(A3="",E3="",F3=""),"",ROUND(E3*F3,2))) -> 31536 | H3: =IF(OR(itens_Remanesc!A2="",NOT(ISNUMBER(parametros!$F$4))),"",ROUND(itens_Remanesc!C2*parametros!$F$4,2)) -> 272.63 | I3: =IF(posicao_contratual!A2="","",posicao_contratual!O2) -> 120 | J3: =IF(A3="TOTAL",ROUND(SUM($J2:J$3),2),IF(OR(A3="",H3="",I3=""),"",ROUND(H3*I3,2))) -> 32715.6 | K3: =IF(OR(itens_Remanesc!A2="",NOT(ISNUMBER(parametros!$F$5))),"",ROUND(itens_Remanesc!C2*parametros!$F$5,2)) -> 280.51 | L3: =IF(posicao_contratual!A2="","",posicao_contratual!S2) -> 120 | M3: =IF(A3="TOTAL",ROUND(SUM($M2:M$3),2),IF(OR(A3="",K3="",L3=""),"",ROUND(K3*L3,2))) -> 33661.2 | N3: =IF(OR(itens_Remanesc!A2="",NOT(ISNUMBER(parametros!$F$6))),"",ROUND(itens_Remanesc!C2*parametros!$F$6,2)) | O3: =IF(posicao_contratual!A2="","",posicao_contratual!W2) -> 120 | P3: =IF(A3="TOTAL",ROUND(SUM($P2:P$3),2),IF(OR(A3="",N3="",O3=""),"",ROUND(N3*O3,2)))
A4: =IF(AND(itens_Remanesc!A3="",itens_Remanesc!A2<>"",COUNTIF(itens_Remanesc!A4:$A$200,"<>")=0),"TOTAL",IF(itens_Remanesc!A3="","",itens_Remanesc!A3)) -> ITEM-002 | B4: =IF(OR(itens_Remanesc!A3="",NOT(ISNUMBER(parametros!$F$2))),"",ROUND(itens_Remanesc!C3*parametros!$F$2,2)) -> 1500 | C4: =IF(posicao_contratual!A3="","",posicao_contratual!G3) -> 80 | D4: =IF(A4="TOTAL",ROUND(SUM($D$3:D3),2),IF(A4="","",ROUND(B4*C4,2))) -> 120000 | E4: =IF(OR(itens_Remanesc!A3="",NOT(ISNUMBER(parametros!$F$3))),"",ROUND(itens_Remanesc!C3*parametros!$F$3,2)) -> 1576.8 | F4: =IF(posicao_contratual!A3="","",posicao_contratual!K3) -> 80 | G4: =IF(A4="TOTAL",ROUND(SUM($G$3:G3),2),IF(OR(A4="",E4="",F4=""),"",ROUND(E4*F4,2))) -> 126144 | H4: =IF(OR(itens_Remanesc!A3="",NOT(ISNUMBER(parametros!$F$4))),"",ROUND(itens_Remanesc!C3*parametros!$F$4,2)) -> 1635.77 | I4: =IF(posicao_contratual!A3="","",posicao_contratual!O3) -> 80 | J4: =IF(A4="TOTAL",ROUND(SUM($J$3:J3),2),IF(OR(A4="",H4="",I4=""),"",ROUND(H4*I4,2))) -> 130861.6 | K4: =IF(OR(itens_Remanesc!A3="",NOT(ISNUMBER(parametros!$F$5))),"",ROUND(itens_Remanesc!C3*parametros!$F$5,2)) -> 1683.05 | L4: =IF(posicao_contratual!A3="","",posicao_contratual!S3) -> 80 | M4: =IF(A4="TOTAL",ROUND(SUM($M$3:M3),2),IF(OR(A4="",K4="",L4=""),"",ROUND(K4*L4,2))) -> 134644 | N4: =IF(OR(itens_Remanesc!A3="",NOT(ISNUMBER(parametros!$F$6))),"",ROUND(itens_Remanesc!C3*parametros!$F$6,2)) | O4: =IF(posicao_contratual!A3="","",posicao_contratual!W3) -> 80 | P4: =IF(A4="TOTAL",ROUND(SUM($P$3:P3),2),IF(OR(A4="",N4="",O4=""),"",ROUND(N4*O4,2)))
A5: =IF(AND(itens_Remanesc!A4="",itens_Remanesc!A3<>"",COUNTIF(itens_Remanesc!A5:$A$200,"<>")=0),"TOTAL",IF(itens_Remanesc!A4="","",itens_Remanesc!A4)) -> ITEM-003 | B5: =IF(OR(itens_Remanesc!A4="",NOT(ISNUMBER(parametros!$F$2))),"",ROUND(itens_Remanesc!C4*parametros!$F$2,2)) -> 3200 | C5: =IF(posicao_contratual!A4="","",posicao_contratual!G4) -> 40 | D5: =IF(A5="TOTAL",ROUND(SUM($D$3:D4),2),IF(A5="","",ROUND(B5*C5,2))) -> 128000 | E5: =IF(OR(itens_Remanesc!A4="",NOT(ISNUMBER(parametros!$F$3))),"",ROUND(itens_Remanesc!C4*parametros!$F$3,2)) -> 3363.84 | F5: =IF(posicao_contratual!A4="","",posicao_contratual!K4) -> 40 | G5: =IF(A5="TOTAL",ROUND(SUM($G$3:G4),2),IF(OR(A5="",E5="",F5=""),"",ROUND(E5*F5,2))) -> 134553.6 | H5: =IF(OR(itens_Remanesc!A4="",NOT(ISNUMBER(parametros!$F$4))),"",ROUND(itens_Remanesc!C4*parametros!$F$4,2)) -> 3489.65 | I5: =IF(posicao_contratual!A4="","",posicao_contratual!O4) -> 40 | J5: =IF(A5="TOTAL",ROUND(SUM($J$3:J4),2),IF(OR(A5="",H5="",I5=""),"",ROUND(H5*I5,2))) -> 139586 | K5: =IF(OR(itens_Remanesc!A4="",NOT(ISNUMBER(parametros!$F$5))),"",ROUND(itens_Remanesc!C4*parametros!$F$5,2)) -> 3590.5 | L5: =IF(posicao_contratual!A4="","",posicao_contratual!S4) -> 40 | M5: =IF(A5="TOTAL",ROUND(SUM($M$3:M4),2),IF(OR(A5="",K5="",L5=""),"",ROUND(K5*L5,2))) -> 143620 | N5: =IF(OR(itens_Remanesc!A4="",NOT(ISNUMBER(parametros!$F$6))),"",ROUND(itens_Remanesc!C4*parametros!$F$6,2)) | O5: =IF(posicao_contratual!A4="","",posicao_contratual!W4) -> 40 | P5: =IF(A5="TOTAL",ROUND(SUM($P$3:P4),2),IF(OR(A5="",N5="",O5=""),"",ROUND(N5*O5,2)))
A6: =IF(AND(itens_Remanesc!A5="",itens_Remanesc!A4<>"",COUNTIF(itens_Remanesc!A6:$A$200,"<>")=0),"TOTAL",IF(itens_Remanesc!A5="","",itens_Remanesc!A5)) -> TOTAL | B6: =IF(OR(itens_Remanesc!A5="",NOT(ISNUMBER(parametros!$F$2))),"",ROUND(itens_Remanesc!C5*parametros!$F$2,2)) | C6: =IF(posicao_contratual!A5="","",posicao_contratual!G5) | D6: =IF(A6="TOTAL",ROUND(SUM($D$3:D5),2),IF(A6="","",ROUND(B6*C6,2))) -> 278000 | E6: =IF(OR(itens_Remanesc!A5="",NOT(ISNUMBER(parametros!$F$3))),"",ROUND(itens_Remanesc!C5*parametros!$F$3,2)) | F6: =IF(posicao_contratual!A5="","",posicao_contratual!K5) | G6: =IF(A6="TOTAL",ROUND(SUM($G$3:G5),2),IF(OR(A6="",E6="",F6=""),"",ROUND(E6*F6,2))) -> 292233.6 | H6: =IF(OR(itens_Remanesc!A5="",NOT(ISNUMBER(parametros!$F$4))),"",ROUND(itens_Remanesc!C5*parametros!$F$4,2)) | I6: =IF(posicao_contratual!A5="","",posicao_contratual!O5) | J6: =IF(A6="TOTAL",ROUND(SUM($J$3:J5),2),IF(OR(A6="",H6="",I6=""),"",ROUND(H6*I6,2))) -> 303163.2 | K6: =IF(OR(itens_Remanesc!A5="",NOT(ISNUMBER(parametros!$F$5))),"",ROUND(itens_Remanesc!C5*parametros!$F$5,2)) | L6: =IF(posicao_contratual!A5="","",posicao_contratual!S5) | M6: =IF(A6="TOTAL",ROUND(SUM($M$3:M5),2),IF(OR(A6="",K6="",L6=""),"",ROUND(K6*L6,2))) -> 311925.2 | N6: =IF(OR(itens_Remanesc!A5="",NOT(ISNUMBER(parametros!$F$6))),"",ROUND(itens_Remanesc!C5*parametros!$F$6,2)) | O6: =IF(posicao_contratual!A5="","",posicao_contratual!W5) | P6: =IF(A6="TOTAL",ROUND(SUM($P$3:P5),2),IF(OR(A6="",N6="",O6=""),"",ROUND(N6*O6,2))) -> 0
A7: =IF(AND(itens_Remanesc!A6="",itens_Remanesc!A5<>"",COUNTIF(itens_Remanesc!A7:$A$200,"<>")=0),"TOTAL",IF(itens_Remanesc!A6="","",itens_Remanesc!A6)) | B7: =IF(OR(itens_Remanesc!A6="",NOT(ISNUMBER(parametros!$F$2))),"",ROUND(itens_Remanesc!C6*parametros!$F$2,2)) | C7: =IF(posicao_contratual!A6="","",posicao_contratual!G6) | D7: =IF(A7="TOTAL",ROUND(SUM($D$3:D6),2),IF(A7="","",ROUND(B7*C7,2))) | E7: =IF(OR(itens_Remanesc!A6="",NOT(ISNUMBER(parametros!$F$3))),"",ROUND(itens_Remanesc!C6*parametros!$F$3,2)) | F7: =IF(posicao_contratual!A6="","",posicao_contratual!K6) | G7: =IF(A7="TOTAL",ROUND(SUM($G$3:G6),2),IF(OR(A7="",E7="",F7=""),"",ROUND(E7*F7,2))) | H7: =IF(OR(itens_Remanesc!A6="",NOT(ISNUMBER(parametros!$F$4))),"",ROUND(itens_Remanesc!C6*parametros!$F$4,2)) | I7: =IF(posicao_contratual!A6="","",posicao_contratual!O6) | J7: =IF(A7="TOTAL",ROUND(SUM($J$3:J6),2),IF(OR(A7="",H7="",I7=""),"",ROUND(H7*I7,2))) | K7: =IF(OR(itens_Remanesc!A6="",NOT(ISNUMBER(parametros!$F$5))),"",ROUND(itens_Remanesc!C6*parametros!$F$5,2)) | L7: =IF(posicao_contratual!A6="","",posicao_contratual!S6) | M7: =IF(A7="TOTAL",ROUND(SUM($M$3:M6),2),IF(OR(A7="",K7="",L7=""),"",ROUND(K7*L7,2))) | N7: =IF(OR(itens_Remanesc!A6="",NOT(ISNUMBER(parametros!$F$6))),"",ROUND(itens_Remanesc!C6*parametros!$F$6,2)) | O7: =IF(posicao_contratual!A6="","",posicao_contratual!W6) | P7: =IF(A7="TOTAL",ROUND(SUM($P$3:P6),2),IF(OR(A7="",N7="",O7=""),"",ROUND(N7*O7,2)))
A8: =IF(AND(itens_Remanesc!A7="",itens_Remanesc!A6<>"",COUNTIF(itens_Remanesc!A8:$A$200,"<>")=0),"TOTAL",IF(itens_Remanesc!A7="","",itens_Remanesc!A7)) | B8: =IF(OR(itens_Remanesc!A7="",NOT(ISNUMBER(parametros!$F$2))),"",ROUND(itens_Remanesc!C7*parametros!$F$2,2)) | C8: =IF(posicao_contratual!A7="","",posicao_contratual!G7) | D8: =IF(A8="TOTAL",ROUND(SUM($D$3:D7),2),IF(A8="","",ROUND(B8*C8,2))) | E8: =IF(OR(itens_Remanesc!A7="",NOT(ISNUMBER(parametros!$F$3))),"",ROUND(itens_Remanesc!C7*parametros!$F$3,2)) | F8: =IF(posicao_contratual!A7="","",posicao_contratual!K7) | G8: =IF(A8="TOTAL",ROUND(SUM($G$3:G7),2),IF(OR(A8="",E8="",F8=""),"",ROUND(E8*F8,2))) | H8: =IF(OR(itens_Remanesc!A7="",NOT(ISNUMBER(parametros!$F$4))),"",ROUND(itens_Remanesc!C7*parametros!$F$4,2)) | I8: =IF(posicao_contratual!A7="","",posicao_contratual!O7) | J8: =IF(A8="TOTAL",ROUND(SUM($J$3:J7),2),IF(OR(A8="",H8="",I8=""),"",ROUND(H8*I8,2))) | K8: =IF(OR(itens_Remanesc!A7="",NOT(ISNUMBER(parametros!$F$5))),"",ROUND(itens_Remanesc!C7*parametros!$F$5,2)) | L8: =IF(posicao_contratual!A7="","",posicao_contratual!S7) | M8: =IF(A8="TOTAL",ROUND(SUM($M$3:M7),2),IF(OR(A8="",K8="",L8=""),"",ROUND(K8*L8,2))) | N8: =IF(OR(itens_Remanesc!A7="",NOT(ISNUMBER(parametros!$F$6))),"",ROUND(itens_Remanesc!C7*parametros!$F$6,2)) | O8: =IF(posicao_contratual!A7="","",posicao_contratual!W7) | P8: =IF(A8="TOTAL",ROUND(SUM($P$3:P7),2),IF(OR(A8="",N8="",O8=""),"",ROUND(N8*O8,2)))
A9: =IF(AND(itens_Remanesc!A8="",itens_Remanesc!A7<>"",COUNTIF(itens_Remanesc!A9:$A$200,"<>")=0),"TOTAL",IF(itens_Remanesc!A8="","",itens_Remanesc!A8)) | B9: =IF(OR(itens_Remanesc!A8="",NOT(ISNUMBER(parametros!$F$2))),"",ROUND(itens_Remanesc!C8*parametros!$F$2,2)) | C9: =IF(posicao_contratual!A8="","",posicao_contratual!G8) | D9: =IF(A9="TOTAL",ROUND(SUM($D$3:D8),2),IF(A9="","",ROUND(B9*C9,2))) | E9: =IF(OR(itens_Remanesc!A8="",NOT(ISNUMBER(parametros!$F$3))),"",ROUND(itens_Remanesc!C8*parametros!$F$3,2)) | F9: =IF(posicao_contratual!A8="","",posicao_contratual!K8) | G9: =IF(A9="TOTAL",ROUND(SUM($G$3:G8),2),IF(OR(A9="",E9="",F9=""),"",ROUND(E9*F9,2))) | H9: =IF(OR(itens_Remanesc!A8="",NOT(ISNUMBER(parametros!$F$4))),"",ROUND(itens_Remanesc!C8*parametros!$F$4,2)) | I9: =IF(posicao_contratual!A8="","",posicao_contratual!O8) | J9: =IF(A9="TOTAL",ROUND(SUM($J$3:J8),2),IF(OR(A9="",H9="",I9=""),"",ROUND(H9*I9,2))) | K9: =IF(OR(itens_Remanesc!A8="",NOT(ISNUMBER(parametros!$F$5))),"",ROUND(itens_Remanesc!C8*parametros!$F$5,2)) | L9: =IF(posicao_contratual!A8="","",posicao_contratual!S8) | M9: =IF(A9="TOTAL",ROUND(SUM($M$3:M8),2),IF(OR(A9="",K9="",L9=""),"",ROUND(K9*L9,2))) | N9: =IF(OR(itens_Remanesc!A8="",NOT(ISNUMBER(parametros!$F$6))),"",ROUND(itens_Remanesc!C8*parametros!$F$6,2)) | O9: =IF(posicao_contratual!A8="","",posicao_contratual!W8) | P9: =IF(A9="TOTAL",ROUND(SUM($P$3:P8),2),IF(OR(A9="",N9="",O9=""),"",ROUND(N9*O9,2)))
A10: =IF(AND(itens_Remanesc!A9="",itens_Remanesc!A8<>"",COUNTIF(itens_Remanesc!A10:$A$200,"<>")=0),"TOTAL",IF(itens_Remanesc!A9="","",itens_Remanesc!A9)) | B10: =IF(OR(itens_Remanesc!A9="",NOT(ISNUMBER(parametros!$F$2))),"",ROUND(itens_Remanesc!C9*parametros!$F$2,2)) | C10: =IF(posicao_contratual!A9="","",posicao_contratual!G9) | D10: =IF(A10="TOTAL",ROUND(SUM($D$3:D9),2),IF(A10="","",ROUND(B10*C10,2))) | E10: =IF(OR(itens_Remanesc!A9="",NOT(ISNUMBER(parametros!$F$3))),"",ROUND(itens_Remanesc!C9*parametros!$F$3,2)) | F10: =IF(posicao_contratual!A9="","",posicao_contratual!K9) | G10: =IF(A10="TOTAL",ROUND(SUM($G$3:G9),2),IF(OR(A10="",E10="",F10=""),"",ROUND(E10*F10,2))) | H10: =IF(OR(itens_Remanesc!A9="",NOT(ISNUMBER(parametros!$F$4))),"",ROUND(itens_Remanesc!C9*parametros!$F$4,2)) | I10: =IF(posicao_contratual!A9="","",posicao_contratual!O9) | J10: =IF(A10="TOTAL",ROUND(SUM($J$3:J9),2),IF(OR(A10="",H10="",I10=""),"",ROUND(H10*I10,2))) | K10: =IF(OR(itens_Remanesc!A9="",NOT(ISNUMBER(parametros!$F$5))),"",ROUND(itens_Remanesc!C9*parametros!$F$5,2)) | L10: =IF(posicao_contratual!A9="","",posicao_contratual!S9) | M10: =IF(A10="TOTAL",ROUND(SUM($M$3:M9),2),IF(OR(A10="",K10="",L10=""),"",ROUND(K10*L10,2))) | N10: =IF(OR(itens_Remanesc!A9="",NOT(ISNUMBER(parametros!$F$6))),"",ROUND(itens_Remanesc!C9*parametros!$F$6,2)) | O10: =IF(posicao_contratual!A9="","",posicao_contratual!W9) | P10: =IF(A10="TOTAL",ROUND(SUM($P$3:P9),2),IF(OR(A10="",N10="",O10=""),"",ROUND(N10*O10,2)))
A11: =IF(AND(itens_Remanesc!A10="",itens_Remanesc!A9<>"",COUNTIF(itens_Remanesc!A11:$A$200,"<>")=0),"TOTAL",IF(itens_Remanesc!A10="","",itens_Remanesc!A10)) | B11: =IF(OR(itens_Remanesc!A10="",NOT(ISNUMBER(parametros!$F$2))),"",ROUND(itens_Remanesc!C10*parametros!$F$2,2)) | C11: =IF(posicao_contratual!A10="","",posicao_contratual!G10) | D11: =IF(A11="TOTAL",ROUND(SUM($D$3:D10),2),IF(A11="","",ROUND(B11*C11,2))) | E11: =IF(OR(itens_Remanesc!A10="",NOT(ISNUMBER(parametros!$F$3))),"",ROUND(itens_Remanesc!C10*parametros!$F$3,2)) | F11: =IF(posicao_contratual!A10="","",posicao_contratual!K10) | G11: =IF(A11="TOTAL",ROUND(SUM($G$3:G10),2),IF(OR(A11="",E11="",F11=""),"",ROUND(E11*F11,2))) | H11: =IF(OR(itens_Remanesc!A10="",NOT(ISNUMBER(parametros!$F$4))),"",ROUND(itens_Remanesc!C10*parametros!$F$4,2)) | I11: =IF(posicao_contratual!A10="","",posicao_contratual!O10) | J11: =IF(A11="TOTAL",ROUND(SUM($J$3:J10),2),IF(OR(A11="",H11="",I11=""),"",ROUND(H11*I11,2))) | K11: =IF(OR(itens_Remanesc!A10="",NOT(ISNUMBER(parametros!$F$5))),"",ROUND(itens_Remanesc!C10*parametros!$F$5,2)) | L11: =IF(posicao_contratual!A10="","",posicao_contratual!S10) | M11: =IF(A11="TOTAL",ROUND(SUM($M$3:M10),2),IF(OR(A11="",K11="",L11=""),"",ROUND(K11*L11,2))) | N11: =IF(OR(itens_Remanesc!A10="",NOT(ISNUMBER(parametros!$F$6))),"",ROUND(itens_Remanesc!C10*parametros!$F$6,2)) | O11: =IF(posicao_contratual!A10="","",posicao_contratual!W10) | P11: =IF(A11="TOTAL",ROUND(SUM($P$3:P10),2),IF(OR(A11="",N11="",O11=""),"",ROUND(N11*O11,2)))
A12: =IF(AND(itens_Remanesc!A11="",itens_Remanesc!A10<>"",COUNTIF(itens_Remanesc!A12:$A$200,"<>")=0),"TOTAL",IF(itens_Remanesc!A11="","",itens_Remanesc!A11)) | B12: =IF(OR(itens_Remanesc!A11="",NOT(ISNUMBER(parametros!$F$2))),"",ROUND(itens_Remanesc!C11*parametros!$F$2,2)) | C12: =IF(posicao_contratual!A11="","",posicao_contratual!G11) | D12: =IF(A12="TOTAL",ROUND(SUM($D$3:D11),2),IF(A12="","",ROUND(B12*C12,2))) | E12: =IF(OR(itens_Remanesc!A11="",NOT(ISNUMBER(parametros!$F$3))),"",ROUND(itens_Remanesc!C11*parametros!$F$3,2)) | F12: =IF(posicao_contratual!A11="","",posicao_contratual!K11) | G12: =IF(A12="TOTAL",ROUND(SUM($G$3:G11),2),IF(OR(A12="",E12="",F12=""),"",ROUND(E12*F12,2))) | H12: =IF(OR(itens_Remanesc!A11="",NOT(ISNUMBER(parametros!$F$4))),"",ROUND(itens_Remanesc!C11*parametros!$F$4,2)) | I12: =IF(posicao_contratual!A11="","",posicao_contratual!O11) | J12: =IF(A12="TOTAL",ROUND(SUM($J$3:J11),2),IF(OR(A12="",H12="",I12=""),"",ROUND(H12*I12,2))) | K12: =IF(OR(itens_Remanesc!A11="",NOT(ISNUMBER(parametros!$F$5))),"",ROUND(itens_Remanesc!C11*parametros!$F$5,2)) | L12: =IF(posicao_contratual!A11="","",posicao_contratual!S11) | M12: =IF(A12="TOTAL",ROUND(SUM($M$3:M11),2),IF(OR(A12="",K12="",L12=""),"",ROUND(K12*L12,2))) | N12: =IF(OR(itens_Remanesc!A11="",NOT(ISNUMBER(parametros!$F$6))),"",ROUND(itens_Remanesc!C11*parametros!$F$6,2)) | O12: =IF(posicao_contratual!A11="","",posicao_contratual!W11) | P12: =IF(A12="TOTAL",ROUND(SUM($P$3:P11),2),IF(OR(A12="",N12="",O12=""),"",ROUND(N12*O12,2)))
A13: =IF(AND(itens_Remanesc!A12="",itens_Remanesc!A11<>"",COUNTIF(itens_Remanesc!A13:$A$200,"<>")=0),"TOTAL",IF(itens_Remanesc!A12="","",itens_Remanesc!A12)) | B13: =IF(OR(itens_Remanesc!A12="",NOT(ISNUMBER(parametros!$F$2))),"",ROUND(itens_Remanesc!C12*parametros!$F$2,2)) | C13: =IF(posicao_contratual!A12="","",posicao_contratual!G12) | D13: =IF(A13="TOTAL",ROUND(SUM($D$3:D12),2),IF(A13="","",ROUND(B13*C13,2))) | E13: =IF(OR(itens_Remanesc!A12="",NOT(ISNUMBER(parametros!$F$3))),"",ROUND(itens_Remanesc!C12*parametros!$F$3,2)) | F13: =IF(posicao_contratual!A12="","",posicao_contratual!K12) | G13: =IF(A13="TOTAL",ROUND(SUM($G$3:G12),2),IF(OR(A13="",E13="",F13=""),"",ROUND(E13*F13,2))) | H13: =IF(OR(itens_Remanesc!A12="",NOT(ISNUMBER(parametros!$F$4))),"",ROUND(itens_Remanesc!C12*parametros!$F$4,2)) | I13: =IF(posicao_contratual!A12="","",posicao_contratual!O12) | J13: =IF(A13="TOTAL",ROUND(SUM($J$3:J12),2),IF(OR(A13="",H13="",I13=""),"",ROUND(H13*I13,2))) | K13: =IF(OR(itens_Remanesc!A12="",NOT(ISNUMBER(parametros!$F$5))),"",ROUND(itens_Remanesc!C12*parametros!$F$5,2)) | L13: =IF(posicao_contratual!A12="","",posicao_contratual!S12) | M13: =IF(A13="TOTAL",ROUND(SUM($M$3:M12),2),IF(OR(A13="",K13="",L13=""),"",ROUND(K13*L13,2))) | N13: =IF(OR(itens_Remanesc!A12="",NOT(ISNUMBER(parametros!$F$6))),"",ROUND(itens_Remanesc!C12*parametros!$F$6,2)) | O13: =IF(posicao_contratual!A12="","",posicao_contratual!W12) | P13: =IF(A13="TOTAL",ROUND(SUM($P$3:P12),2),IF(OR(A13="",N13="",O13=""),"",ROUND(N13*O13,2)))
A14: =IF(AND(itens_Remanesc!A13="",itens_Remanesc!A12<>"",COUNTIF(itens_Remanesc!A14:$A$200,"<>")=0),"TOTAL",IF(itens_Remanesc!A13="","",itens_Remanesc!A13)) | B14: =IF(OR(itens_Remanesc!A13="",NOT(ISNUMBER(parametros!$F$2))),"",ROUND(itens_Remanesc!C13*parametros!$F$2,2)) | C14: =IF(posicao_contratual!A13="","",posicao_contratual!G13) | D14: =IF(A14="TOTAL",ROUND(SUM($D$3:D13),2),IF(A14="","",ROUND(B14*C14,2))) | E14: =IF(OR(itens_Remanesc!A13="",NOT(ISNUMBER(parametros!$F$3))),"",ROUND(itens_Remanesc!C13*parametros!$F$3,2)) | F14: =IF(posicao_contratual!A13="","",posicao_contratual!K13) | G14: =IF(A14="TOTAL",ROUND(SUM($G$3:G13),2),IF(OR(A14="",E14="",F14=""),"",ROUND(E14*F14,2))) | H14: =IF(OR(itens_Remanesc!A13="",NOT(ISNUMBER(parametros!$F$4))),"",ROUND(itens_Remanesc!C13*parametros!$F$4,2)) | I14: =IF(posicao_contratual!A13="","",posicao_contratual!O13) | J14: =IF(A14="TOTAL",ROUND(SUM($J$3:J13),2),IF(OR(A14="",H14="",I14=""),"",ROUND(H14*I14,2))) | K14: =IF(OR(itens_Remanesc!A13="",NOT(ISNUMBER(parametros!$F$5))),"",ROUND(itens_Remanesc!C13*parametros!$F$5,2)) | L14: =IF(posicao_contratual!A13="","",posicao_contratual!S13) | M14: =IF(A14="TOTAL",ROUND(SUM($M$3:M13),2),IF(OR(A14="",K14="",L14=""),"",ROUND(K14*L14,2))) | N14: =IF(OR(itens_Remanesc!A13="",NOT(ISNUMBER(parametros!$F$6))),"",ROUND(itens_Remanesc!C13*parametros!$F$6,2)) | O14: =IF(posicao_contratual!A13="","",posicao_contratual!W13) | P14: =IF(A14="TOTAL",ROUND(SUM($P$3:P13),2),IF(OR(A14="",N14="",O14=""),"",ROUND(N14*O14,2)))
A15: =IF(AND(itens_Remanesc!A14="",itens_Remanesc!A13<>"",COUNTIF(itens_Remanesc!A15:$A$200,"<>")=0),"TOTAL",IF(itens_Remanesc!A14="","",itens_Remanesc!A14)) | B15: =IF(OR(itens_Remanesc!A14="",NOT(ISNUMBER(parametros!$F$2))),"",ROUND(itens_Remanesc!C14*parametros!$F$2,2)) | C15: =IF(posicao_contratual!A14="","",posicao_contratual!G14) | D15: =IF(A15="TOTAL",ROUND(SUM($D$3:D14),2),IF(A15="","",ROUND(B15*C15,2))) | E15: =IF(OR(itens_Remanesc!A14="",NOT(ISNUMBER(parametros!$F$3))),"",ROUND(itens_Remanesc!C14*parametros!$F$3,2)) | F15: =IF(posicao_contratual!A14="","",posicao_contratual!K14) | G15: =IF(A15="TOTAL",ROUND(SUM($G$3:G14),2),IF(OR(A15="",E15="",F15=""),"",ROUND(E15*F15,2))) | H15: =IF(OR(itens_Remanesc!A14="",NOT(ISNUMBER(parametros!$F$4))),"",ROUND(itens_Remanesc!C14*parametros!$F$4,2)) | I15: =IF(posicao_contratual!A14="","",posicao_contratual!O14) | J15: =IF(A15="TOTAL",ROUND(SUM($J$3:J14),2),IF(OR(A15="",H15="",I15=""),"",ROUND(H15*I15,2))) | K15: =IF(OR(itens_Remanesc!A14="",NOT(ISNUMBER(parametros!$F$5))),"",ROUND(itens_Remanesc!C14*parametros!$F$5,2)) | L15: =IF(posicao_contratual!A14="","",posicao_contratual!S14) | M15: =IF(A15="TOTAL",ROUND(SUM($M$3:M14),2),IF(OR(A15="",K15="",L15=""),"",ROUND(K15*L15,2))) | N15: =IF(OR(itens_Remanesc!A14="",NOT(ISNUMBER(parametros!$F$6))),"",ROUND(itens_Remanesc!C14*parametros!$F$6,2)) | O15: =IF(posicao_contratual!A14="","",posicao_contratual!W14) | P15: =IF(A15="TOTAL",ROUND(SUM($P$3:P14),2),IF(OR(A15="",N15="",O15=""),"",ROUND(N15*O15,2)))
... A200: =IF(AND(itens_Remanesc!A199="",itens_Remanesc!A198<>"",COUNTIF(itens_Remanesc!A200:$A$200,"<>")=0),"TOTAL",IF(itens_Remanesc!A199="","",itens_Remanesc!A199)) | B200: =IF(OR(itens_Remanesc!A199="",NOT(ISNUMBER(parametros!$F$2))),"",ROUND(itens_Remanesc!C199*parametros!$F$2,2)) | C200: =IF(posicao_contratual!A199="","",posicao_contratual!G199) | D200: =IF(A200="TOTAL",ROUND(SUM($D$3:D199),2),IF(A200="","",ROUND(B200*C200,2))) | E200: =IF(OR(itens_Remanesc!A199="",NOT(ISNUMBER(parametros!$F$3))),"",ROUND(itens_Remanesc!C199*parametros!$F$3,2)) | F200: =IF(posicao_contratual!A199="","",posicao_contratual!K199) | G200: =IF(A200="TOTAL",ROUND(SUM($G$3:G199),2),IF(OR(A200="",E200="",F200=""),"",ROUND(E200*F200,2))) | H200: =IF(OR(itens_Remanesc!A199="",NOT(ISNUMBER(parametros!$F$4))),"",ROUND(itens_Remanesc!C199*parametros!$F$4,2)) | I200: =IF(posicao_contratual!A199="","",posicao_contratual!O199) | J200: =IF(A200="TOTAL",ROUND(SUM($J$3:J199),2),IF(OR(A200="",H200="",I200=""),"",ROUND(H200*I200,2))) | K200: =IF(OR(itens_Remanesc!A199="",NOT(ISNUMBER(parametros!$F$5))),"",ROUND(itens_Remanesc!C199*parametros!$F$5,2)) | L200: =IF(posicao_contratual!A199="","",posicao_contratual!S199) | M200: =IF(A200="TOTAL",ROUND(SUM($M$3:M199),2),IF(OR(A200="",K200="",L200=""),"",ROUND(K200*L200,2))) | N200: =IF(OR(itens_Remanesc!A199="",NOT(ISNUMBER(parametros!$F$6))),"",ROUND(itens_Remanesc!C199*parametros!$F$6,2)) | O200: =IF(posicao_contratual!A199="","",posicao_contratual!W199) | P200: =IF(A200="TOTAL",ROUND(SUM($P$3:P199),2),IF(OR(A200="",N200="",O200=""),"",ROUND(N200*O200,2)))
A201: =IF(AND(itens_Remanesc!A200="",itens_Remanesc!A199<>"",COUNTIF(itens_Remanesc!A$200:$A201,"<>")=0),"TOTAL",IF(itens_Remanesc!A200="","",itens_Remanesc!A200)) | B201: =IF(OR(itens_Remanesc!A200="",NOT(ISNUMBER(parametros!$F$2))),"",ROUND(itens_Remanesc!C200*parametros!$F$2,2)) | C201: =IF(posicao_contratual!A200="","",posicao_contratual!G200) | D201: =IF(A201="TOTAL",ROUND(SUM($D$3:D200),2),IF(A201="","",ROUND(B201*C201,2))) | E201: =IF(OR(itens_Remanesc!A200="",NOT(ISNUMBER(parametros!$F$3))),"",ROUND(itens_Remanesc!C200*parametros!$F$3,2)) | F201: =IF(posicao_contratual!A200="","",posicao_contratual!K200) | G201: =IF(A201="TOTAL",ROUND(SUM($G$3:G200),2),IF(OR(A201="",E201="",F201=""),"",ROUND(E201*F201,2))) | H201: =IF(OR(itens_Remanesc!A200="",NOT(ISNUMBER(parametros!$F$4))),"",ROUND(itens_Remanesc!C200*parametros!$F$4,2)) | I201: =IF(posicao_contratual!A200="","",posicao_contratual!O200) | J201: =IF(A201="TOTAL",ROUND(SUM($J$3:J200),2),IF(OR(A201="",H201="",I201=""),"",ROUND(H201*I201,2))) | K201: =IF(OR(itens_Remanesc!A200="",NOT(ISNUMBER(parametros!$F$5))),"",ROUND(itens_Remanesc!C200*parametros!$F$5,2)) | L201: =IF(posicao_contratual!A200="","",posicao_contratual!S200) | M201: =IF(A201="TOTAL",ROUND(SUM($M$3:M200),2),IF(OR(A201="",K201="",L201=""),"",ROUND(K201*L201,2))) | N201: =IF(OR(itens_Remanesc!A200="",NOT(ISNUMBER(parametros!$F$6))),"",ROUND(itens_Remanesc!C200*parametros!$F$6,2)) | O201: =IF(posicao_contratual!A200="","",posicao_contratual!W200) | P201: =IF(A201="TOTAL",ROUND(SUM($P$3:P200),2),IF(OR(A201="",N201="",O201=""),"",ROUND(N201*O201,2)))
A202: =IF(AND(itens_Remanesc!A201="",itens_Remanesc!A200<>"",COUNTIF(itens_Remanesc!A$200:$A202,"<>")=0),"TOTAL",IF(itens_Remanesc!A201="","",itens_Remanesc!A201)) | B202: =IF(OR(itens_Remanesc!A201="",NOT(ISNUMBER(parametros!$F$2))),"",ROUND(itens_Remanesc!C201*parametros!$F$2,2)) | C202: =IF(posicao_contratual!A201="","",posicao_contratual!G201) | D202: =IF(A202="TOTAL",ROUND(SUM($D$3:D201),2),IF(A202="","",ROUND(B202*C202,2))) | E202: =IF(OR(itens_Remanesc!A201="",NOT(ISNUMBER(parametros!$F$3))),"",ROUND(itens_Remanesc!C201*parametros!$F$3,2)) | F202: =IF(posicao_contratual!A201="","",posicao_contratual!K201) | G202: =IF(A202="TOTAL",ROUND(SUM($G$3:G201),2),IF(OR(A202="",E202="",F202=""),"",ROUND(E202*F202,2))) | H202: =IF(OR(itens_Remanesc!A201="",NOT(ISNUMBER(parametros!$F$4))),"",ROUND(itens_Remanesc!C201*parametros!$F$4,2)) | I202: =IF(posicao_contratual!A201="","",posicao_contratual!O201) | J202: =IF(A202="TOTAL",ROUND(SUM($J$3:J201),2),IF(OR(A202="",H202="",I202=""),"",ROUND(H202*I202,2))) | K202: =IF(OR(itens_Remanesc!A201="",NOT(ISNUMBER(parametros!$F$5))),"",ROUND(itens_Remanesc!C201*parametros!$F$5,2)) | L202: =IF(posicao_contratual!A201="","",posicao_contratual!S201) | M202: =IF(A202="TOTAL",ROUND(SUM($M$3:M201),2),IF(OR(A202="",K202="",L202=""),"",ROUND(K202*L202,2))) | N202: =IF(OR(itens_Remanesc!A201="",NOT(ISNUMBER(parametros!$F$6))),"",ROUND(itens_Remanesc!C201*parametros!$F$6,2)) | O202: =IF(posicao_contratual!A201="","",posicao_contratual!W201) | P202: =IF(A202="TOTAL",ROUND(SUM($P$3:P201),2),IF(OR(A202="",N202="",O202=""),"",ROUND(N202*O202,2)))

Sheet historico_VU
A1: ITEM | B1: QTD_C0 | C1: VU_C0 | D1: VU_C1 | E1: VU_C2 | F1: VU_C3 | G1: VU_C4 | H1: VARIACAO_ACUMULADA | J1: CICLO | K1: FATOR_PROPRIO | L1: FATOR_ACUMULADO | N1: QTD_VIGENTE_C0 | O1: QTD_VIGENTE_C1 | P1: QTD_VIGENTE_C2 | Q1: QTD_VIGENTE_C3 | R1: QTD_VIGENTE_C4 | S1: QTD_REM_AJUSTADA_C0 | T1: QTD_REM_AJUSTADA_C1 | U1: QTD_REM_AJUSTADA_C2 | V1: QTD_REM_AJUSTADA_C3 | W1: QTD_REM_AJUSTADA_C4
A2: =IF(itens_Remanesc!A2="","",itens_Remanesc!A2) -> ITEM-001 | B2: =IF(posicao_contratual!A2="","",posicao_contratual!E2) -> 120 | C2: =IF(itens_Remanesc!A2="","",itens_Remanesc!C2) -> 250 | D2: =IF(OR(A2="",C2="",NOT(ISNUMBER($L$3))),"",ROUND(C2*$L$3,2)) -> 262.8 | E2: =IF(OR(A2="",C2="",NOT(ISNUMBER($L$4))),"",ROUND(C2*$L$4,2)) -> 272.63 | F2: =IF(OR(A2="",C2="",NOT(ISNUMBER($L$5))),"",ROUND(C2*$L$5,2)) -> 280.51 | G2: =IF(OR(A2="",C2="",NOT(ISNUMBER($L$6))),"",ROUND(C2*$L$6,2)) | H2: =IF(OR(A2="",C2="",C2=0,NOT(ISNUMBER($L$6))),"",ROUND($L$6-1,4)) | J2: C0 | K2: =IF(ISNUMBER(parametros!$E$2),parametros!$E$2,"") -> 0 | L2: =IF(ISNUMBER(parametros!$F$2),parametros!$F$2,"") -> 1 | N2: =IF(A2="","",posicao_contratual!E2) -> 120 | O2: =IF(A2="","",posicao_contratual!I2) -> 130 | P2: =IF(A2="","",posicao_contratual!M2) -> 130 | Q2: =IF(A2="","",posicao_contratual!Q2) -> 130 | R2: =IF(A2="","",posicao_contratual!U2) -> 130 | S2: =IF(A2="","",posicao_contratual!G2) -> 120 | T2: =IF(A2="","",posicao_contratual!K2) -> 120 | U2: =IF(A2="","",posicao_contratual!O2) -> 120 | V2: =IF(A2="","",posicao_contratual!S2) -> 120 | W2: =IF(A2="","",posicao_contratual!W2) -> 120
A3: =IF(itens_Remanesc!A3="","",itens_Remanesc!A3) -> ITEM-002 | B3: =IF(posicao_contratual!A3="","",posicao_contratual!E3) -> 80 | C3: =IF(itens_Remanesc!A3="","",itens_Remanesc!C3) -> 1500 | D3: =IF(OR(A3="",C3="",NOT(ISNUMBER($L$3))),"",ROUND(C3*$L$3,2)) -> 1576.8 | E3: =IF(OR(A3="",C3="",NOT(ISNUMBER($L$4))),"",ROUND(C3*$L$4,2)) -> 1635.77 | F3: =IF(OR(A3="",C3="",NOT(ISNUMBER($L$5))),"",ROUND(C3*$L$5,2)) -> 1683.05 | G3: =IF(OR(A3="",C3="",NOT(ISNUMBER($L$6))),"",ROUND(C3*$L$6,2)) | H3: =IF(OR(A3="",C3="",C3=0,NOT(ISNUMBER($L$6))),"",ROUND($L$6-1,4)) | J3: C1 | K3: =IF(ISNUMBER(parametros!$E$3),parametros!$E$3,"") -> 0.0512 | L3: =IF(ISNUMBER(parametros!$F$3),parametros!$F$3,"") -> 1.0512 | N3: =IF(A3="","",posicao_contratual!E3) -> 80 | O3: =IF(A3="","",posicao_contratual!I3) -> 80 | P3: =IF(A3="","",posicao_contratual!M3) -> 80 | Q3: =IF(A3="","",posicao_contratual!Q3) -> 80 | R3: =IF(A3="","",posicao_contratual!U3) -> 80 | S3: =IF(A3="","",posicao_contratual!G3) -> 80 | T3: =IF(A3="","",posicao_contratual!K3) -> 80 | U3: =IF(A3="","",posicao_contratual!O3) -> 80 | V3: =IF(A3="","",posicao_contratual!S3) -> 80 | W3: =IF(A3="","",posicao_contratual!W3) -> 80
